2026-04-21 16:49:19,105 - sqlalchemy.engine.Engine - INFO - select pg_catalog.version()
2026-04-21 16:49:19,106 - sqlalchemy.engine.Engine - INFO - [raw sql] ()
2026-04-21 16:49:19,123 - sqlalchemy.engine.Engine - INFO - select current_schema()
2026-04-21 16:49:19,123 - sqlalchemy.engine.Engine - INFO - [raw sql] ()
2026-04-21 16:49:19,125 - sqlalchemy.engine.Engine - INFO - show standard_conforming_strings
2026-04-21 16:49:19,126 - sqlalchemy.engine.Engine - INFO - [raw sql] ()
2026-04-21 16:49:19,126 - sqlalchemy.engine.Engine - INFO - BEGIN (implicit)
2026-04-21 16:49:19,129 - sqlalchemy.engine.Engine - INFO - SELECT pg_catalog.pg_class.relname 
FROM pg_catalog.pg_class JOIN pg_catalog.pg_namespace ON pg_catalog.pg_namespace.oid = pg_catalog.pg_class.relnamespace 
WHERE pg_catalog.pg_class.relname = $1::VARCHAR AND pg_catalog.pg_class.relkind = ANY (ARRAY[$2::VARCHAR, $3::VARCHAR, $4::VARCHAR, $5::VARCHAR, $6::VARCHAR]) AND pg_catalog.pg_table_is_visible(pg_catalog.pg_class.oid) AND pg_catalog.pg_namespace.nspname != $7::VARCHAR
2026-04-21 16:49:19,130 - sqlalchemy.engine.Engine - INFO - [generated in 0.00035s] ('base_exercise', 'r', 'p', 'f', 'v', 'm', 'pg_catalog')
2026-04-21 16:49:19,160 - sqlalchemy.engine.Engine - INFO - SELECT pg_catalog.pg_class.relname 
FROM pg_catalog.pg_class JOIN pg_catalog.pg_namespace ON pg_catalog.pg_namespace.oid = pg_catalog.pg_class.relnamespace 
WHERE pg_catalog.pg_class.relname = $1::VARCHAR AND pg_catalog.pg_class.relkind = ANY (ARRAY[$2::VARCHAR, $3::VARCHAR, $4::VARCHAR, $5::VARCHAR, $6::VARCHAR]) AND pg_catalog.pg_table_is_visible(pg_catalog.pg_class.oid) AND pg_catalog.pg_namespace.nspname != $7::VARCHAR
2026-04-21 16:49:19,160 - sqlalchemy.engine.Engine - INFO - [cached since 0.03089s ago] ('workoutplan', 'r', 'p', 'f', 'v', 'm', 'pg_catalog')
2026-04-21 16:49:19,161 - sqlalchemy.engine.Engine - INFO - SELECT pg_catalog.pg_class.relname 
FROM pg_catalog.pg_class JOIN pg_catalog.pg_namespace ON pg_catalog.pg_namespace.oid = pg_catalog.pg_class.relnamespace 
WHERE pg_catalog.pg_class.relname = $1::VARCHAR AND pg_catalog.pg_class.relkind = ANY (ARRAY[$2::VARCHAR, $3::VARCHAR, $4::VARCHAR, $5::VARCHAR, $6::VARCHAR]) AND pg_catalog.pg_table_is_visible(pg_catalog.pg_class.oid) AND pg_catalog.pg_namespace.nspname != $7::VARCHAR
2026-04-21 16:49:19,161 - sqlalchemy.engine.Engine - INFO - [cached since 0.03165s ago] ('planexercise', 'r', 'p', 'f', 'v', 'm', 'pg_catalog')
2026-04-21 16:49:19,161 - sqlalchemy.engine.Engine - INFO - SELECT pg_catalog.pg_class.relname 
FROM pg_catalog.pg_class JOIN pg_catalog.pg_namespace ON pg_catalog.pg_namespace.oid = pg_catalog.pg_class.relnamespace 
WHERE pg_catalog.pg_class.relname = $1::VARCHAR AND pg_catalog.pg_class.relkind = ANY (ARRAY[$2::VARCHAR, $3::VARCHAR, $4::VARCHAR, $5::VARCHAR, $6::VARCHAR]) AND pg_catalog.pg_table_is_visible(pg_catalog.pg_class.oid) AND pg_catalog.pg_namespace.nspname != $7::VARCHAR
2026-04-21 16:49:19,161 - sqlalchemy.engine.Engine - INFO - [cached since 0.03217s ago] ('exerciseset', 'r', 'p', 'f', 'v', 'm', 'pg_catalog')
2026-04-21 16:49:19,162 - sqlalchemy.engine.Engine - INFO - SELECT pg_catalog.pg_class.relname 
FROM pg_catalog.pg_class JOIN pg_catalog.pg_namespace ON pg_catalog.pg_namespace.oid = pg_catalog.pg_class.relnamespace 
WHERE pg_catalog.pg_class.relname = $1::VARCHAR AND pg_catalog.pg_class.relkind = ANY (ARRAY[$2::VARCHAR, $3::VARCHAR, $4::VARCHAR, $5::VARCHAR, $6::VARCHAR]) AND pg_catalog.pg_table_is_visible(pg_catalog.pg_class.oid) AND pg_catalog.pg_namespace.nspname != $7::VARCHAR
2026-04-21 16:49:19,162 - sqlalchemy.engine.Engine - INFO - [cached since 0.03268s ago] ('user', 'r', 'p', 'f', 'v', 'm', 'pg_catalog')
2026-04-21 16:49:19,162 - sqlalchemy.engine.Engine - INFO - SELECT pg_catalog.pg_class.relname 
FROM pg_catalog.pg_class JOIN pg_catalog.pg_namespace ON pg_catalog.pg_namespace.oid = pg_catalog.pg_class.relnamespace 
WHERE pg_catalog.pg_class.relname = $1::VARCHAR AND pg_catalog.pg_class.relkind = ANY (ARRAY[$2::VARCHAR, $3::VARCHAR, $4::VARCHAR, $5::VARCHAR, $6::VARCHAR]) AND pg_catalog.pg_table_is_visible(pg_catalog.pg_class.oid) AND pg_catalog.pg_namespace.nspname != $7::VARCHAR
2026-04-21 16:49:19,162 - sqlalchemy.engine.Engine - INFO - [cached since 0.03322s ago] ('memory_summary', 'r', 'p', 'f', 'v', 'm', 'pg_catalog')
2026-04-21 16:49:19,163 - sqlalchemy.engine.Engine - INFO - 
CREATE TABLE memory_summary (
	id SERIAL NOT NULL, 
	session_id VARCHAR NOT NULL, 
	thread_id VARCHAR NOT NULL, 
	scope VARCHAR NOT NULL, 
	source_message_count INTEGER NOT NULL, 
	summary_text VARCHAR NOT NULL, 
	summary_json JSONB, 
	created_at TIMESTAMP WITHOUT TIME ZONE NOT NULL, 
	PRIMARY KEY (id)
)


2026-04-21 16:49:19,163 - sqlalchemy.engine.Engine - INFO - [no key 0.00012s] ()
2026-04-21 16:49:19,241 - sqlalchemy.engine.Engine - INFO - CREATE INDEX ix_memory_summary_created_at ON memory_summary (created_at)
2026-04-21 16:49:19,241 - sqlalchemy.engine.Engine - INFO - [no key 0.00019s] ()
2026-04-21 16:49:19,243 - sqlalchemy.engine.Engine - INFO - CREATE INDEX ix_memory_summary_thread_id ON memory_summary (thread_id)
2026-04-21 16:49:19,243 - sqlalchemy.engine.Engine - INFO - [no key 0.00016s] ()
2026-04-21 16:49:19,244 - sqlalchemy.engine.Engine - INFO - CREATE INDEX ix_memory_summary_scope ON memory_summary (scope)
2026-04-21 16:49:19,244 - sqlalchemy.engine.Engine - INFO - [no key 0.00013s] ()
2026-04-21 16:49:19,247 - sqlalchemy.engine.Engine - INFO - CREATE INDEX ix_memory_summary_session_id ON memory_summary (session_id)
2026-04-21 16:49:19,247 - sqlalchemy.engine.Engine - INFO - [no key 0.00013s] ()
2026-04-21 16:49:19,248 - sqlalchemy.engine.Engine - INFO - COMMIT
2026-04-21 16:50:23,623 - sqlalchemy.engine.Engine - INFO - BEGIN (implicit)
2026-04-21 16:50:23,632 - sqlalchemy.engine.Engine - INFO - SELECT "user".session_id, "user".name, "user".age, "user".height, "user".weight 
FROM "user" 
WHERE "user".session_id = $1::VARCHAR
2026-04-21 16:50:23,632 - sqlalchemy.engine.Engine - INFO - [generated in 0.00026s] ('12A3X',)
2026-04-21 16:50:23,639 - sqlalchemy.engine.Engine - INFO - ROLLBACK
2026-04-21 16:50:27,970 - sqlalchemy.engine.Engine - INFO - BEGIN (implicit)
2026-04-21 16:50:27,971 - sqlalchemy.engine.Engine - INFO - SELECT "user".session_id, "user".name, "user".age, "user".height, "user".weight 
FROM "user" 
WHERE "user".session_id = $1::VARCHAR
2026-04-21 16:50:27,971 - sqlalchemy.engine.Engine - INFO - [cached since 4.338s ago] ('12A3C',)
2026-04-21 16:50:27,973 - sqlalchemy.engine.Engine - INFO - ROLLBACK
2026-04-21 16:50:30,714 - sqlalchemy.engine.Engine - INFO - BEGIN (implicit)
2026-04-21 16:50:30,715 - sqlalchemy.engine.Engine - INFO - SELECT workoutplan.id, workoutplan.session_id, workoutplan.plan_name, workoutplan.created_at 
FROM workoutplan 
WHERE workoutplan.session_id = $1::VARCHAR
2026-04-21 16:50:30,715 - sqlalchemy.engine.Engine - INFO - [generated in 0.00015s] ('12A3C',)
2026-04-21 16:50:30,722 - sqlalchemy.engine.Engine - INFO - SELECT planexercise.id, planexercise.plan_id, planexercise.exercise_base_id, planexercise.order_index, planexercise.created_at, base_exercise.name 
FROM planexercise JOIN base_exercise ON planexercise.exercise_base_id = base_exercise.id 
WHERE planexercise.plan_id = $1::INTEGER
2026-04-21 16:50:30,722 - sqlalchemy.engine.Engine - INFO - [generated in 0.00018s] (1,)
2026-04-21 16:50:30,730 - sqlalchemy.engine.Engine - INFO - SELECT exerciseset.id, exerciseset.exercise_id, exerciseset.weight, exerciseset.reps, exerciseset.peak_hr, exerciseset.rest_hr, exerciseset.score, exerciseset.created_at 
FROM exerciseset 
WHERE exerciseset.exercise_id = $1::INTEGER ORDER BY exerciseset.id DESC
2026-04-21 16:50:30,730 - sqlalchemy.engine.Engine - INFO - [generated in 0.00023s] (1,)
2026-04-21 16:50:30,733 - sqlalchemy.engine.Engine - INFO - SELECT planexercise.id, planexercise.plan_id, planexercise.exercise_base_id, planexercise.order_index, planexercise.created_at, base_exercise.name 
FROM planexercise JOIN base_exercise ON planexercise.exercise_base_id = base_exercise.id 
WHERE planexercise.plan_id = $1::INTEGER
2026-04-21 16:50:30,734 - sqlalchemy.engine.Engine - INFO - [cached since 0.01084s ago] (2,)
2026-04-21 16:50:30,734 - sqlalchemy.engine.Engine - INFO - SELECT exerciseset.id, exerciseset.exercise_id, exerciseset.weight, exerciseset.reps, exerciseset.peak_hr, exerciseset.rest_hr, exerciseset.score, exerciseset.created_at 
FROM exerciseset 
WHERE exerciseset.exercise_id = $1::INTEGER ORDER BY exerciseset.id DESC
2026-04-21 16:50:30,734 - sqlalchemy.engine.Engine - INFO - [cached since 0.004887s ago] (2,)
2026-04-21 16:50:30,735 - sqlalchemy.engine.Engine - INFO - SELECT planexercise.id, planexercise.plan_id, planexercise.exercise_base_id, planexercise.order_index, planexercise.created_at, base_exercise.name 
FROM planexercise JOIN base_exercise ON planexercise.exercise_base_id = base_exercise.id 
WHERE planexercise.plan_id = $1::INTEGER
2026-04-21 16:50:30,736 - sqlalchemy.engine.Engine - INFO - [cached since 0.01289s ago] (3,)
2026-04-21 16:50:30,736 - sqlalchemy.engine.Engine - INFO - SELECT exerciseset.id, exerciseset.exercise_id, exerciseset.weight, exerciseset.reps, exerciseset.peak_hr, exerciseset.rest_hr, exerciseset.score, exerciseset.created_at 
FROM exerciseset 
WHERE exerciseset.exercise_id = $1::INTEGER ORDER BY exerciseset.id DESC
2026-04-21 16:50:30,736 - sqlalchemy.engine.Engine - INFO - [cached since 0.006391s ago] (3,)
2026-04-21 16:50:30,736 - sqlalchemy.engine.Engine - INFO - SELECT planexercise.id, planexercise.plan_id, planexercise.exercise_base_id, planexercise.order_index, planexercise.created_at, base_exercise.name 
FROM planexercise JOIN base_exercise ON planexercise.exercise_base_id = base_exercise.id 
WHERE planexercise.plan_id = $1::INTEGER
2026-04-21 16:50:30,736 - sqlalchemy.engine.Engine - INFO - [cached since 0.01432s ago] (4,)
2026-04-21 16:50:30,738 - sqlalchemy.engine.Engine - INFO - SELECT exerciseset.id, exerciseset.exercise_id, exerciseset.weight, exerciseset.reps, exerciseset.peak_hr, exerciseset.rest_hr, exerciseset.score, exerciseset.created_at 
FROM exerciseset 
WHERE exerciseset.exercise_id = $1::INTEGER ORDER BY exerciseset.id DESC
2026-04-21 16:50:30,738 - sqlalchemy.engine.Engine - INFO - [cached since 0.00778s ago] (4,)
2026-04-21 16:50:30,738 - sqlalchemy.engine.Engine - INFO - SELECT planexercise.id, planexercise.plan_id, planexercise.exercise_base_id, planexercise.order_index, planexercise.created_at, base_exercise.name 
FROM planexercise JOIN base_exercise ON planexercise.exercise_base_id = base_exercise.id 
WHERE planexercise.plan_id = $1::INTEGER
2026-04-21 16:50:30,738 - sqlalchemy.engine.Engine - INFO - [cached since 0.01567s ago] (5,)
2026-04-21 16:50:30,739 - sqlalchemy.engine.Engine - INFO - SELECT exerciseset.id, exerciseset.exercise_id, exerciseset.weight, exerciseset.reps, exerciseset.peak_hr, exerciseset.rest_hr, exerciseset.score, exerciseset.created_at 
FROM exerciseset 
WHERE exerciseset.exercise_id = $1::INTEGER ORDER BY exerciseset.id DESC
2026-04-21 16:50:30,739 - sqlalchemy.engine.Engine - INFO - [cached since 0.009146s ago] (5,)
2026-04-21 16:50:30,740 - sqlalchemy.engine.Engine - INFO - SELECT planexercise.id, planexercise.plan_id, planexercise.exercise_base_id, planexercise.order_index, planexercise.created_at, base_exercise.name 
FROM planexercise JOIN base_exercise ON planexercise.exercise_base_id = base_exercise.id 
WHERE planexercise.plan_id = $1::INTEGER
2026-04-21 16:50:30,740 - sqlalchemy.engine.Engine - INFO - [cached since 0.01709s ago] (6,)
2026-04-21 16:50:30,741 - sqlalchemy.engine.Engine - INFO - SELECT exerciseset.id, exerciseset.exercise_id, exerciseset.weight, exerciseset.reps, exerciseset.peak_hr, exerciseset.rest_hr, exerciseset.score, exerciseset.created_at 
FROM exerciseset 
WHERE exerciseset.exercise_id = $1::INTEGER ORDER BY exerciseset.id DESC
2026-04-21 16:50:30,741 - sqlalchemy.engine.Engine - INFO - [cached since 0.01097s ago] (6,)
2026-04-21 16:50:30,741 - sqlalchemy.engine.Engine - INFO - SELECT planexercise.id, planexercise.plan_id, planexercise.exercise_base_id, planexercise.order_index, planexercise.created_at, base_exercise.name 
FROM planexercise JOIN base_exercise ON planexercise.exercise_base_id = base_exercise.id 
WHERE planexercise.plan_id = $1::INTEGER
2026-04-21 16:50:30,742 - sqlalchemy.engine.Engine - INFO - [cached since 0.01897s ago] (7,)
2026-04-21 16:50:30,742 - sqlalchemy.engine.Engine - INFO - SELECT exerciseset.id, exerciseset.exercise_id, exerciseset.weight, exerciseset.reps, exerciseset.peak_hr, exerciseset.rest_hr, exerciseset.score, exerciseset.created_at 
FROM exerciseset 
WHERE exerciseset.exercise_id = $1::INTEGER ORDER BY exerciseset.id DESC
2026-04-21 16:50:30,742 - sqlalchemy.engine.Engine - INFO - [cached since 0.01238s ago] (7,)
2026-04-21 16:50:30,743 - sqlalchemy.engine.Engine - INFO - SELECT planexercise.id, planexercise.plan_id, planexercise.exercise_base_id, planexercise.order_index, planexercise.created_at, base_exercise.name 
FROM planexercise JOIN base_exercise ON planexercise.exercise_base_id = base_exercise.id 
WHERE planexercise.plan_id = $1::INTEGER
2026-04-21 16:50:30,743 - sqlalchemy.engine.Engine - INFO - [cached since 0.02026s ago] (8,)
2026-04-21 16:50:30,743 - sqlalchemy.engine.Engine - INFO - SELECT exerciseset.id, exerciseset.exercise_id, exerciseset.weight, exerciseset.reps, exerciseset.peak_hr, exerciseset.rest_hr, exerciseset.score, exerciseset.created_at 
FROM exerciseset 
WHERE exerciseset.exercise_id = $1::INTEGER ORDER BY exerciseset.id DESC
2026-04-21 16:50:30,744 - sqlalchemy.engine.Engine - INFO - [cached since 0.01373s ago] (8,)
2026-04-21 16:50:30,744 - sqlalchemy.engine.Engine - INFO - SELECT planexercise.id, planexercise.plan_id, planexercise.exercise_base_id, planexercise.order_index, planexercise.created_at, base_exercise.name 
FROM planexercise JOIN base_exercise ON planexercise.exercise_base_id = base_exercise.id 
WHERE planexercise.plan_id = $1::INTEGER
2026-04-21 16:50:30,744 - sqlalchemy.engine.Engine - INFO - [cached since 0.02159s ago] (9,)
2026-04-21 16:50:30,745 - sqlalchemy.engine.Engine - INFO - SELECT exerciseset.id, exerciseset.exercise_id, exerciseset.weight, exerciseset.reps, exerciseset.peak_hr, exerciseset.rest_hr, exerciseset.score, exerciseset.created_at 
FROM exerciseset 
WHERE exerciseset.exercise_id = $1::INTEGER ORDER BY exerciseset.id DESC
2026-04-21 16:50:30,745 - sqlalchemy.engine.Engine - INFO - [cached since 0.01499s ago] (9,)
2026-04-21 16:50:30,745 - sqlalchemy.engine.Engine - INFO - SELECT planexercise.id, planexercise.plan_id, planexercise.exercise_base_id, planexercise.order_index, planexercise.created_at, base_exercise.name 
FROM planexercise JOIN base_exercise ON planexercise.exercise_base_id = base_exercise.id 
WHERE planexercise.plan_id = $1::INTEGER
2026-04-21 16:50:30,745 - sqlalchemy.engine.Engine - INFO - [cached since 0.02284s ago] (10,)
2026-04-21 16:50:30,746 - sqlalchemy.engine.Engine - INFO - SELECT exerciseset.id, exerciseset.exercise_id, exerciseset.weight, exerciseset.reps, exerciseset.peak_hr, exerciseset.rest_hr, exerciseset.score, exerciseset.created_at 
FROM exerciseset 
WHERE exerciseset.exercise_id = $1::INTEGER ORDER BY exerciseset.id DESC
2026-04-21 16:50:30,746 - sqlalchemy.engine.Engine - INFO - [cached since 0.01626s ago] (10,)
2026-04-21 16:50:30,746 - sqlalchemy.engine.Engine - INFO - SELECT exerciseset.id, exerciseset.exercise_id, exerciseset.weight, exerciseset.reps, exerciseset.peak_hr, exerciseset.rest_hr, exerciseset.score, exerciseset.created_at 
FROM exerciseset 
WHERE exerciseset.exercise_id = $1::INTEGER ORDER BY exerciseset.id DESC
2026-04-21 16:50:30,755 - sqlalchemy.engine.Engine - INFO - [cached since 0.02511s ago] (11,)
2026-04-21 16:50:30,756 - sqlalchemy.engine.Engine - INFO - SELECT planexercise.id, planexercise.plan_id, planexercise.exercise_base_id, planexercise.order_index, planexercise.created_at, base_exercise.name 
FROM planexercise JOIN base_exercise ON planexercise.exercise_base_id = base_exercise.id 
WHERE planexercise.plan_id = $1::INTEGER
2026-04-21 16:50:30,756 - sqlalchemy.engine.Engine - INFO - [cached since 0.03343s ago] (11,)
2026-04-21 16:50:30,757 - sqlalchemy.engine.Engine - INFO - SELECT exerciseset.id, exerciseset.exercise_id, exerciseset.weight, exerciseset.reps, exerciseset.peak_hr, exerciseset.rest_hr, exerciseset.score, exerciseset.created_at 
FROM exerciseset 
WHERE exerciseset.exercise_id = $1::INTEGER ORDER BY exerciseset.id DESC
2026-04-21 16:50:30,757 - sqlalchemy.engine.Engine - INFO - [cached since 0.02704s ago] (12,)
2026-04-21 16:50:30,757 - sqlalchemy.engine.Engine - INFO - SELECT exerciseset.id, exerciseset.exercise_id, exerciseset.weight, exerciseset.reps, exerciseset.peak_hr, exerciseset.rest_hr, exerciseset.score, exerciseset.created_at 
FROM exerciseset 
WHERE exerciseset.exercise_id = $1::INTEGER ORDER BY exerciseset.id DESC
2026-04-21 16:50:30,757 - sqlalchemy.engine.Engine - INFO - [cached since 0.02768s ago] (13,)
2026-04-21 16:50:30,758 - sqlalchemy.engine.Engine - INFO - SELECT planexercise.id, planexercise.plan_id, planexercise.exercise_base_id, planexercise.order_index, planexercise.created_at, base_exercise.name 
FROM planexercise JOIN base_exercise ON planexercise.exercise_base_id = base_exercise.id 
WHERE planexercise.plan_id = $1::INTEGER
2026-04-21 16:50:30,758 - sqlalchemy.engine.Engine - INFO - [cached since 0.03553s ago] (12,)
2026-04-21 16:50:30,758 - sqlalchemy.engine.Engine - INFO - SELECT exerciseset.id, exerciseset.exercise_id, exerciseset.weight, exerciseset.reps, exerciseset.peak_hr, exerciseset.rest_hr, exerciseset.score, exerciseset.created_at 
FROM exerciseset 
WHERE exerciseset.exercise_id = $1::INTEGER ORDER BY exerciseset.id DESC
2026-04-21 16:50:30,758 - sqlalchemy.engine.Engine - INFO - [cached since 0.02896s ago] (14,)
2026-04-21 16:50:30,760 - sqlalchemy.engine.Engine - INFO - SELECT exerciseset.id, exerciseset.exercise_id, exerciseset.weight, exerciseset.reps, exerciseset.peak_hr, exerciseset.rest_hr, exerciseset.score, exerciseset.created_at 
FROM exerciseset 
WHERE exerciseset.exercise_id = $1::INTEGER ORDER BY exerciseset.id DESC
2026-04-21 16:50:30,760 - sqlalchemy.engine.Engine - INFO - [cached since 0.02954s ago] (15,)
2026-04-21 16:50:30,760 - sqlalchemy.engine.Engine - INFO - SELECT planexercise.id, planexercise.plan_id, planexercise.exercise_base_id, planexercise.order_index, planexercise.created_at, base_exercise.name 
FROM planexercise JOIN base_exercise ON planexercise.exercise_base_id = base_exercise.id 
WHERE planexercise.plan_id = $1::INTEGER
2026-04-21 16:50:30,760 - sqlalchemy.engine.Engine - INFO - [cached since 0.03737s ago] (13,)
2026-04-21 16:50:30,761 - sqlalchemy.engine.Engine - INFO - SELECT exerciseset.id, exerciseset.exercise_id, exerciseset.weight, exerciseset.reps, exerciseset.peak_hr, exerciseset.rest_hr, exerciseset.score, exerciseset.created_at 
FROM exerciseset 
WHERE exerciseset.exercise_id = $1::INTEGER ORDER BY exerciseset.id DESC
2026-04-21 16:50:30,761 - sqlalchemy.engine.Engine - INFO - [cached since 0.03077s ago] (17,)
2026-04-21 16:50:30,762 - sqlalchemy.engine.Engine - INFO - SELECT exerciseset.id, exerciseset.exercise_id, exerciseset.weight, exerciseset.reps, exerciseset.peak_hr, exerciseset.rest_hr, exerciseset.score, exerciseset.created_at 
FROM exerciseset 
WHERE exerciseset.exercise_id = $1::INTEGER ORDER BY exerciseset.id DESC
2026-04-21 16:50:30,762 - sqlalchemy.engine.Engine - INFO - [cached since 0.03137s ago] (16,)
2026-04-21 16:50:30,762 - sqlalchemy.engine.Engine - INFO - SELECT planexercise.id, planexercise.plan_id, planexercise.exercise_base_id, planexercise.order_index, planexercise.created_at, base_exercise.name 
FROM planexercise JOIN base_exercise ON planexercise.exercise_base_id = base_exercise.id 
WHERE planexercise.plan_id = $1::INTEGER
2026-04-21 16:50:30,770 - sqlalchemy.engine.Engine - INFO - [cached since 0.04751s ago] (14,)
2026-04-21 16:50:30,771 - sqlalchemy.engine.Engine - INFO - SELECT exerciseset.id, exerciseset.exercise_id, exerciseset.weight, exerciseset.reps, exerciseset.peak_hr, exerciseset.rest_hr, exerciseset.score, exerciseset.created_at 
FROM exerciseset 
WHERE exerciseset.exercise_id = $1::INTEGER ORDER BY exerciseset.id DESC
2026-04-21 16:50:30,771 - sqlalchemy.engine.Engine - INFO - [cached since 0.04125s ago] (18,)
2026-04-21 16:50:30,771 - sqlalchemy.engine.Engine - INFO - SELECT exerciseset.id, exerciseset.exercise_id, exerciseset.weight, exerciseset.reps, exerciseset.peak_hr, exerciseset.rest_hr, exerciseset.score, exerciseset.created_at 
FROM exerciseset 
WHERE exerciseset.exercise_id = $1::INTEGER ORDER BY exerciseset.id DESC
2026-04-21 16:50:30,771 - sqlalchemy.engine.Engine - INFO - [cached since 0.04197s ago] (19,)
2026-04-21 16:50:30,772 - sqlalchemy.engine.Engine - INFO - SELECT planexercise.id, planexercise.plan_id, planexercise.exercise_base_id, planexercise.order_index, planexercise.created_at, base_exercise.name 
FROM planexercise JOIN base_exercise ON planexercise.exercise_base_id = base_exercise.id 
WHERE planexercise.plan_id = $1::INTEGER
2026-04-21 16:50:30,772 - sqlalchemy.engine.Engine - INFO - [cached since 0.04988s ago] (15,)
2026-04-21 16:50:30,773 - sqlalchemy.engine.Engine - INFO - SELECT exerciseset.id, exerciseset.exercise_id, exerciseset.weight, exerciseset.reps, exerciseset.peak_hr, exerciseset.rest_hr, exerciseset.score, exerciseset.created_at 
FROM exerciseset 
WHERE exerciseset.exercise_id = $1::INTEGER ORDER BY exerciseset.id DESC
2026-04-21 16:50:30,773 - sqlalchemy.engine.Engine - INFO - [cached since 0.04334s ago] (21,)
2026-04-21 16:50:30,773 - sqlalchemy.engine.Engine - INFO - SELECT exerciseset.id, exerciseset.exercise_id, exerciseset.weight, exerciseset.reps, exerciseset.peak_hr, exerciseset.rest_hr, exerciseset.score, exerciseset.created_at 
FROM exerciseset 
WHERE exerciseset.exercise_id = $1::INTEGER ORDER BY exerciseset.id DESC
2026-04-21 16:50:30,773 - sqlalchemy.engine.Engine - INFO - [cached since 0.04392s ago] (20,)
2026-04-21 16:50:30,773 - sqlalchemy.engine.Engine - INFO - SELECT planexercise.id, planexercise.plan_id, planexercise.exercise_base_id, planexercise.order_index, planexercise.created_at, base_exercise.name 
FROM planexercise JOIN base_exercise ON planexercise.exercise_base_id = base_exercise.id 
WHERE planexercise.plan_id = $1::INTEGER
2026-04-21 16:50:30,773 - sqlalchemy.engine.Engine - INFO - [cached since 0.05178s ago] (16,)
2026-04-21 16:50:30,775 - sqlalchemy.engine.Engine - INFO - SELECT exerciseset.id, exerciseset.exercise_id, exerciseset.weight, exerciseset.reps, exerciseset.peak_hr, exerciseset.rest_hr, exerciseset.score, exerciseset.created_at 
FROM exerciseset 
WHERE exerciseset.exercise_id = $1::INTEGER ORDER BY exerciseset.id DESC
2026-04-21 16:50:30,775 - sqlalchemy.engine.Engine - INFO - [cached since 0.04518s ago] (22,)
2026-04-21 16:50:30,776 - sqlalchemy.engine.Engine - INFO - SELECT exerciseset.id, exerciseset.exercise_id, exerciseset.weight, exerciseset.reps, exerciseset.peak_hr, exerciseset.rest_hr, exerciseset.score, exerciseset.created_at 
FROM exerciseset 
WHERE exerciseset.exercise_id = $1::INTEGER ORDER BY exerciseset.id DESC
2026-04-21 16:50:30,776 - sqlalchemy.engine.Engine - INFO - [cached since 0.04577s ago] (23,)
2026-04-21 16:50:30,776 - sqlalchemy.engine.Engine - INFO - SELECT planexercise.id, planexercise.plan_id, planexercise.exercise_base_id, planexercise.order_index, planexercise.created_at, base_exercise.name 
FROM planexercise JOIN base_exercise ON planexercise.exercise_base_id = base_exercise.id 
WHERE planexercise.plan_id = $1::INTEGER
2026-04-21 16:50:30,776 - sqlalchemy.engine.Engine - INFO - [cached since 0.05379s ago] (17,)
2026-04-21 16:50:30,777 - sqlalchemy.engine.Engine - INFO - SELECT exerciseset.id, exerciseset.exercise_id, exerciseset.weight, exerciseset.reps, exerciseset.peak_hr, exerciseset.rest_hr, exerciseset.score, exerciseset.created_at 
FROM exerciseset 
WHERE exerciseset.exercise_id = $1::INTEGER ORDER BY exerciseset.id DESC
2026-04-21 16:50:30,786 - sqlalchemy.engine.Engine - INFO - [cached since 0.05565s ago] (25,)
2026-04-21 16:50:30,786 - sqlalchemy.engine.Engine - INFO - SELECT exerciseset.id, exerciseset.exercise_id, exerciseset.weight, exerciseset.reps, exerciseset.peak_hr, exerciseset.rest_hr, exerciseset.score, exerciseset.created_at 
FROM exerciseset 
WHERE exerciseset.exercise_id = $1::INTEGER ORDER BY exerciseset.id DESC
2026-04-21 16:50:30,786 - sqlalchemy.engine.Engine - INFO - [cached since 0.05678s ago] (24,)
2026-04-21 16:50:30,787 - sqlalchemy.engine.Engine - INFO - SELECT planexercise.id, planexercise.plan_id, planexercise.exercise_base_id, planexercise.order_index, planexercise.created_at, base_exercise.name 
FROM planexercise JOIN base_exercise ON planexercise.exercise_base_id = base_exercise.id 
WHERE planexercise.plan_id = $1::INTEGER
2026-04-21 16:50:30,787 - sqlalchemy.engine.Engine - INFO - [cached since 0.06485s ago] (18,)
2026-04-21 16:50:30,789 - sqlalchemy.engine.Engine - INFO - SELECT exerciseset.id, exerciseset.exercise_id, exerciseset.weight, exerciseset.reps, exerciseset.peak_hr, exerciseset.rest_hr, exerciseset.score, exerciseset.created_at 
FROM exerciseset 
WHERE exerciseset.exercise_id = $1::INTEGER ORDER BY exerciseset.id DESC
2026-04-21 16:50:30,789 - sqlalchemy.engine.Engine - INFO - [cached since 0.05836s ago] (26,)
2026-04-21 16:50:30,789 - sqlalchemy.engine.Engine - INFO - SELECT exerciseset.id, exerciseset.exercise_id, exerciseset.weight, exerciseset.reps, exerciseset.peak_hr, exerciseset.rest_hr, exerciseset.score, exerciseset.created_at 
FROM exerciseset 
WHERE exerciseset.exercise_id = $1::INTEGER ORDER BY exerciseset.id DESC
2026-04-21 16:50:30,789 - sqlalchemy.engine.Engine - INFO - [cached since 0.05901s ago] (27,)
2026-04-21 16:50:30,790 - sqlalchemy.engine.Engine - INFO - SELECT planexercise.id, planexercise.plan_id, planexercise.exercise_base_id, planexercise.order_index, planexercise.created_at, base_exercise.name 
FROM planexercise JOIN base_exercise ON planexercise.exercise_base_id = base_exercise.id 
WHERE planexercise.plan_id = $1::INTEGER
2026-04-21 16:50:30,790 - sqlalchemy.engine.Engine - INFO - [cached since 0.06687s ago] (19,)
2026-04-21 16:50:30,791 - sqlalchemy.engine.Engine - INFO - SELECT exerciseset.id, exerciseset.exercise_id, exerciseset.weight, exerciseset.reps, exerciseset.peak_hr, exerciseset.rest_hr, exerciseset.score, exerciseset.created_at 
FROM exerciseset 
WHERE exerciseset.exercise_id = $1::INTEGER ORDER BY exerciseset.id DESC
2026-04-21 16:50:30,791 - sqlalchemy.engine.Engine - INFO - [cached since 0.06046s ago] (28,)
2026-04-21 16:50:30,791 - sqlalchemy.engine.Engine - INFO - SELECT planexercise.id, planexercise.plan_id, planexercise.exercise_base_id, planexercise.order_index, planexercise.created_at, base_exercise.name 
FROM planexercise JOIN base_exercise ON planexercise.exercise_base_id = base_exercise.id 
WHERE planexercise.plan_id = $1::INTEGER
2026-04-21 16:50:30,791 - sqlalchemy.engine.Engine - INFO - [cached since 0.06846s ago] (20,)
2026-04-21 16:50:30,792 - sqlalchemy.engine.Engine - INFO - SELECT exerciseset.id, exerciseset.exercise_id, exerciseset.weight, exerciseset.reps, exerciseset.peak_hr, exerciseset.rest_hr, exerciseset.score, exerciseset.created_at 
FROM exerciseset 
WHERE exerciseset.exercise_id = $1::INTEGER ORDER BY exerciseset.id DESC
2026-04-21 16:50:30,792 - sqlalchemy.engine.Engine - INFO - [cached since 0.06196s ago] (29,)
2026-04-21 16:50:30,793 - sqlalchemy.engine.Engine - INFO - SELECT planexercise.id, planexercise.plan_id, planexercise.exercise_base_id, planexercise.order_index, planexercise.created_at, base_exercise.name 
FROM planexercise JOIN base_exercise ON planexercise.exercise_base_id = base_exercise.id 
WHERE planexercise.plan_id = $1::INTEGER
2026-04-21 16:50:30,793 - sqlalchemy.engine.Engine - INFO - [cached since 0.06994s ago] (21,)
2026-04-21 16:50:30,794 - sqlalchemy.engine.Engine - INFO - SELECT exerciseset.id, exerciseset.exercise_id, exerciseset.weight, exerciseset.reps, exerciseset.peak_hr, exerciseset.rest_hr, exerciseset.score, exerciseset.created_at 
FROM exerciseset 
WHERE exerciseset.exercise_id = $1::INTEGER ORDER BY exerciseset.id DESC
2026-04-21 16:50:30,801 - sqlalchemy.engine.Engine - INFO - [cached since 0.07123s ago] (30,)
2026-04-21 16:50:30,802 - sqlalchemy.engine.Engine - INFO - SELECT planexercise.id, planexercise.plan_id, planexercise.exercise_base_id, planexercise.order_index, planexercise.created_at, base_exercise.name 
FROM planexercise JOIN base_exercise ON planexercise.exercise_base_id = base_exercise.id 
WHERE planexercise.plan_id = $1::INTEGER
2026-04-21 16:50:30,802 - sqlalchemy.engine.Engine - INFO - [cached since 0.07978s ago] (22,)
2026-04-21 16:50:30,803 - sqlalchemy.engine.Engine - INFO - SELECT exerciseset.id, exerciseset.exercise_id, exerciseset.weight, exerciseset.reps, exerciseset.peak_hr, exerciseset.rest_hr, exerciseset.score, exerciseset.created_at 
FROM exerciseset 
WHERE exerciseset.exercise_id = $1::INTEGER ORDER BY exerciseset.id DESC
2026-04-21 16:50:30,803 - sqlalchemy.engine.Engine - INFO - [cached since 0.0733s ago] (31,)
2026-04-21 16:50:30,803 - sqlalchemy.engine.Engine - INFO - SELECT planexercise.id, planexercise.plan_id, planexercise.exercise_base_id, planexercise.order_index, planexercise.created_at, base_exercise.name 
FROM planexercise JOIN base_exercise ON planexercise.exercise_base_id = base_exercise.id 
WHERE planexercise.plan_id = $1::INTEGER
2026-04-21 16:50:30,803 - sqlalchemy.engine.Engine - INFO - [cached since 0.08124s ago] (23,)
2026-04-21 16:50:30,804 - sqlalchemy.engine.Engine - INFO - SELECT exerciseset.id, exerciseset.exercise_id, exerciseset.weight, exerciseset.reps, exerciseset.peak_hr, exerciseset.rest_hr, exerciseset.score, exerciseset.created_at 
FROM exerciseset 
WHERE exerciseset.exercise_id = $1::INTEGER ORDER BY exerciseset.id DESC
2026-04-21 16:50:30,804 - sqlalchemy.engine.Engine - INFO - [cached since 0.07473s ago] (32,)
2026-04-21 16:50:30,805 - sqlalchemy.engine.Engine - INFO - SELECT exerciseset.id, exerciseset.exercise_id, exerciseset.weight, exerciseset.reps, exerciseset.peak_hr, exerciseset.rest_hr, exerciseset.score, exerciseset.created_at 
FROM exerciseset 
WHERE exerciseset.exercise_id = $1::INTEGER ORDER BY exerciseset.id DESC
2026-04-21 16:50:30,805 - sqlalchemy.engine.Engine - INFO - [cached since 0.07538s ago] (33,)
2026-04-21 16:50:30,806 - sqlalchemy.engine.Engine - INFO - SELECT planexercise.id, planexercise.plan_id, planexercise.exercise_base_id, planexercise.order_index, planexercise.created_at, base_exercise.name 
FROM planexercise JOIN base_exercise ON planexercise.exercise_base_id = base_exercise.id 
WHERE planexercise.plan_id = $1::INTEGER
2026-04-21 16:50:30,806 - sqlalchemy.engine.Engine - INFO - [cached since 0.08326s ago] (24,)
2026-04-21 16:50:30,807 - sqlalchemy.engine.Engine - INFO - SELECT exerciseset.id, exerciseset.exercise_id, exerciseset.weight, exerciseset.reps, exerciseset.peak_hr, exerciseset.rest_hr, exerciseset.score, exerciseset.created_at 
FROM exerciseset 
WHERE exerciseset.exercise_id = $1::INTEGER ORDER BY exerciseset.id DESC
2026-04-21 16:50:30,807 - sqlalchemy.engine.Engine - INFO - [cached since 0.07672s ago] (34,)
2026-04-21 16:50:30,807 - sqlalchemy.engine.Engine - INFO - SELECT planexercise.id, planexercise.plan_id, planexercise.exercise_base_id, planexercise.order_index, planexercise.created_at, base_exercise.name 
FROM planexercise JOIN base_exercise ON planexercise.exercise_base_id = base_exercise.id 
WHERE planexercise.plan_id = $1::INTEGER
2026-04-21 16:50:30,807 - sqlalchemy.engine.Engine - INFO - [cached since 0.08457s ago] (25,)
2026-04-21 16:50:30,808 - sqlalchemy.engine.Engine - INFO - SELECT exerciseset.id, exerciseset.exercise_id, exerciseset.weight, exerciseset.reps, exerciseset.peak_hr, exerciseset.rest_hr, exerciseset.score, exerciseset.created_at 
FROM exerciseset 
WHERE exerciseset.exercise_id = $1::INTEGER ORDER BY exerciseset.id DESC
2026-04-21 16:50:30,808 - sqlalchemy.engine.Engine - INFO - [cached since 0.07797s ago] (35,)
2026-04-21 16:50:30,808 - sqlalchemy.engine.Engine - INFO - SELECT planexercise.id, planexercise.plan_id, planexercise.exercise_base_id, planexercise.order_index, planexercise.created_at, base_exercise.name 
FROM planexercise JOIN base_exercise ON planexercise.exercise_base_id = base_exercise.id 
WHERE planexercise.plan_id = $1::INTEGER
2026-04-21 16:50:30,817 - sqlalchemy.engine.Engine - INFO - [cached since 0.094s ago] (26,)
2026-04-21 16:50:30,818 - sqlalchemy.engine.Engine - INFO - SELECT exerciseset.id, exerciseset.exercise_id, exerciseset.weight, exerciseset.reps, exerciseset.peak_hr, exerciseset.rest_hr, exerciseset.score, exerciseset.created_at 
FROM exerciseset 
WHERE exerciseset.exercise_id = $1::INTEGER ORDER BY exerciseset.id DESC
2026-04-21 16:50:30,818 - sqlalchemy.engine.Engine - INFO - [cached since 0.08825s ago] (36,)
2026-04-21 16:50:30,819 - sqlalchemy.engine.Engine - INFO - SELECT planexercise.id, planexercise.plan_id, planexercise.exercise_base_id, planexercise.order_index, planexercise.created_at, base_exercise.name 
FROM planexercise JOIN base_exercise ON planexercise.exercise_base_id = base_exercise.id 
WHERE planexercise.plan_id = $1::INTEGER
2026-04-21 16:50:30,819 - sqlalchemy.engine.Engine - INFO - [cached since 0.09626s ago] (27,)
2026-04-21 16:50:30,819 - sqlalchemy.engine.Engine - INFO - SELECT exerciseset.id, exerciseset.exercise_id, exerciseset.weight, exerciseset.reps, exerciseset.peak_hr, exerciseset.rest_hr, exerciseset.score, exerciseset.created_at 
FROM exerciseset 
WHERE exerciseset.exercise_id = $1::INTEGER ORDER BY exerciseset.id DESC
2026-04-21 16:50:30,819 - sqlalchemy.engine.Engine - INFO - [cached since 0.08968s ago] (37,)
2026-04-21 16:50:30,820 - sqlalchemy.engine.Engine - INFO - SELECT planexercise.id, planexercise.plan_id, planexercise.exercise_base_id, planexercise.order_index, planexercise.created_at, base_exercise.name 
FROM planexercise JOIN base_exercise ON planexercise.exercise_base_id = base_exercise.id 
WHERE planexercise.plan_id = $1::INTEGER
2026-04-21 16:50:30,820 - sqlalchemy.engine.Engine - INFO - [cached since 0.09755s ago] (28,)
2026-04-21 16:50:30,820 - sqlalchemy.engine.Engine - INFO - SELECT exerciseset.id, exerciseset.exercise_id, exerciseset.weight, exerciseset.reps, exerciseset.peak_hr, exerciseset.rest_hr, exerciseset.score, exerciseset.created_at 
FROM exerciseset 
WHERE exerciseset.exercise_id = $1::INTEGER ORDER BY exerciseset.id DESC
2026-04-21 16:50:30,821 - sqlalchemy.engine.Engine - INFO - [cached since 0.09095s ago] (38,)
2026-04-21 16:50:30,821 - sqlalchemy.engine.Engine - INFO - ROLLBACK
2026-04-21 17:10:42,326 - sqlalchemy.engine.Engine - INFO - select pg_catalog.version()
2026-04-21 17:10:42,326 - sqlalchemy.engine.Engine - INFO - [raw sql] ()
2026-04-21 17:10:42,328 - sqlalchemy.engine.Engine - INFO - select current_schema()
2026-04-21 17:10:42,328 - sqlalchemy.engine.Engine - INFO - [raw sql] ()
2026-04-21 17:10:42,328 - sqlalchemy.engine.Engine - INFO - show standard_conforming_strings
2026-04-21 17:10:42,329 - sqlalchemy.engine.Engine - INFO - [raw sql] ()
2026-04-21 17:10:42,330 - sqlalchemy.engine.Engine - INFO - BEGIN (implicit)
2026-04-21 17:10:42,333 - sqlalchemy.engine.Engine - INFO - SELECT pg_catalog.pg_class.relname 
FROM pg_catalog.pg_class JOIN pg_catalog.pg_namespace ON pg_catalog.pg_namespace.oid = pg_catalog.pg_class.relnamespace 
WHERE pg_catalog.pg_class.relname = $1::VARCHAR AND pg_catalog.pg_class.relkind = ANY (ARRAY[$2::VARCHAR, $3::VARCHAR, $4::VARCHAR, $5::VARCHAR, $6::VARCHAR]) AND pg_catalog.pg_table_is_visible(pg_catalog.pg_class.oid) AND pg_catalog.pg_namespace.nspname != $7::VARCHAR
2026-04-21 17:10:42,333 - sqlalchemy.engine.Engine - INFO - [generated in 0.00021s] ('base_exercise', 'r', 'p', 'f', 'v', 'm', 'pg_catalog')
2026-04-21 17:10:42,337 - sqlalchemy.engine.Engine - INFO - SELECT pg_catalog.pg_class.relname 
FROM pg_catalog.pg_class JOIN pg_catalog.pg_namespace ON pg_catalog.pg_namespace.oid = pg_catalog.pg_class.relnamespace 
WHERE pg_catalog.pg_class.relname = $1::VARCHAR AND pg_catalog.pg_class.relkind = ANY (ARRAY[$2::VARCHAR, $3::VARCHAR, $4::VARCHAR, $5::VARCHAR, $6::VARCHAR]) AND pg_catalog.pg_table_is_visible(pg_catalog.pg_class.oid) AND pg_catalog.pg_namespace.nspname != $7::VARCHAR
2026-04-21 17:10:42,337 - sqlalchemy.engine.Engine - INFO - [cached since 0.00494s ago] ('workoutplan', 'r', 'p', 'f', 'v', 'm', 'pg_catalog')
2026-04-21 17:10:42,338 - sqlalchemy.engine.Engine - INFO - SELECT pg_catalog.pg_class.relname 
FROM pg_catalog.pg_class JOIN pg_catalog.pg_namespace ON pg_catalog.pg_namespace.oid = pg_catalog.pg_class.relnamespace 
WHERE pg_catalog.pg_class.relname = $1::VARCHAR AND pg_catalog.pg_class.relkind = ANY (ARRAY[$2::VARCHAR, $3::VARCHAR, $4::VARCHAR, $5::VARCHAR, $6::VARCHAR]) AND pg_catalog.pg_table_is_visible(pg_catalog.pg_class.oid) AND pg_catalog.pg_namespace.nspname != $7::VARCHAR
2026-04-21 17:10:42,339 - sqlalchemy.engine.Engine - INFO - [cached since 0.00557s ago] ('planexercise', 'r', 'p', 'f', 'v', 'm', 'pg_catalog')
2026-04-21 17:10:42,339 - sqlalchemy.engine.Engine - INFO - SELECT pg_catalog.pg_class.relname 
FROM pg_catalog.pg_class JOIN pg_catalog.pg_namespace ON pg_catalog.pg_namespace.oid = pg_catalog.pg_class.relnamespace 
WHERE pg_catalog.pg_class.relname = $1::VARCHAR AND pg_catalog.pg_class.relkind = ANY (ARRAY[$2::VARCHAR, $3::VARCHAR, $4::VARCHAR, $5::VARCHAR, $6::VARCHAR]) AND pg_catalog.pg_table_is_visible(pg_catalog.pg_class.oid) AND pg_catalog.pg_namespace.nspname != $7::VARCHAR
2026-04-21 17:10:42,339 - sqlalchemy.engine.Engine - INFO - [cached since 0.006079s ago] ('exerciseset', 'r', 'p', 'f', 'v', 'm', 'pg_catalog')
2026-04-21 17:10:42,340 - sqlalchemy.engine.Engine - INFO - SELECT pg_catalog.pg_class.relname 
FROM pg_catalog.pg_class JOIN pg_catalog.pg_namespace ON pg_catalog.pg_namespace.oid = pg_catalog.pg_class.relnamespace 
WHERE pg_catalog.pg_class.relname = $1::VARCHAR AND pg_catalog.pg_class.relkind = ANY (ARRAY[$2::VARCHAR, $3::VARCHAR, $4::VARCHAR, $5::VARCHAR, $6::VARCHAR]) AND pg_catalog.pg_table_is_visible(pg_catalog.pg_class.oid) AND pg_catalog.pg_namespace.nspname != $7::VARCHAR
2026-04-21 17:10:42,340 - sqlalchemy.engine.Engine - INFO - [cached since 0.006663s ago] ('user', 'r', 'p', 'f', 'v', 'm', 'pg_catalog')
2026-04-21 17:10:42,340 - sqlalchemy.engine.Engine - INFO - SELECT pg_catalog.pg_class.relname 
FROM pg_catalog.pg_class JOIN pg_catalog.pg_namespace ON pg_catalog.pg_namespace.oid = pg_catalog.pg_class.relnamespace 
WHERE pg_catalog.pg_class.relname = $1::VARCHAR AND pg_catalog.pg_class.relkind = ANY (ARRAY[$2::VARCHAR, $3::VARCHAR, $4::VARCHAR, $5::VARCHAR, $6::VARCHAR]) AND pg_catalog.pg_table_is_visible(pg_catalog.pg_class.oid) AND pg_catalog.pg_namespace.nspname != $7::VARCHAR
2026-04-21 17:10:42,340 - sqlalchemy.engine.Engine - INFO - [cached since 0.007172s ago] ('memory_summary', 'r', 'p', 'f', 'v', 'm', 'pg_catalog')
2026-04-21 17:10:42,340 - sqlalchemy.engine.Engine - INFO - COMMIT
2026-04-21 17:10:54,753 - sqlalchemy.engine.Engine - INFO - BEGIN (implicit)
2026-04-21 17:10:54,763 - sqlalchemy.engine.Engine - INFO - SELECT "user".session_id, "user".name, "user".age, "user".height, "user".weight 
FROM "user" 
WHERE "user".session_id = $1::VARCHAR
2026-04-21 17:10:54,763 - sqlalchemy.engine.Engine - INFO - [generated in 0.00027s] ('12A3C',)
2026-04-21 17:10:54,767 - sqlalchemy.engine.Engine - INFO - ROLLBACK
2026-04-21 17:11:00,961 - httpx - INFO - HTTP Request: POST https://api.deepseek.com/v1/chat/completions "HTTP/1.1 200 OK"
2026-04-21 17:25:50,848 - sqlalchemy.engine.Engine - INFO - select pg_catalog.version()
2026-04-21 17:25:50,848 - sqlalchemy.engine.Engine - INFO - [raw sql] ()
2026-04-21 17:25:50,850 - sqlalchemy.engine.Engine - INFO - select current_schema()
2026-04-21 17:25:50,850 - sqlalchemy.engine.Engine - INFO - [raw sql] ()
2026-04-21 17:25:50,850 - sqlalchemy.engine.Engine - INFO - show standard_conforming_strings
2026-04-21 17:25:50,851 - sqlalchemy.engine.Engine - INFO - [raw sql] ()
2026-04-21 17:25:50,851 - sqlalchemy.engine.Engine - INFO - BEGIN (implicit)
2026-04-21 17:25:50,854 - sqlalchemy.engine.Engine - INFO - SELECT pg_catalog.pg_class.relname 
FROM pg_catalog.pg_class JOIN pg_catalog.pg_namespace ON pg_catalog.pg_namespace.oid = pg_catalog.pg_class.relnamespace 
WHERE pg_catalog.pg_class.relname = $1::VARCHAR AND pg_catalog.pg_class.relkind = ANY (ARRAY[$2::VARCHAR, $3::VARCHAR, $4::VARCHAR, $5::VARCHAR, $6::VARCHAR]) AND pg_catalog.pg_table_is_visible(pg_catalog.pg_class.oid) AND pg_catalog.pg_namespace.nspname != $7::VARCHAR
2026-04-21 17:25:50,854 - sqlalchemy.engine.Engine - INFO - [generated in 0.00026s] ('base_exercise', 'r', 'p', 'f', 'v', 'm', 'pg_catalog')
2026-04-21 17:25:50,859 - sqlalchemy.engine.Engine - INFO - SELECT pg_catalog.pg_class.relname 
FROM pg_catalog.pg_class JOIN pg_catalog.pg_namespace ON pg_catalog.pg_namespace.oid = pg_catalog.pg_class.relnamespace 
WHERE pg_catalog.pg_class.relname = $1::VARCHAR AND pg_catalog.pg_class.relkind = ANY (ARRAY[$2::VARCHAR, $3::VARCHAR, $4::VARCHAR, $5::VARCHAR, $6::VARCHAR]) AND pg_catalog.pg_table_is_visible(pg_catalog.pg_class.oid) AND pg_catalog.pg_namespace.nspname != $7::VARCHAR
2026-04-21 17:25:50,859 - sqlalchemy.engine.Engine - INFO - [cached since 0.005238s ago] ('workoutplan', 'r', 'p', 'f', 'v', 'm', 'pg_catalog')
2026-04-21 17:25:50,860 - sqlalchemy.engine.Engine - INFO - SELECT pg_catalog.pg_class.relname 
FROM pg_catalog.pg_class JOIN pg_catalog.pg_namespace ON pg_catalog.pg_namespace.oid = pg_catalog.pg_class.relnamespace 
WHERE pg_catalog.pg_class.relname = $1::VARCHAR AND pg_catalog.pg_class.relkind = ANY (ARRAY[$2::VARCHAR, $3::VARCHAR, $4::VARCHAR, $5::VARCHAR, $6::VARCHAR]) AND pg_catalog.pg_table_is_visible(pg_catalog.pg_class.oid) AND pg_catalog.pg_namespace.nspname != $7::VARCHAR
2026-04-21 17:25:50,860 - sqlalchemy.engine.Engine - INFO - [cached since 0.005856s ago] ('planexercise', 'r', 'p', 'f', 'v', 'm', 'pg_catalog')
2026-04-21 17:25:50,860 - sqlalchemy.engine.Engine - INFO - SELECT pg_catalog.pg_class.relname 
FROM pg_catalog.pg_class JOIN pg_catalog.pg_namespace ON pg_catalog.pg_namespace.oid = pg_catalog.pg_class.relnamespace 
WHERE pg_catalog.pg_class.relname = $1::VARCHAR AND pg_catalog.pg_class.relkind = ANY (ARRAY[$2::VARCHAR, $3::VARCHAR, $4::VARCHAR, $5::VARCHAR, $6::VARCHAR]) AND pg_catalog.pg_table_is_visible(pg_catalog.pg_class.oid) AND pg_catalog.pg_namespace.nspname != $7::VARCHAR
2026-04-21 17:25:50,860 - sqlalchemy.engine.Engine - INFO - [cached since 0.00638s ago] ('exerciseset', 'r', 'p', 'f', 'v', 'm', 'pg_catalog')
2026-04-21 17:25:50,861 - sqlalchemy.engine.Engine - INFO - SELECT pg_catalog.pg_class.relname 
FROM pg_catalog.pg_class JOIN pg_catalog.pg_namespace ON pg_catalog.pg_namespace.oid = pg_catalog.pg_class.relnamespace 
WHERE pg_catalog.pg_class.relname = $1::VARCHAR AND pg_catalog.pg_class.relkind = ANY (ARRAY[$2::VARCHAR, $3::VARCHAR, $4::VARCHAR, $5::VARCHAR, $6::VARCHAR]) AND pg_catalog.pg_table_is_visible(pg_catalog.pg_class.oid) AND pg_catalog.pg_namespace.nspname != $7::VARCHAR
2026-04-21 17:25:50,861 - sqlalchemy.engine.Engine - INFO - [cached since 0.006884s ago] ('user', 'r', 'p', 'f', 'v', 'm', 'pg_catalog')
2026-04-21 17:25:50,861 - sqlalchemy.engine.Engine - INFO - SELECT pg_catalog.pg_class.relname 
FROM pg_catalog.pg_class JOIN pg_catalog.pg_namespace ON pg_catalog.pg_namespace.oid = pg_catalog.pg_class.relnamespace 
WHERE pg_catalog.pg_class.relname = $1::VARCHAR AND pg_catalog.pg_class.relkind = ANY (ARRAY[$2::VARCHAR, $3::VARCHAR, $4::VARCHAR, $5::VARCHAR, $6::VARCHAR]) AND pg_catalog.pg_table_is_visible(pg_catalog.pg_class.oid) AND pg_catalog.pg_namespace.nspname != $7::VARCHAR
2026-04-21 17:25:50,861 - sqlalchemy.engine.Engine - INFO - [cached since 0.007393s ago] ('memory_summary', 'r', 'p', 'f', 'v', 'm', 'pg_catalog')
2026-04-21 17:25:50,862 - sqlalchemy.engine.Engine - INFO - COMMIT
2026-04-21 17:26:26,535 - sqlalchemy.engine.Engine - INFO - BEGIN (implicit)
2026-04-21 17:26:26,545 - sqlalchemy.engine.Engine - INFO - SELECT "user".session_id, "user".name, "user".age, "user".height, "user".weight 
FROM "user" 
WHERE "user".session_id = $1::VARCHAR
2026-04-21 17:26:26,545 - sqlalchemy.engine.Engine - INFO - [generated in 0.00033s] ('12A3C',)
2026-04-21 17:26:26,549 - sqlalchemy.engine.Engine - INFO - ROLLBACK
2026-04-21 17:26:30,771 - httpx - INFO - HTTP Request: POST https://api.deepseek.com/v1/chat/completions "HTTP/1.1 200 OK"
2026-04-21 17:29:22,568 - sqlalchemy.engine.Engine - INFO - select pg_catalog.version()
2026-04-21 17:29:22,568 - sqlalchemy.engine.Engine - INFO - [raw sql] ()
2026-04-21 17:29:22,570 - sqlalchemy.engine.Engine - INFO - select current_schema()
2026-04-21 17:29:22,570 - sqlalchemy.engine.Engine - INFO - [raw sql] ()
2026-04-21 17:29:22,570 - sqlalchemy.engine.Engine - INFO - show standard_conforming_strings
2026-04-21 17:29:22,571 - sqlalchemy.engine.Engine - INFO - [raw sql] ()
2026-04-21 17:29:22,571 - sqlalchemy.engine.Engine - INFO - BEGIN (implicit)
2026-04-21 17:29:22,574 - sqlalchemy.engine.Engine - INFO - SELECT pg_catalog.pg_class.relname 
FROM pg_catalog.pg_class JOIN pg_catalog.pg_namespace ON pg_catalog.pg_namespace.oid = pg_catalog.pg_class.relnamespace 
WHERE pg_catalog.pg_class.relname = $1::VARCHAR AND pg_catalog.pg_class.relkind = ANY (ARRAY[$2::VARCHAR, $3::VARCHAR, $4::VARCHAR, $5::VARCHAR, $6::VARCHAR]) AND pg_catalog.pg_table_is_visible(pg_catalog.pg_class.oid) AND pg_catalog.pg_namespace.nspname != $7::VARCHAR
2026-04-21 17:29:22,574 - sqlalchemy.engine.Engine - INFO - [generated in 0.00027s] ('base_exercise', 'r', 'p', 'f', 'v', 'm', 'pg_catalog')
2026-04-21 17:29:22,580 - sqlalchemy.engine.Engine - INFO - SELECT pg_catalog.pg_class.relname 
FROM pg_catalog.pg_class JOIN pg_catalog.pg_namespace ON pg_catalog.pg_namespace.oid = pg_catalog.pg_class.relnamespace 
WHERE pg_catalog.pg_class.relname = $1::VARCHAR AND pg_catalog.pg_class.relkind = ANY (ARRAY[$2::VARCHAR, $3::VARCHAR, $4::VARCHAR, $5::VARCHAR, $6::VARCHAR]) AND pg_catalog.pg_table_is_visible(pg_catalog.pg_class.oid) AND pg_catalog.pg_namespace.nspname != $7::VARCHAR
2026-04-21 17:29:22,580 - sqlalchemy.engine.Engine - INFO - [cached since 0.00596s ago] ('workoutplan', 'r', 'p', 'f', 'v', 'm', 'pg_catalog')
2026-04-21 17:29:22,581 - sqlalchemy.engine.Engine - INFO - SELECT pg_catalog.pg_class.relname 
FROM pg_catalog.pg_class JOIN pg_catalog.pg_namespace ON pg_catalog.pg_namespace.oid = pg_catalog.pg_class.relnamespace 
WHERE pg_catalog.pg_class.relname = $1::VARCHAR AND pg_catalog.pg_class.relkind = ANY (ARRAY[$2::VARCHAR, $3::VARCHAR, $4::VARCHAR, $5::VARCHAR, $6::VARCHAR]) AND pg_catalog.pg_table_is_visible(pg_catalog.pg_class.oid) AND pg_catalog.pg_namespace.nspname != $7::VARCHAR
2026-04-21 17:29:22,581 - sqlalchemy.engine.Engine - INFO - [cached since 0.006665s ago] ('planexercise', 'r', 'p', 'f', 'v', 'm', 'pg_catalog')
2026-04-21 17:29:22,581 - sqlalchemy.engine.Engine - INFO - SELECT pg_catalog.pg_class.relname 
FROM pg_catalog.pg_class JOIN pg_catalog.pg_namespace ON pg_catalog.pg_namespace.oid = pg_catalog.pg_class.relnamespace 
WHERE pg_catalog.pg_class.relname = $1::VARCHAR AND pg_catalog.pg_class.relkind = ANY (ARRAY[$2::VARCHAR, $3::VARCHAR, $4::VARCHAR, $5::VARCHAR, $6::VARCHAR]) AND pg_catalog.pg_table_is_visible(pg_catalog.pg_class.oid) AND pg_catalog.pg_namespace.nspname != $7::VARCHAR
2026-04-21 17:29:22,581 - sqlalchemy.engine.Engine - INFO - [cached since 0.007299s ago] ('exerciseset', 'r', 'p', 'f', 'v', 'm', 'pg_catalog')
2026-04-21 17:29:22,582 - sqlalchemy.engine.Engine - INFO - SELECT pg_catalog.pg_class.relname 
FROM pg_catalog.pg_class JOIN pg_catalog.pg_namespace ON pg_catalog.pg_namespace.oid = pg_catalog.pg_class.relnamespace 
WHERE pg_catalog.pg_class.relname = $1::VARCHAR AND pg_catalog.pg_class.relkind = ANY (ARRAY[$2::VARCHAR, $3::VARCHAR, $4::VARCHAR, $5::VARCHAR, $6::VARCHAR]) AND pg_catalog.pg_table_is_visible(pg_catalog.pg_class.oid) AND pg_catalog.pg_namespace.nspname != $7::VARCHAR
2026-04-21 17:29:22,582 - sqlalchemy.engine.Engine - INFO - [cached since 0.007875s ago] ('user', 'r', 'p', 'f', 'v', 'm', 'pg_catalog')
2026-04-21 17:29:22,582 - sqlalchemy.engine.Engine - INFO - SELECT pg_catalog.pg_class.relname 
FROM pg_catalog.pg_class JOIN pg_catalog.pg_namespace ON pg_catalog.pg_namespace.oid = pg_catalog.pg_class.relnamespace 
WHERE pg_catalog.pg_class.relname = $1::VARCHAR AND pg_catalog.pg_class.relkind = ANY (ARRAY[$2::VARCHAR, $3::VARCHAR, $4::VARCHAR, $5::VARCHAR, $6::VARCHAR]) AND pg_catalog.pg_table_is_visible(pg_catalog.pg_class.oid) AND pg_catalog.pg_namespace.nspname != $7::VARCHAR
2026-04-21 17:29:22,583 - sqlalchemy.engine.Engine - INFO - [cached since 0.008474s ago] ('memory_summary', 'r', 'p', 'f', 'v', 'm', 'pg_catalog')
2026-04-21 17:29:22,583 - sqlalchemy.engine.Engine - INFO - COMMIT
2026-04-21 17:29:43,068 - sqlalchemy.engine.Engine - INFO - BEGIN (implicit)
2026-04-21 17:29:43,078 - sqlalchemy.engine.Engine - INFO - SELECT "user".session_id, "user".name, "user".age, "user".height, "user".weight 
FROM "user" 
WHERE "user".session_id = $1::VARCHAR
2026-04-21 17:29:43,078 - sqlalchemy.engine.Engine - INFO - [generated in 0.00025s] ('12A3C',)
2026-04-21 17:29:43,081 - sqlalchemy.engine.Engine - INFO - ROLLBACK
2026-04-21 17:29:48,233 - httpx - INFO - HTTP Request: POST https://api.deepseek.com/v1/chat/completions "HTTP/1.1 200 OK"
2026-04-21 17:30:00,061 - httpx - INFO - HTTP Request: POST https://api.deepseek.com/v1/chat/completions "HTTP/1.1 400 Bad Request"
2026-04-21 17:30:00,062 - FitnessAgent - ERROR - Background summary task failed: Error code: 400 - {'error': {'message': 'This response_format type is unavailable now', 'type': 'invalid_request_error', 'param': None, 'code': 'invalid_request_error'}}
2026-04-21 17:35:20,246 - sqlalchemy.engine.Engine - INFO - select pg_catalog.version()
2026-04-21 17:35:20,247 - sqlalchemy.engine.Engine - INFO - [raw sql] ()
2026-04-21 17:35:20,248 - sqlalchemy.engine.Engine - INFO - select current_schema()
2026-04-21 17:35:20,248 - sqlalchemy.engine.Engine - INFO - [raw sql] ()
2026-04-21 17:35:20,249 - sqlalchemy.engine.Engine - INFO - show standard_conforming_strings
2026-04-21 17:35:20,249 - sqlalchemy.engine.Engine - INFO - [raw sql] ()
2026-04-21 17:35:20,250 - sqlalchemy.engine.Engine - INFO - BEGIN (implicit)
2026-04-21 17:35:20,253 - sqlalchemy.engine.Engine - INFO - SELECT pg_catalog.pg_class.relname 
FROM pg_catalog.pg_class JOIN pg_catalog.pg_namespace ON pg_catalog.pg_namespace.oid = pg_catalog.pg_class.relnamespace 
WHERE pg_catalog.pg_class.relname = $1::VARCHAR AND pg_catalog.pg_class.relkind = ANY (ARRAY[$2::VARCHAR, $3::VARCHAR, $4::VARCHAR, $5::VARCHAR, $6::VARCHAR]) AND pg_catalog.pg_table_is_visible(pg_catalog.pg_class.oid) AND pg_catalog.pg_namespace.nspname != $7::VARCHAR
2026-04-21 17:35:20,253 - sqlalchemy.engine.Engine - INFO - [generated in 0.00027s] ('base_exercise', 'r', 'p', 'f', 'v', 'm', 'pg_catalog')
2026-04-21 17:35:20,258 - sqlalchemy.engine.Engine - INFO - SELECT pg_catalog.pg_class.relname 
FROM pg_catalog.pg_class JOIN pg_catalog.pg_namespace ON pg_catalog.pg_namespace.oid = pg_catalog.pg_class.relnamespace 
WHERE pg_catalog.pg_class.relname = $1::VARCHAR AND pg_catalog.pg_class.relkind = ANY (ARRAY[$2::VARCHAR, $3::VARCHAR, $4::VARCHAR, $5::VARCHAR, $6::VARCHAR]) AND pg_catalog.pg_table_is_visible(pg_catalog.pg_class.oid) AND pg_catalog.pg_namespace.nspname != $7::VARCHAR
2026-04-21 17:35:20,258 - sqlalchemy.engine.Engine - INFO - [cached since 0.005388s ago] ('workoutplan', 'r', 'p', 'f', 'v', 'm', 'pg_catalog')
2026-04-21 17:35:20,259 - sqlalchemy.engine.Engine - INFO - SELECT pg_catalog.pg_class.relname 
FROM pg_catalog.pg_class JOIN pg_catalog.pg_namespace ON pg_catalog.pg_namespace.oid = pg_catalog.pg_class.relnamespace 
WHERE pg_catalog.pg_class.relname = $1::VARCHAR AND pg_catalog.pg_class.relkind = ANY (ARRAY[$2::VARCHAR, $3::VARCHAR, $4::VARCHAR, $5::VARCHAR, $6::VARCHAR]) AND pg_catalog.pg_table_is_visible(pg_catalog.pg_class.oid) AND pg_catalog.pg_namespace.nspname != $7::VARCHAR
2026-04-21 17:35:20,259 - sqlalchemy.engine.Engine - INFO - [cached since 0.006111s ago] ('planexercise', 'r', 'p', 'f', 'v', 'm', 'pg_catalog')
2026-04-21 17:35:20,259 - sqlalchemy.engine.Engine - INFO - SELECT pg_catalog.pg_class.relname 
FROM pg_catalog.pg_class JOIN pg_catalog.pg_namespace ON pg_catalog.pg_namespace.oid = pg_catalog.pg_class.relnamespace 
WHERE pg_catalog.pg_class.relname = $1::VARCHAR AND pg_catalog.pg_class.relkind = ANY (ARRAY[$2::VARCHAR, $3::VARCHAR, $4::VARCHAR, $5::VARCHAR, $6::VARCHAR]) AND pg_catalog.pg_table_is_visible(pg_catalog.pg_class.oid) AND pg_catalog.pg_namespace.nspname != $7::VARCHAR
2026-04-21 17:35:20,259 - sqlalchemy.engine.Engine - INFO - [cached since 0.006836s ago] ('exerciseset', 'r', 'p', 'f', 'v', 'm', 'pg_catalog')
2026-04-21 17:35:20,260 - sqlalchemy.engine.Engine - INFO - SELECT pg_catalog.pg_class.relname 
FROM pg_catalog.pg_class JOIN pg_catalog.pg_namespace ON pg_catalog.pg_namespace.oid = pg_catalog.pg_class.relnamespace 
WHERE pg_catalog.pg_class.relname = $1::VARCHAR AND pg_catalog.pg_class.relkind = ANY (ARRAY[$2::VARCHAR, $3::VARCHAR, $4::VARCHAR, $5::VARCHAR, $6::VARCHAR]) AND pg_catalog.pg_table_is_visible(pg_catalog.pg_class.oid) AND pg_catalog.pg_namespace.nspname != $7::VARCHAR
2026-04-21 17:35:20,260 - sqlalchemy.engine.Engine - INFO - [cached since 0.007648s ago] ('user', 'r', 'p', 'f', 'v', 'm', 'pg_catalog')
2026-04-21 17:35:20,261 - sqlalchemy.engine.Engine - INFO - SELECT pg_catalog.pg_class.relname 
FROM pg_catalog.pg_class JOIN pg_catalog.pg_namespace ON pg_catalog.pg_namespace.oid = pg_catalog.pg_class.relnamespace 
WHERE pg_catalog.pg_class.relname = $1::VARCHAR AND pg_catalog.pg_class.relkind = ANY (ARRAY[$2::VARCHAR, $3::VARCHAR, $4::VARCHAR, $5::VARCHAR, $6::VARCHAR]) AND pg_catalog.pg_table_is_visible(pg_catalog.pg_class.oid) AND pg_catalog.pg_namespace.nspname != $7::VARCHAR
2026-04-21 17:35:20,261 - sqlalchemy.engine.Engine - INFO - [cached since 0.008265s ago] ('memory_summary', 'r', 'p', 'f', 'v', 'm', 'pg_catalog')
2026-04-21 17:35:20,261 - sqlalchemy.engine.Engine - INFO - COMMIT
2026-04-21 17:35:27,594 - sqlalchemy.engine.Engine - INFO - BEGIN (implicit)
2026-04-21 17:35:27,604 - sqlalchemy.engine.Engine - INFO - SELECT "user".session_id, "user".name, "user".age, "user".height, "user".weight 
FROM "user" 
WHERE "user".session_id = $1::VARCHAR
2026-04-21 17:35:27,604 - sqlalchemy.engine.Engine - INFO - [generated in 0.00025s] ('12A3C',)
2026-04-21 17:35:27,608 - sqlalchemy.engine.Engine - INFO - ROLLBACK
2026-04-21 17:35:36,197 - httpx - INFO - HTTP Request: POST https://api.deepseek.com/v1/chat/completions "HTTP/1.1 200 OK"
2026-04-21 17:35:56,369 - httpx - INFO - HTTP Request: POST https://api.deepseek.com/v1/chat/completions "HTTP/1.1 200 OK"
2026-04-21 17:36:10,934 - FitnessAgent - ERROR - Background summary task failed: Failed to parse MemorySummaryPayload from completion {"summary": ["用户请求今天的训练计划推荐，AI教练基于训练历史（包括3月27日全身训练、3月26日手臂和腿部训练、3月25日背部和肩部训练）建议进行胸部训练以平衡计划，并提供了详细的胸部训练计划，包括热身、主要训练内容（如平板杠铃卧推、上斜哑铃卧推）、辅助训练和冷却。", "用户表示几天没练，AI教练纠正用户实际只休息了一天（从3月27日训练后），并基于昨天低强度训练（杠铃平板卧推，5kg×5次，训练评分40分）推荐恢复性全身训练，包括中等强度的全身动作如深蹲、杠铃划船、哑铃肩推等，以帮助重新适应训练节奏。", "用户多次打招呼，AI教练回应并总结用户训练历史（昨天全身训练，前几天多部位训练），提供可用工具（如训练历史查询、动作指导、计划制定）并询问当前需求，强调训练质量、身体信号和记录完整性的重要性。", "用户请求总结，AI教练输出结构化总结，涵盖训练历史回顾、训练建议（胸部训练和恢复性全身训练）、可用工具、当前状态（休息一天、身体恢复）、下一步建议（训练、休息或调整）和关键提醒。"]}. Got: 2 validation errors for MemorySummaryPayload
title
  Field required [type=missing, input_value={'summary': ['用户请...）和关键提醒。']}, input_type=dict]
    For further information visit https://errors.pydantic.dev/2.12/v/missing
summary
  Input should be a valid string [type=string_type, input_value=['用户请求今天的...）和关键提醒。'], input_type=list]
    For further information visit https://errors.pydantic.dev/2.12/v/string_type
For troubleshooting, visit: https://docs.langchain.com/oss/python/langchain/errors/OUTPUT_PARSING_FAILURE 
2026-04-21 18:19:13,677 - sqlalchemy.engine.Engine - INFO - select pg_catalog.version()
2026-04-21 18:19:13,678 - sqlalchemy.engine.Engine - INFO - [raw sql] ()
2026-04-21 18:19:13,679 - sqlalchemy.engine.Engine - INFO - select current_schema()
2026-04-21 18:19:13,679 - sqlalchemy.engine.Engine - INFO - [raw sql] ()
2026-04-21 18:19:13,680 - sqlalchemy.engine.Engine - INFO - show standard_conforming_strings
2026-04-21 18:19:13,680 - sqlalchemy.engine.Engine - INFO - [raw sql] ()
2026-04-21 18:19:13,681 - sqlalchemy.engine.Engine - INFO - BEGIN (implicit)
2026-04-21 18:19:13,684 - sqlalchemy.engine.Engine - INFO - SELECT pg_catalog.pg_class.relname 
FROM pg_catalog.pg_class JOIN pg_catalog.pg_namespace ON pg_catalog.pg_namespace.oid = pg_catalog.pg_class.relnamespace 
WHERE pg_catalog.pg_class.relname = $1::VARCHAR AND pg_catalog.pg_class.relkind = ANY (ARRAY[$2::VARCHAR, $3::VARCHAR, $4::VARCHAR, $5::VARCHAR, $6::VARCHAR]) AND pg_catalog.pg_table_is_visible(pg_catalog.pg_class.oid) AND pg_catalog.pg_namespace.nspname != $7::VARCHAR
2026-04-21 18:19:13,684 - sqlalchemy.engine.Engine - INFO - [generated in 0.00021s] ('base_exercise', 'r', 'p', 'f', 'v', 'm', 'pg_catalog')
2026-04-21 18:19:13,688 - sqlalchemy.engine.Engine - INFO - SELECT pg_catalog.pg_class.relname 
FROM pg_catalog.pg_class JOIN pg_catalog.pg_namespace ON pg_catalog.pg_namespace.oid = pg_catalog.pg_class.relnamespace 
WHERE pg_catalog.pg_class.relname = $1::VARCHAR AND pg_catalog.pg_class.relkind = ANY (ARRAY[$2::VARCHAR, $3::VARCHAR, $4::VARCHAR, $5::VARCHAR, $6::VARCHAR]) AND pg_catalog.pg_table_is_visible(pg_catalog.pg_class.oid) AND pg_catalog.pg_namespace.nspname != $7::VARCHAR
2026-04-21 18:19:13,689 - sqlalchemy.engine.Engine - INFO - [cached since 0.004913s ago] ('workoutplan', 'r', 'p', 'f', 'v', 'm', 'pg_catalog')
2026-04-21 18:19:13,689 - sqlalchemy.engine.Engine - INFO - SELECT pg_catalog.pg_class.relname 
FROM pg_catalog.pg_class JOIN pg_catalog.pg_namespace ON pg_catalog.pg_namespace.oid = pg_catalog.pg_class.relnamespace 
WHERE pg_catalog.pg_class.relname = $1::VARCHAR AND pg_catalog.pg_class.relkind = ANY (ARRAY[$2::VARCHAR, $3::VARCHAR, $4::VARCHAR, $5::VARCHAR, $6::VARCHAR]) AND pg_catalog.pg_table_is_visible(pg_catalog.pg_class.oid) AND pg_catalog.pg_namespace.nspname != $7::VARCHAR
2026-04-21 18:19:13,689 - sqlalchemy.engine.Engine - INFO - [cached since 0.005524s ago] ('planexercise', 'r', 'p', 'f', 'v', 'm', 'pg_catalog')
2026-04-21 18:19:13,690 - sqlalchemy.engine.Engine - INFO - SELECT pg_catalog.pg_class.relname 
FROM pg_catalog.pg_class JOIN pg_catalog.pg_namespace ON pg_catalog.pg_namespace.oid = pg_catalog.pg_class.relnamespace 
WHERE pg_catalog.pg_class.relname = $1::VARCHAR AND pg_catalog.pg_class.relkind = ANY (ARRAY[$2::VARCHAR, $3::VARCHAR, $4::VARCHAR, $5::VARCHAR, $6::VARCHAR]) AND pg_catalog.pg_table_is_visible(pg_catalog.pg_class.oid) AND pg_catalog.pg_namespace.nspname != $7::VARCHAR
2026-04-21 18:19:13,690 - sqlalchemy.engine.Engine - INFO - [cached since 0.006042s ago] ('exerciseset', 'r', 'p', 'f', 'v', 'm', 'pg_catalog')
2026-04-21 18:19:13,690 - sqlalchemy.engine.Engine - INFO - SELECT pg_catalog.pg_class.relname 
FROM pg_catalog.pg_class JOIN pg_catalog.pg_namespace ON pg_catalog.pg_namespace.oid = pg_catalog.pg_class.relnamespace 
WHERE pg_catalog.pg_class.relname = $1::VARCHAR AND pg_catalog.pg_class.relkind = ANY (ARRAY[$2::VARCHAR, $3::VARCHAR, $4::VARCHAR, $5::VARCHAR, $6::VARCHAR]) AND pg_catalog.pg_table_is_visible(pg_catalog.pg_class.oid) AND pg_catalog.pg_namespace.nspname != $7::VARCHAR
2026-04-21 18:19:13,690 - sqlalchemy.engine.Engine - INFO - [cached since 0.006561s ago] ('user', 'r', 'p', 'f', 'v', 'm', 'pg_catalog')
2026-04-21 18:19:13,691 - sqlalchemy.engine.Engine - INFO - SELECT pg_catalog.pg_class.relname 
FROM pg_catalog.pg_class JOIN pg_catalog.pg_namespace ON pg_catalog.pg_namespace.oid = pg_catalog.pg_class.relnamespace 
WHERE pg_catalog.pg_class.relname = $1::VARCHAR AND pg_catalog.pg_class.relkind = ANY (ARRAY[$2::VARCHAR, $3::VARCHAR, $4::VARCHAR, $5::VARCHAR, $6::VARCHAR]) AND pg_catalog.pg_table_is_visible(pg_catalog.pg_class.oid) AND pg_catalog.pg_namespace.nspname != $7::VARCHAR
2026-04-21 18:19:13,691 - sqlalchemy.engine.Engine - INFO - [cached since 0.007128s ago] ('memory_summary', 'r', 'p', 'f', 'v', 'm', 'pg_catalog')
2026-04-21 18:19:13,691 - sqlalchemy.engine.Engine - INFO - COMMIT
2026-04-21 18:19:22,050 - sqlalchemy.engine.Engine - INFO - BEGIN (implicit)
2026-04-21 18:19:22,060 - sqlalchemy.engine.Engine - INFO - SELECT "user".session_id, "user".name, "user".age, "user".height, "user".weight 
FROM "user" 
WHERE "user".session_id = $1::VARCHAR
2026-04-21 18:19:22,061 - sqlalchemy.engine.Engine - INFO - [generated in 0.00029s] ('12A3C',)
2026-04-21 18:19:22,065 - sqlalchemy.engine.Engine - INFO - ROLLBACK
2026-04-21 18:19:27,326 - httpx - INFO - HTTP Request: POST https://api.deepseek.com/v1/chat/completions "HTTP/1.1 200 OK"
2026-04-21 18:19:38,200 - httpx - INFO - HTTP Request: POST https://api.deepseek.com/v1/chat/completions "HTTP/1.1 200 OK"
2026-04-21 18:19:45,755 - FitnessAgent - ERROR - Background summary task failed: Failed to parse MemorySummaryPayload from completion {"summary": ["用户最初请求今天的训练计划，AI教练基于训练历史推荐了胸部训练计划，因为用户最近几天没有专门训练胸部。", "用户表示几天没练，AI教练纠正用户实际上只休息了一天，并基于昨天的低强度训练推荐了恢复性全身训练计划。", "用户多次打招呼，AI教练回应并询问健身需求，提供训练建议、动作指导、数据分析等选项。", "用户请求总结，AI教练回顾了对话内容，包括训练历史、提供的两个训练计划建议、可用工具和当前状态，并询问下一步行动。", "用户再次打招呼，AI教练总结当前状态，询问用户今天的具体意图，如训练、休息或学习健身知识。"]}. Got: 2 validation errors for MemorySummaryPayload
title
  Field required [type=missing, input_value={'summary': ['用户最...学习健身知识。']}, input_type=dict]
    For further information visit https://errors.pydantic.dev/2.12/v/missing
summary
  Input should be a valid string [type=string_type, input_value=['用户最初请求今...学习健身知识。'], input_type=list]
    For further information visit https://errors.pydantic.dev/2.12/v/string_type
For troubleshooting, visit: https://docs.langchain.com/oss/python/langchain/errors/OUTPUT_PARSING_FAILURE 
2026-04-21 18:34:58,023 - sqlalchemy.engine.Engine - INFO - select pg_catalog.version()
2026-04-21 18:34:58,023 - sqlalchemy.engine.Engine - INFO - [raw sql] ()
2026-04-21 18:34:58,025 - sqlalchemy.engine.Engine - INFO - select current_schema()
2026-04-21 18:34:58,025 - sqlalchemy.engine.Engine - INFO - [raw sql] ()
2026-04-21 18:34:58,026 - sqlalchemy.engine.Engine - INFO - show standard_conforming_strings
2026-04-21 18:34:58,026 - sqlalchemy.engine.Engine - INFO - [raw sql] ()
2026-04-21 18:34:58,026 - sqlalchemy.engine.Engine - INFO - BEGIN (implicit)
2026-04-21 18:34:58,029 - sqlalchemy.engine.Engine - INFO - SELECT pg_catalog.pg_class.relname 
FROM pg_catalog.pg_class JOIN pg_catalog.pg_namespace ON pg_catalog.pg_namespace.oid = pg_catalog.pg_class.relnamespace 
WHERE pg_catalog.pg_class.relname = $1::VARCHAR AND pg_catalog.pg_class.relkind = ANY (ARRAY[$2::VARCHAR, $3::VARCHAR, $4::VARCHAR, $5::VARCHAR, $6::VARCHAR]) AND pg_catalog.pg_table_is_visible(pg_catalog.pg_class.oid) AND pg_catalog.pg_namespace.nspname != $7::VARCHAR
2026-04-21 18:34:58,029 - sqlalchemy.engine.Engine - INFO - [generated in 0.00021s] ('base_exercise', 'r', 'p', 'f', 'v', 'm', 'pg_catalog')
2026-04-21 18:34:58,034 - sqlalchemy.engine.Engine - INFO - SELECT pg_catalog.pg_class.relname 
FROM pg_catalog.pg_class JOIN pg_catalog.pg_namespace ON pg_catalog.pg_namespace.oid = pg_catalog.pg_class.relnamespace 
WHERE pg_catalog.pg_class.relname = $1::VARCHAR AND pg_catalog.pg_class.relkind = ANY (ARRAY[$2::VARCHAR, $3::VARCHAR, $4::VARCHAR, $5::VARCHAR, $6::VARCHAR]) AND pg_catalog.pg_table_is_visible(pg_catalog.pg_class.oid) AND pg_catalog.pg_namespace.nspname != $7::VARCHAR
2026-04-21 18:34:58,034 - sqlalchemy.engine.Engine - INFO - [cached since 0.004964s ago] ('workoutplan', 'r', 'p', 'f', 'v', 'm', 'pg_catalog')
2026-04-21 18:34:58,035 - sqlalchemy.engine.Engine - INFO - SELECT pg_catalog.pg_class.relname 
FROM pg_catalog.pg_class JOIN pg_catalog.pg_namespace ON pg_catalog.pg_namespace.oid = pg_catalog.pg_class.relnamespace 
WHERE pg_catalog.pg_class.relname = $1::VARCHAR AND pg_catalog.pg_class.relkind = ANY (ARRAY[$2::VARCHAR, $3::VARCHAR, $4::VARCHAR, $5::VARCHAR, $6::VARCHAR]) AND pg_catalog.pg_table_is_visible(pg_catalog.pg_class.oid) AND pg_catalog.pg_namespace.nspname != $7::VARCHAR
2026-04-21 18:34:58,035 - sqlalchemy.engine.Engine - INFO - [cached since 0.005604s ago] ('planexercise', 'r', 'p', 'f', 'v', 'm', 'pg_catalog')
2026-04-21 18:34:58,035 - sqlalchemy.engine.Engine - INFO - SELECT pg_catalog.pg_class.relname 
FROM pg_catalog.pg_class JOIN pg_catalog.pg_namespace ON pg_catalog.pg_namespace.oid = pg_catalog.pg_class.relnamespace 
WHERE pg_catalog.pg_class.relname = $1::VARCHAR AND pg_catalog.pg_class.relkind = ANY (ARRAY[$2::VARCHAR, $3::VARCHAR, $4::VARCHAR, $5::VARCHAR, $6::VARCHAR]) AND pg_catalog.pg_table_is_visible(pg_catalog.pg_class.oid) AND pg_catalog.pg_namespace.nspname != $7::VARCHAR
2026-04-21 18:34:58,035 - sqlalchemy.engine.Engine - INFO - [cached since 0.006131s ago] ('exerciseset', 'r', 'p', 'f', 'v', 'm', 'pg_catalog')
2026-04-21 18:34:58,036 - sqlalchemy.engine.Engine - INFO - SELECT pg_catalog.pg_class.relname 
FROM pg_catalog.pg_class JOIN pg_catalog.pg_namespace ON pg_catalog.pg_namespace.oid = pg_catalog.pg_class.relnamespace 
WHERE pg_catalog.pg_class.relname = $1::VARCHAR AND pg_catalog.pg_class.relkind = ANY (ARRAY[$2::VARCHAR, $3::VARCHAR, $4::VARCHAR, $5::VARCHAR, $6::VARCHAR]) AND pg_catalog.pg_table_is_visible(pg_catalog.pg_class.oid) AND pg_catalog.pg_namespace.nspname != $7::VARCHAR
2026-04-21 18:34:58,036 - sqlalchemy.engine.Engine - INFO - [cached since 0.006676s ago] ('user', 'r', 'p', 'f', 'v', 'm', 'pg_catalog')
2026-04-21 18:34:58,036 - sqlalchemy.engine.Engine - INFO - SELECT pg_catalog.pg_class.relname 
FROM pg_catalog.pg_class JOIN pg_catalog.pg_namespace ON pg_catalog.pg_namespace.oid = pg_catalog.pg_class.relnamespace 
WHERE pg_catalog.pg_class.relname = $1::VARCHAR AND pg_catalog.pg_class.relkind = ANY (ARRAY[$2::VARCHAR, $3::VARCHAR, $4::VARCHAR, $5::VARCHAR, $6::VARCHAR]) AND pg_catalog.pg_table_is_visible(pg_catalog.pg_class.oid) AND pg_catalog.pg_namespace.nspname != $7::VARCHAR
2026-04-21 18:34:58,036 - sqlalchemy.engine.Engine - INFO - [cached since 0.007187s ago] ('memory_summary', 'r', 'p', 'f', 'v', 'm', 'pg_catalog')
2026-04-21 18:34:58,037 - sqlalchemy.engine.Engine - INFO - COMMIT
2026-04-21 18:36:31,731 - sqlalchemy.engine.Engine - INFO - BEGIN (implicit)
2026-04-21 18:36:31,741 - sqlalchemy.engine.Engine - INFO - SELECT "user".session_id, "user".name, "user".age, "user".height, "user".weight 
FROM "user" 
WHERE "user".session_id = $1::VARCHAR
2026-04-21 18:36:31,741 - sqlalchemy.engine.Engine - INFO - [generated in 0.00025s] ('12A3C',)
2026-04-21 18:36:31,744 - sqlalchemy.engine.Engine - INFO - ROLLBACK
2026-04-21 18:36:36,679 - httpx - INFO - HTTP Request: POST https://api.deepseek.com/v1/chat/completions "HTTP/1.1 200 OK"
2026-04-21 18:36:49,438 - httpx - INFO - HTTP Request: POST https://api.deepseek.com/v1/chat/completions "HTTP/1.1 200 OK"
2026-04-21 18:36:59,979 - sqlalchemy.engine.Engine - INFO - BEGIN (implicit)
2026-04-21 18:36:59,980 - sqlalchemy.engine.Engine - INFO - INSERT INTO memory_summary (session_id, thread_id, scope, source_message_count, summary_text, summary_json, created_at) VALUES ($1::VARCHAR, $2::VARCHAR, $3::VARCHAR, $4::INTEGER, $5::VARCHAR, $6::JSONB, $7::TIMESTAMP WITHOUT TIME ZONE) RETURNING memory_summary.id
2026-04-21 18:36:59,980 - sqlalchemy.engine.Engine - INFO - [generated in 0.00029s] ('12A3C', 'chat_12A3C', 'chat', 22, "标题：训练计划咨询与日常互动\n摘要：['用户请求推荐今天的训练计划，教练基于训练历史建议胸部训练以平衡肌肉发展。', '用户表示几天没练，教练纠正为只休息一天，并根据低强度训练记录推荐恢复性全身训练。', '用户多次打招呼，教练保持友好互动，提供训练选项并总结对话内容。', '教练强调训练质量、 ... (40 characters truncated) ... 录显示3月25-27日连续训练，包括背部、肩部、全身、手臂和腿部训练。；最新训练是3月27日的全身训练，包含杠铃平板卧推（5kg×5次，训练评分40分）。；用户只休息了一天（从3月27日训练到现在）。\n后续关注：恢复性全身训练以重新建立训练节奏；中等强度训练避免过度疲劳；平衡训练计划覆盖主要肌群", '{"summary": ["\\u7528\\u6237\\u8bf7\\u6c42\\u63a8\\u8350\\u4eca\\u5929\\u7684\\u8bad\\u7ec3\\u8ba1\\u5212\\uff0c\\u6559\\u7ec3\\u57fa\\u4e8e\\u8bad\\ ... (1824 characters truncated) ... a6\\u8bad\\u7ec3\\u907f\\u514d\\u8fc7\\u5ea6\\u75b2\\u52b3", "\\u5e73\\u8861\\u8bad\\u7ec3\\u8ba1\\u5212\\u8986\\u76d6\\u4e3b\\u8981\\u808c\\u7fa4"]}', datetime.datetime(2026, 4, 21, 18, 36, 59, 978796))
2026-04-21 18:36:59,987 - sqlalchemy.engine.Engine - INFO - COMMIT
2026-04-21 18:36:59,988 - sqlalchemy.engine.Engine - INFO - BEGIN (implicit)
2026-04-21 18:36:59,990 - sqlalchemy.engine.Engine - INFO - SELECT memory_summary.id, memory_summary.session_id, memory_summary.thread_id, memory_summary.scope, memory_summary.source_message_count, memory_summary.summary_text, memory_summary.summary_json, memory_summary.created_at 
FROM memory_summary 
WHERE memory_summary.id = $1::INTEGER
2026-04-21 18:36:59,990 - sqlalchemy.engine.Engine - INFO - [generated in 0.00018s] (1,)
2026-04-21 18:41:18,574 - sqlalchemy.pool.impl.AsyncAdaptedQueuePool - ERROR - The garbage collector is trying to clean up non-checked-in connection <AdaptedConnection <asyncpg.connection.Connection object at 0x0000027B46E53D40>>, which will be terminated.  Please ensure that SQLAlchemy pooled connections are returned to the pool explicitly, either by calling ``close()`` or by using appropriate context managers to manage their lifecycle.
2026-04-21 18:41:19,242 - httpx - INFO - HTTP Request: POST https://api.deepseek.com/v1/chat/completions "HTTP/1.1 200 OK"
2026-04-21 18:41:38,181 - httpx - INFO - HTTP Request: POST https://api.deepseek.com/v1/chat/completions "HTTP/1.1 200 OK"
2026-04-21 18:41:49,926 - sqlalchemy.engine.Engine - INFO - BEGIN (implicit)
2026-04-21 18:41:49,926 - sqlalchemy.engine.Engine - INFO - INSERT INTO memory_summary (session_id, thread_id, scope, source_message_count, summary_text, summary_json, created_at) VALUES ($1::VARCHAR, $2::VARCHAR, $3::VARCHAR, $4::INTEGER, $5::VARCHAR, $6::JSONB, $7::TIMESTAMP WITHOUT TIME ZONE) RETURNING memory_summary.id
2026-04-21 18:41:49,926 - sqlalchemy.engine.Engine - INFO - [cached since 289.9s ago] ('12A3C', 'chat_12A3C', 'chat', 24, "标题：训练计划咨询与互动测试\n摘要：['用户请求推荐今日训练计划，教练基于训练历史建议胸部训练或恢复性全身训练。', '用户表示几天没练，教练纠正实际只休息一天，并根据低强度训练记录调整建议。', '用户多次打招呼和测试，教练保持专业友好，提供多种选项并总结对话。', '教练通过工具查询用户训练 ... (51 characters truncated) ... 信号调整计划。']\n关键信息：最近训练记录显示3月25-27日连续训练，包括背部、肩部、全身、手臂、腿部训练。；最新训练在3月27日进行全身训练，主要是杠铃平板卧推，重量5kg，5次，训练评分40分。；用户只休息了一天（从昨天训练到现在）。\n后续关注：恢复性训练执行；动作质量控制；训练记录跟踪", '{"summary": ["\\u7528\\u6237\\u8bf7\\u6c42\\u63a8\\u8350\\u4eca\\u65e5\\u8bad\\u7ec3\\u8ba1\\u5212\\uff0c\\u6559\\u7ec3\\u57fa\\u4e8e\\u8bad\\u7ec3\\ ... (1895 characters truncated) ... ": ["\\u6062\\u590d\\u6027\\u8bad\\u7ec3\\u6267\\u884c", "\\u52a8\\u4f5c\\u8d28\\u91cf\\u63a7\\u5236", "\\u8bad\\u7ec3\\u8bb0\\u5f55\\u8ddf\\u8e2a"]}', datetime.datetime(2026, 4, 21, 18, 41, 49, 848787))
2026-04-21 18:41:49,929 - sqlalchemy.engine.Engine - INFO - COMMIT
2026-04-21 18:41:49,930 - sqlalchemy.engine.Engine - INFO - BEGIN (implicit)
2026-04-21 18:41:49,931 - sqlalchemy.engine.Engine - INFO - SELECT memory_summary.id, memory_summary.session_id, memory_summary.thread_id, memory_summary.scope, memory_summary.source_message_count, memory_summary.summary_text, memory_summary.summary_json, memory_summary.created_at 
FROM memory_summary 
WHERE memory_summary.id = $1::INTEGER
2026-04-21 18:41:49,931 - sqlalchemy.engine.Engine - INFO - [cached since 289.9s ago] (2,)
2026-04-21 18:47:47,677 - sqlalchemy.pool.impl.AsyncAdaptedQueuePool - ERROR - Exception terminating connection <AdaptedConnection <asyncpg.connection.Connection object at 0x0000027B7286B2F0>>
Traceback (most recent call last):
  File "E:\ai_Practise\MuscleGuard\.venv\Lib\site-packages\sqlalchemy\pool\base.py", line 373, in _close_connection
    self._dialect.do_terminate(connection)
  File "E:\ai_Practise\MuscleGuard\.venv\Lib\site-packages\sqlalchemy\dialects\postgresql\asyncpg.py", line 1127, in do_terminate
    dbapi_connection.terminate()
  File "E:\ai_Practise\MuscleGuard\.venv\Lib\site-packages\sqlalchemy\connectors\asyncio.py", line 415, in terminate
    self._terminate_force_close()
  File "E:\ai_Practise\MuscleGuard\.venv\Lib\site-packages\sqlalchemy\dialects\postgresql\asyncpg.py", line 916, in _terminate_force_close
    self._connection.terminate()
  File "E:\ai_Practise\MuscleGuard\.venv\Lib\site-packages\asyncpg\connection.py", line 1524, in terminate
    self._abort()
  File "E:\ai_Practise\MuscleGuard\.venv\Lib\site-packages\asyncpg\connection.py", line 1576, in _abort
    self._protocol.abort()
  File "asyncpg/protocol/protocol.pyx", line 599, in asyncpg.protocol.protocol.BaseProtocol.abort
  File "C:\Users\26071\AppData\Local\Programs\Python\Python312\Lib\asyncio\selector_events.py", line 836, in abort
    self._force_close(None)
  File "C:\Users\26071\AppData\Local\Programs\Python\Python312\Lib\asyncio\selector_events.py", line 906, in _force_close
    self._loop.call_soon(self._call_connection_lost, exc)
  File "C:\Users\26071\AppData\Local\Programs\Python\Python312\Lib\asyncio\base_events.py", line 795, in call_soon
    self._check_closed()
  File "C:\Users\26071\AppData\Local\Programs\Python\Python312\Lib\asyncio\base_events.py", line 541, in _check_closed
    raise RuntimeError('Event loop is closed')
RuntimeError: Event loop is closed
2026-04-21 18:47:47,753 - sqlalchemy.pool.impl.AsyncAdaptedQueuePool - ERROR - The garbage collector is trying to clean up non-checked-in connection <AdaptedConnection <asyncpg.connection.Connection object at 0x0000027B7286B2F0>>, which will be terminated.  Please ensure that SQLAlchemy pooled connections are returned to the pool explicitly, either by calling ``close()`` or by using appropriate context managers to manage their lifecycle.
2026-04-21 18:48:07,727 - sqlalchemy.engine.Engine - INFO - select pg_catalog.version()
2026-04-21 18:48:07,727 - sqlalchemy.engine.Engine - INFO - [raw sql] ()
2026-04-21 18:48:07,728 - sqlalchemy.engine.Engine - INFO - select current_schema()
2026-04-21 18:48:07,729 - sqlalchemy.engine.Engine - INFO - [raw sql] ()
2026-04-21 18:48:07,729 - sqlalchemy.engine.Engine - INFO - show standard_conforming_strings
2026-04-21 18:48:07,730 - sqlalchemy.engine.Engine - INFO - [raw sql] ()
2026-04-21 18:48:07,730 - sqlalchemy.engine.Engine - INFO - BEGIN (implicit)
2026-04-21 18:48:07,733 - sqlalchemy.engine.Engine - INFO - SELECT pg_catalog.pg_class.relname 
FROM pg_catalog.pg_class JOIN pg_catalog.pg_namespace ON pg_catalog.pg_namespace.oid = pg_catalog.pg_class.relnamespace 
WHERE pg_catalog.pg_class.relname = $1::VARCHAR AND pg_catalog.pg_class.relkind = ANY (ARRAY[$2::VARCHAR, $3::VARCHAR, $4::VARCHAR, $5::VARCHAR, $6::VARCHAR]) AND pg_catalog.pg_table_is_visible(pg_catalog.pg_class.oid) AND pg_catalog.pg_namespace.nspname != $7::VARCHAR
2026-04-21 18:48:07,733 - sqlalchemy.engine.Engine - INFO - [generated in 0.00025s] ('base_exercise', 'r', 'p', 'f', 'v', 'm', 'pg_catalog')
2026-04-21 18:48:07,738 - sqlalchemy.engine.Engine - INFO - SELECT pg_catalog.pg_class.relname 
FROM pg_catalog.pg_class JOIN pg_catalog.pg_namespace ON pg_catalog.pg_namespace.oid = pg_catalog.pg_class.relnamespace 
WHERE pg_catalog.pg_class.relname = $1::VARCHAR AND pg_catalog.pg_class.relkind = ANY (ARRAY[$2::VARCHAR, $3::VARCHAR, $4::VARCHAR, $5::VARCHAR, $6::VARCHAR]) AND pg_catalog.pg_table_is_visible(pg_catalog.pg_class.oid) AND pg_catalog.pg_namespace.nspname != $7::VARCHAR
2026-04-21 18:48:07,738 - sqlalchemy.engine.Engine - INFO - [cached since 0.005373s ago] ('workoutplan', 'r', 'p', 'f', 'v', 'm', 'pg_catalog')
2026-04-21 18:48:07,739 - sqlalchemy.engine.Engine - INFO - SELECT pg_catalog.pg_class.relname 
FROM pg_catalog.pg_class JOIN pg_catalog.pg_namespace ON pg_catalog.pg_namespace.oid = pg_catalog.pg_class.relnamespace 
WHERE pg_catalog.pg_class.relname = $1::VARCHAR AND pg_catalog.pg_class.relkind = ANY (ARRAY[$2::VARCHAR, $3::VARCHAR, $4::VARCHAR, $5::VARCHAR, $6::VARCHAR]) AND pg_catalog.pg_table_is_visible(pg_catalog.pg_class.oid) AND pg_catalog.pg_namespace.nspname != $7::VARCHAR
2026-04-21 18:48:07,739 - sqlalchemy.engine.Engine - INFO - [cached since 0.006017s ago] ('planexercise', 'r', 'p', 'f', 'v', 'm', 'pg_catalog')
2026-04-21 18:48:07,739 - sqlalchemy.engine.Engine - INFO - SELECT pg_catalog.pg_class.relname 
FROM pg_catalog.pg_class JOIN pg_catalog.pg_namespace ON pg_catalog.pg_namespace.oid = pg_catalog.pg_class.relnamespace 
WHERE pg_catalog.pg_class.relname = $1::VARCHAR AND pg_catalog.pg_class.relkind = ANY (ARRAY[$2::VARCHAR, $3::VARCHAR, $4::VARCHAR, $5::VARCHAR, $6::VARCHAR]) AND pg_catalog.pg_table_is_visible(pg_catalog.pg_class.oid) AND pg_catalog.pg_namespace.nspname != $7::VARCHAR
2026-04-21 18:48:07,740 - sqlalchemy.engine.Engine - INFO - [cached since 0.006531s ago] ('exerciseset', 'r', 'p', 'f', 'v', 'm', 'pg_catalog')
2026-04-21 18:48:07,740 - sqlalchemy.engine.Engine - INFO - SELECT pg_catalog.pg_class.relname 
FROM pg_catalog.pg_class JOIN pg_catalog.pg_namespace ON pg_catalog.pg_namespace.oid = pg_catalog.pg_class.relnamespace 
WHERE pg_catalog.pg_class.relname = $1::VARCHAR AND pg_catalog.pg_class.relkind = ANY (ARRAY[$2::VARCHAR, $3::VARCHAR, $4::VARCHAR, $5::VARCHAR, $6::VARCHAR]) AND pg_catalog.pg_table_is_visible(pg_catalog.pg_class.oid) AND pg_catalog.pg_namespace.nspname != $7::VARCHAR
2026-04-21 18:48:07,740 - sqlalchemy.engine.Engine - INFO - [cached since 0.007039s ago] ('user', 'r', 'p', 'f', 'v', 'm', 'pg_catalog')
2026-04-21 18:48:07,740 - sqlalchemy.engine.Engine - INFO - SELECT pg_catalog.pg_class.relname 
FROM pg_catalog.pg_class JOIN pg_catalog.pg_namespace ON pg_catalog.pg_namespace.oid = pg_catalog.pg_class.relnamespace 
WHERE pg_catalog.pg_class.relname = $1::VARCHAR AND pg_catalog.pg_class.relkind = ANY (ARRAY[$2::VARCHAR, $3::VARCHAR, $4::VARCHAR, $5::VARCHAR, $6::VARCHAR]) AND pg_catalog.pg_table_is_visible(pg_catalog.pg_class.oid) AND pg_catalog.pg_namespace.nspname != $7::VARCHAR
2026-04-21 18:48:07,741 - sqlalchemy.engine.Engine - INFO - [cached since 0.007543s ago] ('memory_summary', 'r', 'p', 'f', 'v', 'm', 'pg_catalog')
2026-04-21 18:48:07,741 - sqlalchemy.engine.Engine - INFO - COMMIT
2026-04-21 18:49:06,520 - sqlalchemy.engine.Engine - INFO - BEGIN (implicit)
2026-04-21 18:49:06,531 - sqlalchemy.engine.Engine - INFO - SELECT "user".session_id, "user".name, "user".age, "user".height, "user".weight 
FROM "user" 
WHERE "user".session_id = $1::VARCHAR
2026-04-21 18:49:06,531 - sqlalchemy.engine.Engine - INFO - [generated in 0.00033s] ('12A3C',)
2026-04-21 18:49:06,535 - sqlalchemy.engine.Engine - INFO - ROLLBACK
2026-04-21 18:49:16,449 - httpx - INFO - HTTP Request: POST https://api.deepseek.com/v1/chat/completions "HTTP/1.1 200 OK"
2026-04-21 18:49:31,695 - httpx - INFO - HTTP Request: POST https://api.deepseek.com/v1/chat/completions "HTTP/1.1 200 OK"
2026-04-21 18:49:40,906 - sqlalchemy.engine.Engine - INFO - BEGIN (implicit)
2026-04-21 18:49:40,907 - sqlalchemy.engine.Engine - INFO - INSERT INTO memory_summary (session_id, thread_id, scope, source_message_count, summary_text, summary_json, created_at) VALUES ($1::VARCHAR, $2::VARCHAR, $3::VARCHAR, $4::INTEGER, $5::VARCHAR, $6::JSONB, $7::TIMESTAMP WITHOUT TIME ZONE) RETURNING memory_summary.id
2026-04-21 18:49:40,907 - sqlalchemy.engine.Engine - INFO - [generated in 0.00021s] ('12A3C', 'chat_12A3C', 'chat', 26, "标题：训练计划咨询与互动测试\n摘要：['用户请求推荐今日训练计划，教练基于训练历史建议胸部训练或恢复性全身训练。', '用户误以为几天没练，教练澄清只休息一天并调整建议为中等强度全身训练。', '用户多次打招呼和测试，教练保持专业回应并提供多种健身指导选项。', '教练展示了工具使用能力，包括查 ... (38 characters truncated) ... 标或训练模式。']\n关键信息：最近训练记录显示3月25-27日连续训练，包括背部、肩部、全身、手臂和腿部训练。；最新训练是3月27日的全身训练，包含杠铃平板卧推（5kg×5次，训练评分40分）。；用户只休息了一天（从昨天训练到现在）。\n后续关注：恢复性训练执行；动作质量提升；训练计划个性化调整", '{"summary": ["\\u7528\\u6237\\u8bf7\\u6c42\\u63a8\\u8350\\u4eca\\u65e5\\u8bad\\u7ec3\\u8ba1\\u5212\\uff0c\\u6559\\u7ec3\\u57fa\\u4e8e\\u8bad\\u7ec3\\ ... (1804 characters truncated) ... u6027\\u8bad\\u7ec3\\u6267\\u884c", "\\u52a8\\u4f5c\\u8d28\\u91cf\\u63d0\\u5347", "\\u8bad\\u7ec3\\u8ba1\\u5212\\u4e2a\\u6027\\u5316\\u8c03\\u6574"]}', datetime.datetime(2026, 4, 21, 18, 49, 40, 905381))
2026-04-21 18:49:40,910 - sqlalchemy.engine.Engine - INFO - COMMIT
2026-04-21 18:49:40,912 - sqlalchemy.engine.Engine - INFO - BEGIN (implicit)
2026-04-21 18:49:40,913 - sqlalchemy.engine.Engine - INFO - SELECT memory_summary.id, memory_summary.session_id, memory_summary.thread_id, memory_summary.scope, memory_summary.source_message_count, memory_summary.summary_text, memory_summary.summary_json, memory_summary.created_at 
FROM memory_summary 
WHERE memory_summary.id = $1::INTEGER
2026-04-21 18:49:40,913 - sqlalchemy.engine.Engine - INFO - [generated in 0.00016s] (3,)
2026-04-21 18:57:07,312 - sqlalchemy.pool.impl.AsyncAdaptedQueuePool - ERROR - Exception terminating connection <AdaptedConnection <asyncpg.connection.Connection object at 0x000001EA9F187C50>>
Traceback (most recent call last):
  File "E:\ai_Practise\MuscleGuard\.venv\Lib\site-packages\sqlalchemy\pool\base.py", line 373, in _close_connection
    self._dialect.do_terminate(connection)
  File "E:\ai_Practise\MuscleGuard\.venv\Lib\site-packages\sqlalchemy\dialects\postgresql\asyncpg.py", line 1127, in do_terminate
    dbapi_connection.terminate()
  File "E:\ai_Practise\MuscleGuard\.venv\Lib\site-packages\sqlalchemy\connectors\asyncio.py", line 415, in terminate
    self._terminate_force_close()
  File "E:\ai_Practise\MuscleGuard\.venv\Lib\site-packages\sqlalchemy\dialects\postgresql\asyncpg.py", line 916, in _terminate_force_close
    self._connection.terminate()
  File "E:\ai_Practise\MuscleGuard\.venv\Lib\site-packages\asyncpg\connection.py", line 1524, in terminate
    self._abort()
  File "E:\ai_Practise\MuscleGuard\.venv\Lib\site-packages\asyncpg\connection.py", line 1576, in _abort
    self._protocol.abort()
  File "asyncpg/protocol/protocol.pyx", line 599, in asyncpg.protocol.protocol.BaseProtocol.abort
  File "C:\Users\26071\AppData\Local\Programs\Python\Python312\Lib\asyncio\selector_events.py", line 836, in abort
    self._force_close(None)
  File "C:\Users\26071\AppData\Local\Programs\Python\Python312\Lib\asyncio\selector_events.py", line 906, in _force_close
    self._loop.call_soon(self._call_connection_lost, exc)
  File "C:\Users\26071\AppData\Local\Programs\Python\Python312\Lib\asyncio\base_events.py", line 795, in call_soon
    self._check_closed()
  File "C:\Users\26071\AppData\Local\Programs\Python\Python312\Lib\asyncio\base_events.py", line 541, in _check_closed
    raise RuntimeError('Event loop is closed')
RuntimeError: Event loop is closed
2026-04-21 18:57:07,316 - sqlalchemy.pool.impl.AsyncAdaptedQueuePool - ERROR - The garbage collector is trying to clean up non-checked-in connection <AdaptedConnection <asyncpg.connection.Connection object at 0x000001EA9F187C50>>, which will be terminated.  Please ensure that SQLAlchemy pooled connections are returned to the pool explicitly, either by calling ``close()`` or by using appropriate context managers to manage their lifecycle.
2026-04-21 18:57:26,974 - sqlalchemy.engine.Engine - INFO - select pg_catalog.version()
2026-04-21 18:57:26,974 - sqlalchemy.engine.Engine - INFO - [raw sql] ()
2026-04-21 18:57:26,976 - sqlalchemy.engine.Engine - INFO - select current_schema()
2026-04-21 18:57:26,976 - sqlalchemy.engine.Engine - INFO - [raw sql] ()
2026-04-21 18:57:26,977 - sqlalchemy.engine.Engine - INFO - show standard_conforming_strings
2026-04-21 18:57:26,977 - sqlalchemy.engine.Engine - INFO - [raw sql] ()
2026-04-21 18:57:26,978 - sqlalchemy.engine.Engine - INFO - BEGIN (implicit)
2026-04-21 18:57:26,980 - sqlalchemy.engine.Engine - INFO - SELECT pg_catalog.pg_class.relname 
FROM pg_catalog.pg_class JOIN pg_catalog.pg_namespace ON pg_catalog.pg_namespace.oid = pg_catalog.pg_class.relnamespace 
WHERE pg_catalog.pg_class.relname = $1::VARCHAR AND pg_catalog.pg_class.relkind = ANY (ARRAY[$2::VARCHAR, $3::VARCHAR, $4::VARCHAR, $5::VARCHAR, $6::VARCHAR]) AND pg_catalog.pg_table_is_visible(pg_catalog.pg_class.oid) AND pg_catalog.pg_namespace.nspname != $7::VARCHAR
2026-04-21 18:57:26,981 - sqlalchemy.engine.Engine - INFO - [generated in 0.00020s] ('base_exercise', 'r', 'p', 'f', 'v', 'm', 'pg_catalog')
2026-04-21 18:57:26,986 - sqlalchemy.engine.Engine - INFO - SELECT pg_catalog.pg_class.relname 
FROM pg_catalog.pg_class JOIN pg_catalog.pg_namespace ON pg_catalog.pg_namespace.oid = pg_catalog.pg_class.relnamespace 
WHERE pg_catalog.pg_class.relname = $1::VARCHAR AND pg_catalog.pg_class.relkind = ANY (ARRAY[$2::VARCHAR, $3::VARCHAR, $4::VARCHAR, $5::VARCHAR, $6::VARCHAR]) AND pg_catalog.pg_table_is_visible(pg_catalog.pg_class.oid) AND pg_catalog.pg_namespace.nspname != $7::VARCHAR
2026-04-21 18:57:26,986 - sqlalchemy.engine.Engine - INFO - [cached since 0.005632s ago] ('workoutplan', 'r', 'p', 'f', 'v', 'm', 'pg_catalog')
2026-04-21 18:57:26,987 - sqlalchemy.engine.Engine - INFO - SELECT pg_catalog.pg_class.relname 
FROM pg_catalog.pg_class JOIN pg_catalog.pg_namespace ON pg_catalog.pg_namespace.oid = pg_catalog.pg_class.relnamespace 
WHERE pg_catalog.pg_class.relname = $1::VARCHAR AND pg_catalog.pg_class.relkind = ANY (ARRAY[$2::VARCHAR, $3::VARCHAR, $4::VARCHAR, $5::VARCHAR, $6::VARCHAR]) AND pg_catalog.pg_table_is_visible(pg_catalog.pg_class.oid) AND pg_catalog.pg_namespace.nspname != $7::VARCHAR
2026-04-21 18:57:26,987 - sqlalchemy.engine.Engine - INFO - [cached since 0.00627s ago] ('planexercise', 'r', 'p', 'f', 'v', 'm', 'pg_catalog')
2026-04-21 18:57:26,987 - sqlalchemy.engine.Engine - INFO - SELECT pg_catalog.pg_class.relname 
FROM pg_catalog.pg_class JOIN pg_catalog.pg_namespace ON pg_catalog.pg_namespace.oid = pg_catalog.pg_class.relnamespace 
WHERE pg_catalog.pg_class.relname = $1::VARCHAR AND pg_catalog.pg_class.relkind = ANY (ARRAY[$2::VARCHAR, $3::VARCHAR, $4::VARCHAR, $5::VARCHAR, $6::VARCHAR]) AND pg_catalog.pg_table_is_visible(pg_catalog.pg_class.oid) AND pg_catalog.pg_namespace.nspname != $7::VARCHAR
2026-04-21 18:57:26,987 - sqlalchemy.engine.Engine - INFO - [cached since 0.006786s ago] ('exerciseset', 'r', 'p', 'f', 'v', 'm', 'pg_catalog')
2026-04-21 18:57:26,988 - sqlalchemy.engine.Engine - INFO - SELECT pg_catalog.pg_class.relname 
FROM pg_catalog.pg_class JOIN pg_catalog.pg_namespace ON pg_catalog.pg_namespace.oid = pg_catalog.pg_class.relnamespace 
WHERE pg_catalog.pg_class.relname = $1::VARCHAR AND pg_catalog.pg_class.relkind = ANY (ARRAY[$2::VARCHAR, $3::VARCHAR, $4::VARCHAR, $5::VARCHAR, $6::VARCHAR]) AND pg_catalog.pg_table_is_visible(pg_catalog.pg_class.oid) AND pg_catalog.pg_namespace.nspname != $7::VARCHAR
2026-04-21 18:57:26,988 - sqlalchemy.engine.Engine - INFO - [cached since 0.007353s ago] ('user', 'r', 'p', 'f', 'v', 'm', 'pg_catalog')
2026-04-21 18:57:26,988 - sqlalchemy.engine.Engine - INFO - SELECT pg_catalog.pg_class.relname 
FROM pg_catalog.pg_class JOIN pg_catalog.pg_namespace ON pg_catalog.pg_namespace.oid = pg_catalog.pg_class.relnamespace 
WHERE pg_catalog.pg_class.relname = $1::VARCHAR AND pg_catalog.pg_class.relkind = ANY (ARRAY[$2::VARCHAR, $3::VARCHAR, $4::VARCHAR, $5::VARCHAR, $6::VARCHAR]) AND pg_catalog.pg_table_is_visible(pg_catalog.pg_class.oid) AND pg_catalog.pg_namespace.nspname != $7::VARCHAR
2026-04-21 18:57:26,988 - sqlalchemy.engine.Engine - INFO - [cached since 0.007874s ago] ('memory_summary', 'r', 'p', 'f', 'v', 'm', 'pg_catalog')
2026-04-21 18:57:26,989 - sqlalchemy.engine.Engine - INFO - COMMIT
2026-04-21 18:57:34,585 - sqlalchemy.engine.Engine - INFO - BEGIN (implicit)
2026-04-21 18:57:34,595 - sqlalchemy.engine.Engine - INFO - SELECT "user".session_id, "user".name, "user".age, "user".height, "user".weight 
FROM "user" 
WHERE "user".session_id = $1::VARCHAR
2026-04-21 18:57:34,595 - sqlalchemy.engine.Engine - INFO - [generated in 0.00025s] ('12A3C',)
2026-04-21 18:57:34,599 - sqlalchemy.engine.Engine - INFO - ROLLBACK
2026-04-21 18:57:39,281 - httpx - INFO - HTTP Request: POST https://api.deepseek.com/v1/chat/completions "HTTP/1.1 200 OK"
2026-04-21 18:57:50,835 - httpx - INFO - HTTP Request: POST https://api.deepseek.com/v1/chat/completions "HTTP/1.1 200 OK"
2026-04-21 18:58:02,350 - sqlalchemy.engine.Engine - INFO - BEGIN (implicit)
2026-04-21 18:58:02,352 - sqlalchemy.engine.Engine - INFO - INSERT INTO memory_summary (session_id, thread_id, scope, source_message_count, summary_text, summary_json, created_at) VALUES ($1::VARCHAR, $2::VARCHAR, $3::VARCHAR, $4::INTEGER, $5::VARCHAR, $6::JSONB, $7::TIMESTAMP WITHOUT TIME ZONE) RETURNING memory_summary.id
2026-04-21 18:58:02,352 - sqlalchemy.engine.Engine - INFO - [generated in 0.00028s] ('12A3C', 'chat_12A3C', 'chat', 28, '标题：训练计划咨询与互动测试\n摘要：[\'用户请求推荐今日训练计划，教练基于训练历史建议胸部训练或恢复性全身训练。\', \'用户表示几天没练，教练纠正为只休息一天，并根据低强度训练记录调整建议为恢复性全身训练。\', \'用户多次打招呼和测试，教练保持专业回应，提供多种选项如训练、学习、数据分 ... (159 characters truncated) ... 日全身训练，主要是杠铃平板卧推，重量5kg，5次，训练评分40分。；用户只休息了一天（从3月27日训练到现在）。\n后续关注：根据用户反馈明确今日训练意图，如选择恢复性全身训练或调整计划。；加强动作质量控制，避免因低强度训练导致的潜在技术问题。；关注用户训练频率与恢复平衡，防止过度训练或训练不足。', '{"summary": ["\\u7528\\u6237\\u8bf7\\u6c42\\u63a8\\u8350\\u4eca\\u65e5\\u8bad\\u7ec3\\u8ba1\\u5212\\uff0c\\u6559\\u7ec3\\u57fa\\u4e8e\\u8bad\\u7ec3\\ ... (2457 characters truncated) ... \u7ec3\\u9891\\u7387\\u4e0e\\u6062\\u590d\\u5e73\\u8861\\uff0c\\u9632\\u6b62\\u8fc7\\u5ea6\\u8bad\\u7ec3\\u6216\\u8bad\\u7ec3\\u4e0d\\u8db3\\u3002"]}', datetime.datetime(2026, 4, 21, 18, 58, 2, 350839))
2026-04-21 18:58:02,356 - sqlalchemy.engine.Engine - INFO - COMMIT
2026-04-21 18:58:02,358 - sqlalchemy.engine.Engine - INFO - BEGIN (implicit)
2026-04-21 18:58:02,359 - sqlalchemy.engine.Engine - INFO - SELECT memory_summary.id, memory_summary.session_id, memory_summary.thread_id, memory_summary.scope, memory_summary.source_message_count, memory_summary.summary_text, memory_summary.summary_json, memory_summary.created_at 
FROM memory_summary 
WHERE memory_summary.id = $1::INTEGER
2026-04-21 18:58:02,359 - sqlalchemy.engine.Engine - INFO - [generated in 0.00023s] (4,)
2026-04-21 19:01:29,754 - sqlalchemy.pool.impl.AsyncAdaptedQueuePool - ERROR - Exception terminating connection <AdaptedConnection <asyncpg.connection.Connection object at 0x00000213F3C7D8B0>>
Traceback (most recent call last):
  File "E:\ai_Practise\MuscleGuard\.venv\Lib\site-packages\sqlalchemy\pool\base.py", line 373, in _close_connection
    self._dialect.do_terminate(connection)
  File "E:\ai_Practise\MuscleGuard\.venv\Lib\site-packages\sqlalchemy\dialects\postgresql\asyncpg.py", line 1127, in do_terminate
    dbapi_connection.terminate()
  File "E:\ai_Practise\MuscleGuard\.venv\Lib\site-packages\sqlalchemy\connectors\asyncio.py", line 415, in terminate
    self._terminate_force_close()
  File "E:\ai_Practise\MuscleGuard\.venv\Lib\site-packages\sqlalchemy\dialects\postgresql\asyncpg.py", line 916, in _terminate_force_close
    self._connection.terminate()
  File "E:\ai_Practise\MuscleGuard\.venv\Lib\site-packages\asyncpg\connection.py", line 1524, in terminate
    self._abort()
  File "E:\ai_Practise\MuscleGuard\.venv\Lib\site-packages\asyncpg\connection.py", line 1576, in _abort
    self._protocol.abort()
  File "asyncpg/protocol/protocol.pyx", line 599, in asyncpg.protocol.protocol.BaseProtocol.abort
  File "C:\Users\26071\AppData\Local\Programs\Python\Python312\Lib\asyncio\selector_events.py", line 836, in abort
    self._force_close(None)
  File "C:\Users\26071\AppData\Local\Programs\Python\Python312\Lib\asyncio\selector_events.py", line 906, in _force_close
    self._loop.call_soon(self._call_connection_lost, exc)
  File "C:\Users\26071\AppData\Local\Programs\Python\Python312\Lib\asyncio\base_events.py", line 795, in call_soon
    self._check_closed()
  File "C:\Users\26071\AppData\Local\Programs\Python\Python312\Lib\asyncio\base_events.py", line 541, in _check_closed
    raise RuntimeError('Event loop is closed')
RuntimeError: Event loop is closed
2026-04-21 19:01:29,757 - sqlalchemy.pool.impl.AsyncAdaptedQueuePool - ERROR - The garbage collector is trying to clean up non-checked-in connection <AdaptedConnection <asyncpg.connection.Connection object at 0x00000213F3C7D8B0>>, which will be terminated.  Please ensure that SQLAlchemy pooled connections are returned to the pool explicitly, either by calling ``close()`` or by using appropriate context managers to manage their lifecycle.
2026-04-21 19:03:48,610 - sqlalchemy.engine.Engine - INFO - select pg_catalog.version()
2026-04-21 19:03:48,610 - sqlalchemy.engine.Engine - INFO - [raw sql] ()
2026-04-21 19:03:48,612 - sqlalchemy.engine.Engine - INFO - select current_schema()
2026-04-21 19:03:48,612 - sqlalchemy.engine.Engine - INFO - [raw sql] ()
2026-04-21 19:03:48,613 - sqlalchemy.engine.Engine - INFO - show standard_conforming_strings
2026-04-21 19:03:48,613 - sqlalchemy.engine.Engine - INFO - [raw sql] ()
2026-04-21 19:03:48,614 - sqlalchemy.engine.Engine - INFO - BEGIN (implicit)
2026-04-21 19:03:48,616 - sqlalchemy.engine.Engine - INFO - SELECT pg_catalog.pg_class.relname 
FROM pg_catalog.pg_class JOIN pg_catalog.pg_namespace ON pg_catalog.pg_namespace.oid = pg_catalog.pg_class.relnamespace 
WHERE pg_catalog.pg_class.relname = $1::VARCHAR AND pg_catalog.pg_class.relkind = ANY (ARRAY[$2::VARCHAR, $3::VARCHAR, $4::VARCHAR, $5::VARCHAR, $6::VARCHAR]) AND pg_catalog.pg_table_is_visible(pg_catalog.pg_class.oid) AND pg_catalog.pg_namespace.nspname != $7::VARCHAR
2026-04-21 19:03:48,617 - sqlalchemy.engine.Engine - INFO - [generated in 0.00020s] ('base_exercise', 'r', 'p', 'f', 'v', 'm', 'pg_catalog')
2026-04-21 19:03:48,621 - sqlalchemy.engine.Engine - INFO - SELECT pg_catalog.pg_class.relname 
FROM pg_catalog.pg_class JOIN pg_catalog.pg_namespace ON pg_catalog.pg_namespace.oid = pg_catalog.pg_class.relnamespace 
WHERE pg_catalog.pg_class.relname = $1::VARCHAR AND pg_catalog.pg_class.relkind = ANY (ARRAY[$2::VARCHAR, $3::VARCHAR, $4::VARCHAR, $5::VARCHAR, $6::VARCHAR]) AND pg_catalog.pg_table_is_visible(pg_catalog.pg_class.oid) AND pg_catalog.pg_namespace.nspname != $7::VARCHAR
2026-04-21 19:03:48,622 - sqlalchemy.engine.Engine - INFO - [cached since 0.00538s ago] ('workoutplan', 'r', 'p', 'f', 'v', 'm', 'pg_catalog')
2026-04-21 19:03:48,622 - sqlalchemy.engine.Engine - INFO - SELECT pg_catalog.pg_class.relname 
FROM pg_catalog.pg_class JOIN pg_catalog.pg_namespace ON pg_catalog.pg_namespace.oid = pg_catalog.pg_class.relnamespace 
WHERE pg_catalog.pg_class.relname = $1::VARCHAR AND pg_catalog.pg_class.relkind = ANY (ARRAY[$2::VARCHAR, $3::VARCHAR, $4::VARCHAR, $5::VARCHAR, $6::VARCHAR]) AND pg_catalog.pg_table_is_visible(pg_catalog.pg_class.oid) AND pg_catalog.pg_namespace.nspname != $7::VARCHAR
2026-04-21 19:03:48,622 - sqlalchemy.engine.Engine - INFO - [cached since 0.006015s ago] ('planexercise', 'r', 'p', 'f', 'v', 'm', 'pg_catalog')
2026-04-21 19:03:48,623 - sqlalchemy.engine.Engine - INFO - SELECT pg_catalog.pg_class.relname 
FROM pg_catalog.pg_class JOIN pg_catalog.pg_namespace ON pg_catalog.pg_namespace.oid = pg_catalog.pg_class.relnamespace 
WHERE pg_catalog.pg_class.relname = $1::VARCHAR AND pg_catalog.pg_class.relkind = ANY (ARRAY[$2::VARCHAR, $3::VARCHAR, $4::VARCHAR, $5::VARCHAR, $6::VARCHAR]) AND pg_catalog.pg_table_is_visible(pg_catalog.pg_class.oid) AND pg_catalog.pg_namespace.nspname != $7::VARCHAR
2026-04-21 19:03:48,623 - sqlalchemy.engine.Engine - INFO - [cached since 0.006538s ago] ('exerciseset', 'r', 'p', 'f', 'v', 'm', 'pg_catalog')
2026-04-21 19:03:48,623 - sqlalchemy.engine.Engine - INFO - SELECT pg_catalog.pg_class.relname 
FROM pg_catalog.pg_class JOIN pg_catalog.pg_namespace ON pg_catalog.pg_namespace.oid = pg_catalog.pg_class.relnamespace 
WHERE pg_catalog.pg_class.relname = $1::VARCHAR AND pg_catalog.pg_class.relkind = ANY (ARRAY[$2::VARCHAR, $3::VARCHAR, $4::VARCHAR, $5::VARCHAR, $6::VARCHAR]) AND pg_catalog.pg_table_is_visible(pg_catalog.pg_class.oid) AND pg_catalog.pg_namespace.nspname != $7::VARCHAR
2026-04-21 19:03:48,623 - sqlalchemy.engine.Engine - INFO - [cached since 0.007046s ago] ('user', 'r', 'p', 'f', 'v', 'm', 'pg_catalog')
2026-04-21 19:03:48,624 - sqlalchemy.engine.Engine - INFO - SELECT pg_catalog.pg_class.relname 
FROM pg_catalog.pg_class JOIN pg_catalog.pg_namespace ON pg_catalog.pg_namespace.oid = pg_catalog.pg_class.relnamespace 
WHERE pg_catalog.pg_class.relname = $1::VARCHAR AND pg_catalog.pg_class.relkind = ANY (ARRAY[$2::VARCHAR, $3::VARCHAR, $4::VARCHAR, $5::VARCHAR, $6::VARCHAR]) AND pg_catalog.pg_table_is_visible(pg_catalog.pg_class.oid) AND pg_catalog.pg_namespace.nspname != $7::VARCHAR
2026-04-21 19:03:48,624 - sqlalchemy.engine.Engine - INFO - [cached since 0.00755s ago] ('memory_summary', 'r', 'p', 'f', 'v', 'm', 'pg_catalog')
2026-04-21 19:03:48,624 - sqlalchemy.engine.Engine - INFO - COMMIT
2026-04-21 19:03:59,347 - sqlalchemy.engine.Engine - INFO - BEGIN (implicit)
2026-04-21 19:03:59,357 - sqlalchemy.engine.Engine - INFO - SELECT "user".session_id, "user".name, "user".age, "user".height, "user".weight 
FROM "user" 
WHERE "user".session_id = $1::VARCHAR
2026-04-21 19:03:59,357 - sqlalchemy.engine.Engine - INFO - [generated in 0.00025s] ('12A3C',)
2026-04-21 19:03:59,361 - sqlalchemy.engine.Engine - INFO - ROLLBACK
2026-04-21 19:04:03,380 - httpx - INFO - HTTP Request: POST https://api.deepseek.com/v1/chat/completions "HTTP/1.1 200 OK"
2026-04-21 19:04:16,176 - sqlalchemy.engine.Engine - INFO - BEGIN (implicit)
2026-04-21 19:04:16,177 - sqlalchemy.engine.Engine - INFO - SELECT workoutplan.id, workoutplan.session_id, workoutplan.plan_name, workoutplan.created_at 
FROM workoutplan 
WHERE workoutplan.session_id = $1::VARCHAR 
 LIMIT $2::INTEGER
2026-04-21 19:04:16,177 - sqlalchemy.engine.Engine - INFO - [generated in 0.00022s] ('12A3C', 10)
2026-04-21 19:04:16,458 - httpx - INFO - HTTP Request: POST https://api.deepseek.com/v1/chat/completions "HTTP/1.1 200 OK"
2026-04-21 19:04:19,847 - sqlalchemy.engine.Engine - INFO - SELECT exerciseset.id, exerciseset.weight, exerciseset.reps, exerciseset.peak_hr, exerciseset.rest_hr, exerciseset.score, exerciseset.created_at, base_exercise.name AS exercise_name, base_exercise.primary_muscles, base_exercise.equipment 
FROM exerciseset JOIN planexercise ON exerciseset.exercise_id = planexercise.id JOIN workoutplan ON planexercise.plan_id = workoutplan.id JOIN base_exercise ON planexercise.exercise_base_id = base_exercise.id 
WHERE workoutplan.id = $1::INTEGER ORDER BY exerciseset.id
2026-04-21 19:04:19,848 - sqlalchemy.engine.Engine - INFO - [generated in 0.00063s] (10,)
2026-04-21 19:04:20,113 - httpx - INFO - HTTP Request: POST https://api.deepseek.com/v1/chat/completions "HTTP/1.1 200 OK"
2026-04-21 19:04:33,888 - sqlalchemy.engine.Engine - INFO - ROLLBACK
2026-04-21 19:04:34,238 - httpx - INFO - HTTP Request: POST https://api.deepseek.com/v1/chat/completions "HTTP/1.1 200 OK"
2026-04-21 19:04:45,674 - sqlalchemy.engine.Engine - INFO - BEGIN (implicit)
2026-04-21 19:04:45,676 - sqlalchemy.engine.Engine - INFO - INSERT INTO memory_summary (session_id, thread_id, scope, source_message_count, summary_text, summary_json, created_at) VALUES ($1::VARCHAR, $2::VARCHAR, $3::VARCHAR, $4::INTEGER, $5::VARCHAR, $6::JSONB, $7::TIMESTAMP WITHOUT TIME ZONE) RETURNING memory_summary.id
2026-04-21 19:04:45,676 - sqlalchemy.engine.Engine - INFO - [generated in 0.00022s] ('12A3C', 'chat_12A3C', 'chat', 34, "标题：训练计划咨询与互动测试\n摘要：['用户请求推荐今日训练计划，AI基于训练历史建议胸部训练或恢复性全身训练。', '用户表示几天没练，AI纠正实际只休息一天，并根据低强度训练记录推荐恢复性全身训练。', '用户多次打招呼和简短输入，AI保持专业互动，提供多种健身选项并完成测试评估。', 'A ... (66 characters truncated) ... 全身、手臂和腿部训练。；最新训练是2026-03-27的全身训练，包含杠铃平板卧推，重量5kg，次数5，训练评分40。；用户只休息了一天（从昨天训练到现在）。\n后续关注：恢复性训练以避免过度疲劳，注重全身均衡发展。；动作质量控制和轻重量高次数的训练方式。；根据用户反馈调整训练计划，保持训练节奏。", '{"summary": ["\\u7528\\u6237\\u8bf7\\u6c42\\u63a8\\u8350\\u4eca\\u65e5\\u8bad\\u7ec3\\u8ba1\\u5212\\uff0cAI\\u57fa\\u4e8e\\u8bad\\u7ec3\\u5386\\u53f2 ... (1934 characters truncated) ... 02", "\\u6839\\u636e\\u7528\\u6237\\u53cd\\u9988\\u8c03\\u6574\\u8bad\\u7ec3\\u8ba1\\u5212\\uff0c\\u4fdd\\u6301\\u8bad\\u7ec3\\u8282\\u594f\\u3002"]}', datetime.datetime(2026, 4, 21, 19, 4, 45, 674731))
2026-04-21 19:04:45,679 - sqlalchemy.engine.Engine - INFO - COMMIT
2026-04-21 19:04:45,680 - sqlalchemy.engine.Engine - INFO - BEGIN (implicit)
2026-04-21 19:04:45,682 - sqlalchemy.engine.Engine - INFO - SELECT memory_summary.id, memory_summary.session_id, memory_summary.thread_id, memory_summary.scope, memory_summary.source_message_count, memory_summary.summary_text, memory_summary.summary_json, memory_summary.created_at 
FROM memory_summary 
WHERE memory_summary.id = $1::INTEGER
2026-04-21 19:04:45,682 - sqlalchemy.engine.Engine - INFO - [generated in 0.00018s] (5,)
2026-04-21 19:05:07,337 - httpx - INFO - HTTP Request: POST https://api.deepseek.com/v1/chat/completions "HTTP/1.1 200 OK"
2026-04-21 19:05:21,695 - httpx - INFO - HTTP Request: POST https://api.deepseek.com/v1/chat/completions "HTTP/1.1 200 OK"
2026-04-21 19:05:32,933 - sqlalchemy.engine.Engine - INFO - BEGIN (implicit)
2026-04-21 19:05:32,934 - sqlalchemy.engine.Engine - INFO - INSERT INTO memory_summary (session_id, thread_id, scope, source_message_count, summary_text, summary_json, created_at) VALUES ($1::VARCHAR, $2::VARCHAR, $3::VARCHAR, $4::INTEGER, $5::VARCHAR, $6::JSONB, $7::TIMESTAMP WITHOUT TIME ZONE) RETURNING memory_summary.id
2026-04-21 19:05:32,934 - sqlalchemy.engine.Engine - INFO - [cached since 47.26s ago] ('12A3C', 'chat_12A3C', 'chat', 36, '标题：训练计划咨询与互动测试\n摘要：[\'用户请求推荐今日训练计划，教练基于训练历史建议胸部训练或恢复性全身训练。\', \'用户表示几天没练，教练澄清只休息一天，并根据低强度训练记录调整建议为恢复性全身训练。\', \'用户多次打招呼和测试性输入，教练保持专业回应，提供多种选项并总结对话内容。 ... (114 characters truncated) ... 7日的背部、肩部、全身、手臂、腿部训练。；3月27日进行全身训练，动作是杠铃平板卧推，重量5kg，次数5次，训练评分40分。；用户只休息了一天（从3月27日训练到现在）。\n后续关注：恢复性训练以避免过度疲劳，注重全身均衡发展。；提高训练质量，如动作完整幅度和控制。；记录训练数据以便长期进步分析。', '{"summary": ["\\u7528\\u6237\\u8bf7\\u6c42\\u63a8\\u8350\\u4eca\\u65e5\\u8bad\\u7ec3\\u8ba1\\u5212\\uff0c\\u6559\\u7ec3\\u57fa\\u4e8e\\u8bad\\u7ec3\\ ... (2220 characters truncated) ... 45\\u5ea6\\u548c\\u63a7\\u5236\\u3002", "\\u8bb0\\u5f55\\u8bad\\u7ec3\\u6570\\u636e\\u4ee5\\u4fbf\\u957f\\u671f\\u8fdb\\u6b65\\u5206\\u6790\\u3002"]}', datetime.datetime(2026, 4, 21, 19, 5, 32, 855846))
2026-04-21 19:05:32,937 - sqlalchemy.engine.Engine - INFO - COMMIT
2026-04-21 19:05:32,938 - sqlalchemy.engine.Engine - INFO - BEGIN (implicit)
2026-04-21 19:05:32,938 - sqlalchemy.engine.Engine - INFO - SELECT memory_summary.id, memory_summary.session_id, memory_summary.thread_id, memory_summary.scope, memory_summary.source_message_count, memory_summary.summary_text, memory_summary.summary_json, memory_summary.created_at 
FROM memory_summary 
WHERE memory_summary.id = $1::INTEGER
2026-04-21 19:05:32,938 - sqlalchemy.engine.Engine - INFO - [cached since 47.26s ago] (6,)
2026-04-21 19:30:18,009 - sqlalchemy.pool.impl.AsyncAdaptedQueuePool - ERROR - Exception terminating connection <AdaptedConnection <asyncpg.connection.Connection object at 0x00000215D5C87D40>>
Traceback (most recent call last):
  File "E:\ai_Practise\MuscleGuard\.venv\Lib\site-packages\sqlalchemy\pool\base.py", line 373, in _close_connection
    self._dialect.do_terminate(connection)
  File "E:\ai_Practise\MuscleGuard\.venv\Lib\site-packages\sqlalchemy\dialects\postgresql\asyncpg.py", line 1127, in do_terminate
    dbapi_connection.terminate()
  File "E:\ai_Practise\MuscleGuard\.venv\Lib\site-packages\sqlalchemy\connectors\asyncio.py", line 415, in terminate
    self._terminate_force_close()
  File "E:\ai_Practise\MuscleGuard\.venv\Lib\site-packages\sqlalchemy\dialects\postgresql\asyncpg.py", line 916, in _terminate_force_close
    self._connection.terminate()
  File "E:\ai_Practise\MuscleGuard\.venv\Lib\site-packages\asyncpg\connection.py", line 1524, in terminate
    self._abort()
  File "E:\ai_Practise\MuscleGuard\.venv\Lib\site-packages\asyncpg\connection.py", line 1576, in _abort
    self._protocol.abort()
  File "asyncpg/protocol/protocol.pyx", line 599, in asyncpg.protocol.protocol.BaseProtocol.abort
  File "C:\Users\26071\AppData\Local\Programs\Python\Python312\Lib\asyncio\selector_events.py", line 836, in abort
    self._force_close(None)
  File "C:\Users\26071\AppData\Local\Programs\Python\Python312\Lib\asyncio\selector_events.py", line 906, in _force_close
    self._loop.call_soon(self._call_connection_lost, exc)
  File "C:\Users\26071\AppData\Local\Programs\Python\Python312\Lib\asyncio\base_events.py", line 795, in call_soon
    self._check_closed()
  File "C:\Users\26071\AppData\Local\Programs\Python\Python312\Lib\asyncio\base_events.py", line 541, in _check_closed
    raise RuntimeError('Event loop is closed')
RuntimeError: Event loop is closed
2026-04-21 19:30:18,013 - sqlalchemy.pool.impl.AsyncAdaptedQueuePool - ERROR - The garbage collector is trying to clean up non-checked-in connection <AdaptedConnection <asyncpg.connection.Connection object at 0x00000215D5C87D40>>, which will be terminated.  Please ensure that SQLAlchemy pooled connections are returned to the pool explicitly, either by calling ``close()`` or by using appropriate context managers to manage their lifecycle.
2026-04-21 19:30:18,014 - sqlalchemy.pool.impl.AsyncAdaptedQueuePool - ERROR - Exception terminating connection <AdaptedConnection <asyncpg.connection.Connection object at 0x0000021603003A70>>
Traceback (most recent call last):
  File "E:\ai_Practise\MuscleGuard\.venv\Lib\site-packages\sqlalchemy\pool\base.py", line 373, in _close_connection
    self._dialect.do_terminate(connection)
  File "E:\ai_Practise\MuscleGuard\.venv\Lib\site-packages\sqlalchemy\dialects\postgresql\asyncpg.py", line 1127, in do_terminate
    dbapi_connection.terminate()
  File "E:\ai_Practise\MuscleGuard\.venv\Lib\site-packages\sqlalchemy\connectors\asyncio.py", line 415, in terminate
    self._terminate_force_close()
  File "E:\ai_Practise\MuscleGuard\.venv\Lib\site-packages\sqlalchemy\dialects\postgresql\asyncpg.py", line 916, in _terminate_force_close
    self._connection.terminate()
  File "E:\ai_Practise\MuscleGuard\.venv\Lib\site-packages\asyncpg\connection.py", line 1524, in terminate
    self._abort()
  File "E:\ai_Practise\MuscleGuard\.venv\Lib\site-packages\asyncpg\connection.py", line 1576, in _abort
    self._protocol.abort()
  File "asyncpg/protocol/protocol.pyx", line 599, in asyncpg.protocol.protocol.BaseProtocol.abort
  File "C:\Users\26071\AppData\Local\Programs\Python\Python312\Lib\asyncio\selector_events.py", line 836, in abort
    self._force_close(None)
  File "C:\Users\26071\AppData\Local\Programs\Python\Python312\Lib\asyncio\selector_events.py", line 906, in _force_close
    self._loop.call_soon(self._call_connection_lost, exc)
  File "C:\Users\26071\AppData\Local\Programs\Python\Python312\Lib\asyncio\base_events.py", line 795, in call_soon
    self._check_closed()
  File "C:\Users\26071\AppData\Local\Programs\Python\Python312\Lib\asyncio\base_events.py", line 541, in _check_closed
    raise RuntimeError('Event loop is closed')
RuntimeError: Event loop is closed
2026-04-21 19:30:18,017 - sqlalchemy.pool.impl.AsyncAdaptedQueuePool - ERROR - The garbage collector is trying to clean up non-checked-in connection <AdaptedConnection <asyncpg.connection.Connection object at 0x0000021603003A70>>, which will be terminated.  Please ensure that SQLAlchemy pooled connections are returned to the pool explicitly, either by calling ``close()`` or by using appropriate context managers to manage their lifecycle.
2026-04-21 23:58:32,668 - sqlalchemy.engine.Engine - INFO - select pg_catalog.version()
2026-04-21 23:58:32,668 - sqlalchemy.engine.Engine - INFO - [raw sql] ()
2026-04-21 23:58:32,669 - sqlalchemy.engine.Engine - INFO - select current_schema()
2026-04-21 23:58:32,669 - sqlalchemy.engine.Engine - INFO - [raw sql] ()
2026-04-21 23:58:32,670 - sqlalchemy.engine.Engine - INFO - show standard_conforming_strings
2026-04-21 23:58:32,670 - sqlalchemy.engine.Engine - INFO - [raw sql] ()
2026-04-21 23:58:32,671 - sqlalchemy.engine.Engine - INFO - BEGIN (implicit)
2026-04-21 23:58:32,674 - sqlalchemy.engine.Engine - INFO - SELECT pg_catalog.pg_class.relname 
FROM pg_catalog.pg_class JOIN pg_catalog.pg_namespace ON pg_catalog.pg_namespace.oid = pg_catalog.pg_class.relnamespace 
WHERE pg_catalog.pg_class.relname = $1::VARCHAR AND pg_catalog.pg_class.relkind = ANY (ARRAY[$2::VARCHAR, $3::VARCHAR, $4::VARCHAR, $5::VARCHAR, $6::VARCHAR]) AND pg_catalog.pg_table_is_visible(pg_catalog.pg_class.oid) AND pg_catalog.pg_namespace.nspname != $7::VARCHAR
2026-04-21 23:58:32,674 - sqlalchemy.engine.Engine - INFO - [generated in 0.00022s] ('base_exercise', 'r', 'p', 'f', 'v', 'm', 'pg_catalog')
2026-04-21 23:58:32,686 - sqlalchemy.engine.Engine - INFO - SELECT pg_catalog.pg_class.relname 
FROM pg_catalog.pg_class JOIN pg_catalog.pg_namespace ON pg_catalog.pg_namespace.oid = pg_catalog.pg_class.relnamespace 
WHERE pg_catalog.pg_class.relname = $1::VARCHAR AND pg_catalog.pg_class.relkind = ANY (ARRAY[$2::VARCHAR, $3::VARCHAR, $4::VARCHAR, $5::VARCHAR, $6::VARCHAR]) AND pg_catalog.pg_table_is_visible(pg_catalog.pg_class.oid) AND pg_catalog.pg_namespace.nspname != $7::VARCHAR
2026-04-21 23:58:32,686 - sqlalchemy.engine.Engine - INFO - [cached since 0.01213s ago] ('workoutplan', 'r', 'p', 'f', 'v', 'm', 'pg_catalog')
2026-04-21 23:58:32,686 - sqlalchemy.engine.Engine - INFO - SELECT pg_catalog.pg_class.relname 
FROM pg_catalog.pg_class JOIN pg_catalog.pg_namespace ON pg_catalog.pg_namespace.oid = pg_catalog.pg_class.relnamespace 
WHERE pg_catalog.pg_class.relname = $1::VARCHAR AND pg_catalog.pg_class.relkind = ANY (ARRAY[$2::VARCHAR, $3::VARCHAR, $4::VARCHAR, $5::VARCHAR, $6::VARCHAR]) AND pg_catalog.pg_table_is_visible(pg_catalog.pg_class.oid) AND pg_catalog.pg_namespace.nspname != $7::VARCHAR
2026-04-21 23:58:32,688 - sqlalchemy.engine.Engine - INFO - [cached since 0.01293s ago] ('planexercise', 'r', 'p', 'f', 'v', 'm', 'pg_catalog')
2026-04-21 23:58:32,688 - sqlalchemy.engine.Engine - INFO - SELECT pg_catalog.pg_class.relname 
FROM pg_catalog.pg_class JOIN pg_catalog.pg_namespace ON pg_catalog.pg_namespace.oid = pg_catalog.pg_class.relnamespace 
WHERE pg_catalog.pg_class.relname = $1::VARCHAR AND pg_catalog.pg_class.relkind = ANY (ARRAY[$2::VARCHAR, $3::VARCHAR, $4::VARCHAR, $5::VARCHAR, $6::VARCHAR]) AND pg_catalog.pg_table_is_visible(pg_catalog.pg_class.oid) AND pg_catalog.pg_namespace.nspname != $7::VARCHAR
2026-04-21 23:58:32,688 - sqlalchemy.engine.Engine - INFO - [cached since 0.01361s ago] ('exerciseset', 'r', 'p', 'f', 'v', 'm', 'pg_catalog')
2026-04-21 23:58:32,689 - sqlalchemy.engine.Engine - INFO - SELECT pg_catalog.pg_class.relname 
FROM pg_catalog.pg_class JOIN pg_catalog.pg_namespace ON pg_catalog.pg_namespace.oid = pg_catalog.pg_class.relnamespace 
WHERE pg_catalog.pg_class.relname = $1::VARCHAR AND pg_catalog.pg_class.relkind = ANY (ARRAY[$2::VARCHAR, $3::VARCHAR, $4::VARCHAR, $5::VARCHAR, $6::VARCHAR]) AND pg_catalog.pg_table_is_visible(pg_catalog.pg_class.oid) AND pg_catalog.pg_namespace.nspname != $7::VARCHAR
2026-04-21 23:58:32,689 - sqlalchemy.engine.Engine - INFO - [cached since 0.01422s ago] ('user', 'r', 'p', 'f', 'v', 'm', 'pg_catalog')
2026-04-21 23:58:32,689 - sqlalchemy.engine.Engine - INFO - SELECT pg_catalog.pg_class.relname 
FROM pg_catalog.pg_class JOIN pg_catalog.pg_namespace ON pg_catalog.pg_namespace.oid = pg_catalog.pg_class.relnamespace 
WHERE pg_catalog.pg_class.relname = $1::VARCHAR AND pg_catalog.pg_class.relkind = ANY (ARRAY[$2::VARCHAR, $3::VARCHAR, $4::VARCHAR, $5::VARCHAR, $6::VARCHAR]) AND pg_catalog.pg_table_is_visible(pg_catalog.pg_class.oid) AND pg_catalog.pg_namespace.nspname != $7::VARCHAR
2026-04-21 23:58:32,690 - sqlalchemy.engine.Engine - INFO - [cached since 0.01509s ago] ('memory_summary', 'r', 'p', 'f', 'v', 'm', 'pg_catalog')
2026-04-21 23:58:32,690 - sqlalchemy.engine.Engine - INFO - COMMIT
2026-04-21 23:58:40,658 - sqlalchemy.engine.Engine - INFO - BEGIN (implicit)
2026-04-21 23:58:40,667 - sqlalchemy.engine.Engine - INFO - SELECT "user".session_id, "user".name, "user".age, "user".height, "user".weight 
FROM "user" 
WHERE "user".session_id = $1::VARCHAR
2026-04-21 23:58:40,667 - sqlalchemy.engine.Engine - INFO - [generated in 0.00027s] ('12A3C',)
2026-04-21 23:58:40,670 - sqlalchemy.engine.Engine - INFO - ROLLBACK
2026-04-21 23:58:45,828 - sqlalchemy.engine.Engine - INFO - BEGIN (implicit)
2026-04-21 23:58:45,830 - sqlalchemy.engine.Engine - INFO - SELECT memory_summary.id, memory_summary.session_id, memory_summary.thread_id, memory_summary.scope, memory_summary.source_message_count, memory_summary.summary_text, memory_summary.summary_json, memory_summary.created_at 
FROM memory_summary 
WHERE memory_summary.session_id = $1::VARCHAR ORDER BY memory_summary.created_at DESC 
 LIMIT $2::INTEGER
2026-04-21 23:58:45,830 - sqlalchemy.engine.Engine - INFO - [generated in 0.00027s] ('12A3C', 3)
2026-04-21 23:58:46,532 - httpx - INFO - HTTP Request: POST https://api.deepseek.com/v1/chat/completions "HTTP/1.1 200 OK"
2026-04-21 23:59:04,106 - FitnessAgent - INFO - 🔄 [Memory] 找到 33 条新滑出消息，开始滚动融合总结...
2026-04-21 23:59:04,107 - sqlalchemy.engine.Engine - INFO - ROLLBACK
2026-04-21 23:59:04,390 - httpx - INFO - HTTP Request: POST https://api.deepseek.com/v1/chat/completions "HTTP/1.1 200 OK"
2026-04-21 23:59:16,737 - sqlalchemy.engine.Engine - INFO - BEGIN (implicit)
2026-04-21 23:59:16,738 - sqlalchemy.engine.Engine - INFO - INSERT INTO memory_summary (session_id, thread_id, scope, source_message_count, summary_text, summary_json, created_at) VALUES ($1::VARCHAR, $2::VARCHAR, $3::VARCHAR, $4::INTEGER, $5::VARCHAR, $6::JSONB, $7::TIMESTAMP WITHOUT TIME ZONE) RETURNING memory_summary.id
2026-04-21 23:59:16,739 - sqlalchemy.engine.Engine - INFO - [generated in 0.00026s] ('12A3C', 'chat_12A3C', 'chat', 38, '标题：训练计划咨询与互动测试\n摘要：[\'用户请求推荐今日训练计划，教练基于训练历史建议胸部训练或恢复性全身训练。\', \'用户表示几天没练，教练澄清只休息一天，并根据低强度训练记录调整建议为恢复性全身训练。\', \'用户多次打招呼和测试性输入，教练保持专业回应，提供多种选项并总结对话内容。 ... (114 characters truncated) ... 7日的背部、肩部、全身、手臂、腿部训练。；3月27日进行全身训练，动作是杠铃平板卧推，重量5kg，次数5次，训练评分40分。；用户只休息了一天（从3月27日训练到现在）。\n后续关注：恢复性训练以避免过度疲劳，注重全身均衡发展。；提高训练质量，如动作完整幅度和控制。；记录训练数据以便长期进步分析。', '{"summary": ["\\u7528\\u6237\\u8bf7\\u6c42\\u63a8\\u8350\\u4eca\\u65e5\\u8bad\\u7ec3\\u8ba1\\u5212\\uff0c\\u6559\\u7ec3\\u57fa\\u4e8e\\u8bad\\u7ec3\\ ... (2220 characters truncated) ... 45\\u5ea6\\u548c\\u63a7\\u5236\\u3002", "\\u8bb0\\u5f55\\u8bad\\u7ec3\\u6570\\u636e\\u4ee5\\u4fbf\\u957f\\u671f\\u8fdb\\u6b65\\u5206\\u6790\\u3002"]}', datetime.datetime(2026, 4, 21, 23, 59, 16, 736977))
2026-04-21 23:59:16,742 - sqlalchemy.engine.Engine - INFO - COMMIT
2026-04-21 23:59:16,743 - sqlalchemy.engine.Engine - INFO - BEGIN (implicit)
2026-04-21 23:59:16,744 - sqlalchemy.engine.Engine - INFO - SELECT memory_summary.id, memory_summary.session_id, memory_summary.thread_id, memory_summary.scope, memory_summary.source_message_count, memory_summary.summary_text, memory_summary.summary_json, memory_summary.created_at 
FROM memory_summary 
WHERE memory_summary.id = $1::INTEGER
2026-04-21 23:59:16,744 - sqlalchemy.engine.Engine - INFO - [generated in 0.00015s] (7,)
2026-04-21 23:59:16,872 - FitnessAgent - ERROR - Background summary task failed: the connection is closed
2026-04-21 23:59:27,086 - httpx - INFO - HTTP Request: POST https://api.deepseek.com/v1/chat/completions "HTTP/1.1 200 OK"
2026-04-21 23:59:47,652 - FitnessAgent - INFO - 🔄 [Memory] 找到 35 条新滑出消息，开始滚动融合总结...
2026-04-21 23:59:48,009 - httpx - INFO - HTTP Request: POST https://api.deepseek.com/v1/chat/completions "HTTP/1.1 200 OK"
2026-04-22 00:00:00,597 - sqlalchemy.engine.Engine - INFO - BEGIN (implicit)
2026-04-22 00:00:00,597 - sqlalchemy.engine.Engine - INFO - INSERT INTO memory_summary (session_id, thread_id, scope, source_message_count, summary_text, summary_json, created_at) VALUES ($1::VARCHAR, $2::VARCHAR, $3::VARCHAR, $4::INTEGER, $5::VARCHAR, $6::JSONB, $7::TIMESTAMP WITHOUT TIME ZONE) RETURNING memory_summary.id
2026-04-22 00:00:00,597 - sqlalchemy.engine.Engine - INFO - [cached since 43.86s ago] ('12A3C', 'chat_12A3C', 'chat', 40, '标题：训练计划咨询与互动测试\n摘要：[\'用户请求推荐今日训练计划，教练基于训练历史建议胸部训练或恢复性全身训练。\', \'用户表示几天没练，教练澄清只休息一天，并根据低强度训练记录调整建议为恢复性全身训练。\', \'用户多次打招呼和测试性输入，教练保持专业回应，提供多种选项并总结对话内容。 ... (114 characters truncated) ... 7日的背部、肩部、全身、手臂、腿部训练。；3月27日进行全身训练，动作是杠铃平板卧推，重量5kg，次数5次，训练评分40分。；用户只休息了一天（从3月27日训练到现在）。\n后续关注：恢复性训练以避免过度疲劳，注重全身均衡发展。；提高训练质量，如动作完整幅度和控制。；记录训练数据以便长期进步分析。', '{"summary": ["\\u7528\\u6237\\u8bf7\\u6c42\\u63a8\\u8350\\u4eca\\u65e5\\u8bad\\u7ec3\\u8ba1\\u5212\\uff0c\\u6559\\u7ec3\\u57fa\\u4e8e\\u8bad\\u7ec3\\ ... (2220 characters truncated) ... 45\\u5ea6\\u548c\\u63a7\\u5236\\u3002", "\\u8bb0\\u5f55\\u8bad\\u7ec3\\u6570\\u636e\\u4ee5\\u4fbf\\u957f\\u671f\\u8fdb\\u6b65\\u5206\\u6790\\u3002"]}', datetime.datetime(2026, 4, 22, 0, 0, 0, 518345))
2026-04-22 00:00:00,608 - sqlalchemy.engine.Engine - INFO - COMMIT
2026-04-22 00:00:00,610 - sqlalchemy.engine.Engine - INFO - BEGIN (implicit)
2026-04-22 00:00:00,610 - sqlalchemy.engine.Engine - INFO - SELECT memory_summary.id, memory_summary.session_id, memory_summary.thread_id, memory_summary.scope, memory_summary.source_message_count, memory_summary.summary_text, memory_summary.summary_json, memory_summary.created_at 
FROM memory_summary 
WHERE memory_summary.id = $1::INTEGER
2026-04-22 00:00:00,610 - sqlalchemy.engine.Engine - INFO - [cached since 43.87s ago] (8,)
2026-04-22 00:00:00,658 - FitnessAgent - ERROR - Background summary task failed: the connection is closed
2026-04-22 00:05:11,966 - sqlalchemy.pool.impl.AsyncAdaptedQueuePool - ERROR - Exception terminating connection <AdaptedConnection <asyncpg.connection.Connection object at 0x0000019AD689DF40>>
Traceback (most recent call last):
  File "E:\ai_Practise\MuscleGuard\.venv\Lib\site-packages\sqlalchemy\pool\base.py", line 373, in _close_connection
    self._dialect.do_terminate(connection)
  File "E:\ai_Practise\MuscleGuard\.venv\Lib\site-packages\sqlalchemy\dialects\postgresql\asyncpg.py", line 1127, in do_terminate
    dbapi_connection.terminate()
  File "E:\ai_Practise\MuscleGuard\.venv\Lib\site-packages\sqlalchemy\connectors\asyncio.py", line 415, in terminate
    self._terminate_force_close()
  File "E:\ai_Practise\MuscleGuard\.venv\Lib\site-packages\sqlalchemy\dialects\postgresql\asyncpg.py", line 916, in _terminate_force_close
    self._connection.terminate()
  File "E:\ai_Practise\MuscleGuard\.venv\Lib\site-packages\asyncpg\connection.py", line 1524, in terminate
    self._abort()
  File "E:\ai_Practise\MuscleGuard\.venv\Lib\site-packages\asyncpg\connection.py", line 1576, in _abort
    self._protocol.abort()
  File "asyncpg/protocol/protocol.pyx", line 599, in asyncpg.protocol.protocol.BaseProtocol.abort
  File "C:\Users\26071\AppData\Local\Programs\Python\Python312\Lib\asyncio\selector_events.py", line 836, in abort
    self._force_close(None)
  File "C:\Users\26071\AppData\Local\Programs\Python\Python312\Lib\asyncio\selector_events.py", line 906, in _force_close
    self._loop.call_soon(self._call_connection_lost, exc)
  File "C:\Users\26071\AppData\Local\Programs\Python\Python312\Lib\asyncio\base_events.py", line 795, in call_soon
    self._check_closed()
  File "C:\Users\26071\AppData\Local\Programs\Python\Python312\Lib\asyncio\base_events.py", line 541, in _check_closed
    raise RuntimeError('Event loop is closed')
RuntimeError: Event loop is closed
2026-04-22 00:05:12,040 - sqlalchemy.pool.impl.AsyncAdaptedQueuePool - ERROR - The garbage collector is trying to clean up non-checked-in connection <AdaptedConnection <asyncpg.connection.Connection object at 0x0000019AD689DF40>>, which will be terminated.  Please ensure that SQLAlchemy pooled connections are returned to the pool explicitly, either by calling ``close()`` or by using appropriate context managers to manage their lifecycle.
2026-04-22 00:05:12,041 - sqlalchemy.pool.impl.AsyncAdaptedQueuePool - ERROR - Exception terminating connection <AdaptedConnection <asyncpg.connection.Connection object at 0x0000019AD6907A70>>
Traceback (most recent call last):
  File "E:\ai_Practise\MuscleGuard\.venv\Lib\site-packages\sqlalchemy\pool\base.py", line 373, in _close_connection
    self._dialect.do_terminate(connection)
  File "E:\ai_Practise\MuscleGuard\.venv\Lib\site-packages\sqlalchemy\dialects\postgresql\asyncpg.py", line 1127, in do_terminate
    dbapi_connection.terminate()
  File "E:\ai_Practise\MuscleGuard\.venv\Lib\site-packages\sqlalchemy\connectors\asyncio.py", line 415, in terminate
    self._terminate_force_close()
  File "E:\ai_Practise\MuscleGuard\.venv\Lib\site-packages\sqlalchemy\dialects\postgresql\asyncpg.py", line 916, in _terminate_force_close
    self._connection.terminate()
  File "E:\ai_Practise\MuscleGuard\.venv\Lib\site-packages\asyncpg\connection.py", line 1524, in terminate
    self._abort()
  File "E:\ai_Practise\MuscleGuard\.venv\Lib\site-packages\asyncpg\connection.py", line 1576, in _abort
    self._protocol.abort()
  File "asyncpg/protocol/protocol.pyx", line 599, in asyncpg.protocol.protocol.BaseProtocol.abort
  File "C:\Users\26071\AppData\Local\Programs\Python\Python312\Lib\asyncio\selector_events.py", line 836, in abort
    self._force_close(None)
  File "C:\Users\26071\AppData\Local\Programs\Python\Python312\Lib\asyncio\selector_events.py", line 906, in _force_close
    self._loop.call_soon(self._call_connection_lost, exc)
  File "C:\Users\26071\AppData\Local\Programs\Python\Python312\Lib\asyncio\base_events.py", line 795, in call_soon
    self._check_closed()
  File "C:\Users\26071\AppData\Local\Programs\Python\Python312\Lib\asyncio\base_events.py", line 541, in _check_closed
    raise RuntimeError('Event loop is closed')
RuntimeError: Event loop is closed
2026-04-22 00:05:12,044 - sqlalchemy.pool.impl.AsyncAdaptedQueuePool - ERROR - The garbage collector is trying to clean up non-checked-in connection <AdaptedConnection <asyncpg.connection.Connection object at 0x0000019AD6907A70>>, which will be terminated.  Please ensure that SQLAlchemy pooled connections are returned to the pool explicitly, either by calling ``close()`` or by using appropriate context managers to manage their lifecycle.
2026-04-22 19:11:27,670 - sqlalchemy.engine.Engine - INFO - select pg_catalog.version()
2026-04-22 19:11:27,670 - sqlalchemy.engine.Engine - INFO - [raw sql] ()
2026-04-22 19:11:27,689 - sqlalchemy.engine.Engine - INFO - select current_schema()
2026-04-22 19:11:27,689 - sqlalchemy.engine.Engine - INFO - [raw sql] ()
2026-04-22 19:11:27,692 - sqlalchemy.engine.Engine - INFO - show standard_conforming_strings
2026-04-22 19:11:27,692 - sqlalchemy.engine.Engine - INFO - [raw sql] ()
2026-04-22 19:11:27,693 - sqlalchemy.engine.Engine - INFO - BEGIN (implicit)
2026-04-22 19:11:27,696 - sqlalchemy.engine.Engine - INFO - SELECT pg_catalog.pg_class.relname 
FROM pg_catalog.pg_class JOIN pg_catalog.pg_namespace ON pg_catalog.pg_namespace.oid = pg_catalog.pg_class.relnamespace 
WHERE pg_catalog.pg_class.relname = $1::VARCHAR AND pg_catalog.pg_class.relkind = ANY (ARRAY[$2::VARCHAR, $3::VARCHAR, $4::VARCHAR, $5::VARCHAR, $6::VARCHAR]) AND pg_catalog.pg_table_is_visible(pg_catalog.pg_class.oid) AND pg_catalog.pg_namespace.nspname != $7::VARCHAR
2026-04-22 19:11:27,696 - sqlalchemy.engine.Engine - INFO - [generated in 0.00020s] ('base_exercise', 'r', 'p', 'f', 'v', 'm', 'pg_catalog')
2026-04-22 19:11:27,730 - sqlalchemy.engine.Engine - INFO - SELECT pg_catalog.pg_class.relname 
FROM pg_catalog.pg_class JOIN pg_catalog.pg_namespace ON pg_catalog.pg_namespace.oid = pg_catalog.pg_class.relnamespace 
WHERE pg_catalog.pg_class.relname = $1::VARCHAR AND pg_catalog.pg_class.relkind = ANY (ARRAY[$2::VARCHAR, $3::VARCHAR, $4::VARCHAR, $5::VARCHAR, $6::VARCHAR]) AND pg_catalog.pg_table_is_visible(pg_catalog.pg_class.oid) AND pg_catalog.pg_namespace.nspname != $7::VARCHAR
2026-04-22 19:11:27,730 - sqlalchemy.engine.Engine - INFO - [cached since 0.03428s ago] ('workoutplan', 'r', 'p', 'f', 'v', 'm', 'pg_catalog')
2026-04-22 19:11:27,731 - sqlalchemy.engine.Engine - INFO - SELECT pg_catalog.pg_class.relname 
FROM pg_catalog.pg_class JOIN pg_catalog.pg_namespace ON pg_catalog.pg_namespace.oid = pg_catalog.pg_class.relnamespace 
WHERE pg_catalog.pg_class.relname = $1::VARCHAR AND pg_catalog.pg_class.relkind = ANY (ARRAY[$2::VARCHAR, $3::VARCHAR, $4::VARCHAR, $5::VARCHAR, $6::VARCHAR]) AND pg_catalog.pg_table_is_visible(pg_catalog.pg_class.oid) AND pg_catalog.pg_namespace.nspname != $7::VARCHAR
2026-04-22 19:11:27,731 - sqlalchemy.engine.Engine - INFO - [cached since 0.03534s ago] ('planexercise', 'r', 'p', 'f', 'v', 'm', 'pg_catalog')
2026-04-22 19:11:27,732 - sqlalchemy.engine.Engine - INFO - SELECT pg_catalog.pg_class.relname 
FROM pg_catalog.pg_class JOIN pg_catalog.pg_namespace ON pg_catalog.pg_namespace.oid = pg_catalog.pg_class.relnamespace 
WHERE pg_catalog.pg_class.relname = $1::VARCHAR AND pg_catalog.pg_class.relkind = ANY (ARRAY[$2::VARCHAR, $3::VARCHAR, $4::VARCHAR, $5::VARCHAR, $6::VARCHAR]) AND pg_catalog.pg_table_is_visible(pg_catalog.pg_class.oid) AND pg_catalog.pg_namespace.nspname != $7::VARCHAR
2026-04-22 19:11:27,732 - sqlalchemy.engine.Engine - INFO - [cached since 0.03589s ago] ('exerciseset', 'r', 'p', 'f', 'v', 'm', 'pg_catalog')
2026-04-22 19:11:27,732 - sqlalchemy.engine.Engine - INFO - SELECT pg_catalog.pg_class.relname 
FROM pg_catalog.pg_class JOIN pg_catalog.pg_namespace ON pg_catalog.pg_namespace.oid = pg_catalog.pg_class.relnamespace 
WHERE pg_catalog.pg_class.relname = $1::VARCHAR AND pg_catalog.pg_class.relkind = ANY (ARRAY[$2::VARCHAR, $3::VARCHAR, $4::VARCHAR, $5::VARCHAR, $6::VARCHAR]) AND pg_catalog.pg_table_is_visible(pg_catalog.pg_class.oid) AND pg_catalog.pg_namespace.nspname != $7::VARCHAR
2026-04-22 19:11:27,732 - sqlalchemy.engine.Engine - INFO - [cached since 0.03642s ago] ('user', 'r', 'p', 'f', 'v', 'm', 'pg_catalog')
2026-04-22 19:11:27,733 - sqlalchemy.engine.Engine - INFO - SELECT pg_catalog.pg_class.relname 
FROM pg_catalog.pg_class JOIN pg_catalog.pg_namespace ON pg_catalog.pg_namespace.oid = pg_catalog.pg_class.relnamespace 
WHERE pg_catalog.pg_class.relname = $1::VARCHAR AND pg_catalog.pg_class.relkind = ANY (ARRAY[$2::VARCHAR, $3::VARCHAR, $4::VARCHAR, $5::VARCHAR, $6::VARCHAR]) AND pg_catalog.pg_table_is_visible(pg_catalog.pg_class.oid) AND pg_catalog.pg_namespace.nspname != $7::VARCHAR
2026-04-22 19:11:27,733 - sqlalchemy.engine.Engine - INFO - [cached since 0.037s ago] ('memory_summary', 'r', 'p', 'f', 'v', 'm', 'pg_catalog')
2026-04-22 19:11:27,734 - sqlalchemy.engine.Engine - INFO - COMMIT
2026-04-22 19:11:37,527 - sqlalchemy.engine.Engine - INFO - BEGIN (implicit)
2026-04-22 19:11:37,537 - sqlalchemy.engine.Engine - INFO - SELECT "user".session_id, "user".name, "user".age, "user".height, "user".weight 
FROM "user" 
WHERE "user".session_id = $1::VARCHAR
2026-04-22 19:11:37,537 - sqlalchemy.engine.Engine - INFO - [generated in 0.00027s] ('12A3C',)
2026-04-22 19:11:37,545 - sqlalchemy.engine.Engine - INFO - ROLLBACK
2026-04-22 19:11:42,100 - httpx - INFO - HTTP Request: POST https://api.deepseek.com/v1/chat/completions "HTTP/1.1 200 OK"
2026-04-22 19:11:49,069 - FitnessAgent - INFO - 🔄 [Memory] 找到 37 条新滑出消息，开始滚动融合总结...
2026-04-22 19:11:49,350 - httpx - INFO - HTTP Request: POST https://api.deepseek.com/v1/chat/completions "HTTP/1.1 200 OK"
2026-04-22 19:11:55,259 - sqlalchemy.engine.Engine - INFO - BEGIN (implicit)
2026-04-22 19:11:55,261 - sqlalchemy.engine.Engine - INFO - INSERT INTO memory_summary (session_id, thread_id, scope, source_message_count, summary_text, summary_json, created_at) VALUES ($1::VARCHAR, $2::VARCHAR, $3::VARCHAR, $4::INTEGER, $5::VARCHAR, $6::JSONB, $7::TIMESTAMP WITHOUT TIME ZONE) RETURNING memory_summary.id
2026-04-22 19:11:55,261 - sqlalchemy.engine.Engine - INFO - [generated in 0.00022s] ('12A3C', 'chat_12A3C', 'chat', 42, '标题：训练计划咨询与互动测试\n摘要：[\'用户请求推荐今日训练计划，教练基于训练历史建议胸部训练或恢复性全身训练。\', \'用户表示几天没练，教练澄清只休息一天，并根据低强度训练记录调整建议为恢复性全身训练。\', \'用户多次打招呼和测试性输入，教练保持专业回应，提供多种选项并总结对话内容。 ... (114 characters truncated) ... 7日的背部、肩部、全身、手臂、腿部训练。；3月27日进行全身训练，动作是杠铃平板卧推，重量5kg，次数5次，训练评分40分。；用户只休息了一天（从3月27日训练到现在）。\n后续关注：恢复性训练以避免过度疲劳，注重全身均衡发展。；提高训练质量，如动作完整幅度和控制。；记录训练数据以便长期进步分析。', '{"summary": ["\\u7528\\u6237\\u8bf7\\u6c42\\u63a8\\u8350\\u4eca\\u65e5\\u8bad\\u7ec3\\u8ba1\\u5212\\uff0c\\u6559\\u7ec3\\u57fa\\u4e8e\\u8bad\\u7ec3\\ ... (2220 characters truncated) ... 45\\u5ea6\\u548c\\u63a7\\u5236\\u3002", "\\u8bb0\\u5f55\\u8bad\\u7ec3\\u6570\\u636e\\u4ee5\\u4fbf\\u957f\\u671f\\u8fdb\\u6b65\\u5206\\u6790\\u3002"]}', datetime.datetime(2026, 4, 22, 19, 11, 55, 259299))
2026-04-22 19:11:55,283 - sqlalchemy.engine.Engine - INFO - COMMIT
2026-04-22 19:11:55,285 - sqlalchemy.engine.Engine - INFO - BEGIN (implicit)
2026-04-22 19:11:55,287 - sqlalchemy.engine.Engine - INFO - SELECT memory_summary.id, memory_summary.session_id, memory_summary.thread_id, memory_summary.scope, memory_summary.source_message_count, memory_summary.summary_text, memory_summary.summary_json, memory_summary.created_at 
FROM memory_summary 
WHERE memory_summary.id = $1::INTEGER
2026-04-22 19:11:55,287 - sqlalchemy.engine.Engine - INFO - [generated in 0.00021s] (9,)
2026-04-22 19:11:55,628 - FitnessAgent - INFO - ✅ [Memory] Checkpoint 状态更新完毕，最新游标已停留在 ID: lc_run--019db0c3-f6d4-7bb0-875c-f2778de0dfce-0
2026-04-22 19:12:08,583 - httpx - INFO - HTTP Request: POST https://api.deepseek.com/v1/chat/completions "HTTP/1.1 200 OK"
2026-04-22 19:12:13,408 - FitnessAgent - INFO - ℹ️ [Memory] 当前没有新的滑出消息需要总结，跳过。
2026-04-22 21:33:42,774 - sqlalchemy.pool.impl.AsyncAdaptedQueuePool - ERROR - Exception terminating connection <AdaptedConnection <asyncpg.connection.Connection object at 0x000001F75C189B80>>
Traceback (most recent call last):
  File "E:\ai_Practise\MuscleGuard\.venv\Lib\site-packages\sqlalchemy\pool\base.py", line 373, in _close_connection
    self._dialect.do_terminate(connection)
  File "E:\ai_Practise\MuscleGuard\.venv\Lib\site-packages\sqlalchemy\dialects\postgresql\asyncpg.py", line 1127, in do_terminate
    dbapi_connection.terminate()
  File "E:\ai_Practise\MuscleGuard\.venv\Lib\site-packages\sqlalchemy\connectors\asyncio.py", line 415, in terminate
    self._terminate_force_close()
  File "E:\ai_Practise\MuscleGuard\.venv\Lib\site-packages\sqlalchemy\dialects\postgresql\asyncpg.py", line 916, in _terminate_force_close
    self._connection.terminate()
  File "E:\ai_Practise\MuscleGuard\.venv\Lib\site-packages\asyncpg\connection.py", line 1524, in terminate
    self._abort()
  File "E:\ai_Practise\MuscleGuard\.venv\Lib\site-packages\asyncpg\connection.py", line 1576, in _abort
    self._protocol.abort()
  File "asyncpg/protocol/protocol.pyx", line 599, in asyncpg.protocol.protocol.BaseProtocol.abort
  File "C:\Users\26071\AppData\Local\Programs\Python\Python312\Lib\asyncio\selector_events.py", line 836, in abort
    self._force_close(None)
  File "C:\Users\26071\AppData\Local\Programs\Python\Python312\Lib\asyncio\selector_events.py", line 906, in _force_close
    self._loop.call_soon(self._call_connection_lost, exc)
  File "C:\Users\26071\AppData\Local\Programs\Python\Python312\Lib\asyncio\base_events.py", line 795, in call_soon
    self._check_closed()
  File "C:\Users\26071\AppData\Local\Programs\Python\Python312\Lib\asyncio\base_events.py", line 541, in _check_closed
    raise RuntimeError('Event loop is closed')
RuntimeError: Event loop is closed
2026-04-22 21:33:42,849 - sqlalchemy.pool.impl.AsyncAdaptedQueuePool - ERROR - The garbage collector is trying to clean up non-checked-in connection <AdaptedConnection <asyncpg.connection.Connection object at 0x000001F75C189B80>>, which will be terminated.  Please ensure that SQLAlchemy pooled connections are returned to the pool explicitly, either by calling ``close()`` or by using appropriate context managers to manage their lifecycle.
2026-04-23 13:47:15,303 - sqlalchemy.engine.Engine - INFO - select pg_catalog.version()
2026-04-23 13:47:15,303 - sqlalchemy.engine.Engine - INFO - [raw sql] ()
2026-04-23 13:47:15,322 - sqlalchemy.engine.Engine - INFO - select current_schema()
2026-04-23 13:47:15,322 - sqlalchemy.engine.Engine - INFO - [raw sql] ()
2026-04-23 13:47:15,325 - sqlalchemy.engine.Engine - INFO - show standard_conforming_strings
2026-04-23 13:47:15,325 - sqlalchemy.engine.Engine - INFO - [raw sql] ()
2026-04-23 13:47:15,326 - sqlalchemy.engine.Engine - INFO - BEGIN (implicit)
2026-04-23 13:47:15,329 - sqlalchemy.engine.Engine - INFO - SELECT pg_catalog.pg_class.relname 
FROM pg_catalog.pg_class JOIN pg_catalog.pg_namespace ON pg_catalog.pg_namespace.oid = pg_catalog.pg_class.relnamespace 
WHERE pg_catalog.pg_class.relname = $1::VARCHAR AND pg_catalog.pg_class.relkind = ANY (ARRAY[$2::VARCHAR, $3::VARCHAR, $4::VARCHAR, $5::VARCHAR, $6::VARCHAR]) AND pg_catalog.pg_table_is_visible(pg_catalog.pg_class.oid) AND pg_catalog.pg_namespace.nspname != $7::VARCHAR
2026-04-23 13:47:15,329 - sqlalchemy.engine.Engine - INFO - [generated in 0.00033s] ('base_exercise', 'r', 'p', 'f', 'v', 'm', 'pg_catalog')
2026-04-23 13:47:15,363 - sqlalchemy.engine.Engine - INFO - SELECT pg_catalog.pg_class.relname 
FROM pg_catalog.pg_class JOIN pg_catalog.pg_namespace ON pg_catalog.pg_namespace.oid = pg_catalog.pg_class.relnamespace 
WHERE pg_catalog.pg_class.relname = $1::VARCHAR AND pg_catalog.pg_class.relkind = ANY (ARRAY[$2::VARCHAR, $3::VARCHAR, $4::VARCHAR, $5::VARCHAR, $6::VARCHAR]) AND pg_catalog.pg_table_is_visible(pg_catalog.pg_class.oid) AND pg_catalog.pg_namespace.nspname != $7::VARCHAR
2026-04-23 13:47:15,364 - sqlalchemy.engine.Engine - INFO - [cached since 0.03467s ago] ('workoutplan', 'r', 'p', 'f', 'v', 'm', 'pg_catalog')
2026-04-23 13:47:15,364 - sqlalchemy.engine.Engine - INFO - SELECT pg_catalog.pg_class.relname 
FROM pg_catalog.pg_class JOIN pg_catalog.pg_namespace ON pg_catalog.pg_namespace.oid = pg_catalog.pg_class.relnamespace 
WHERE pg_catalog.pg_class.relname = $1::VARCHAR AND pg_catalog.pg_class.relkind = ANY (ARRAY[$2::VARCHAR, $3::VARCHAR, $4::VARCHAR, $5::VARCHAR, $6::VARCHAR]) AND pg_catalog.pg_table_is_visible(pg_catalog.pg_class.oid) AND pg_catalog.pg_namespace.nspname != $7::VARCHAR
2026-04-23 13:47:15,364 - sqlalchemy.engine.Engine - INFO - [cached since 0.03549s ago] ('planexercise', 'r', 'p', 'f', 'v', 'm', 'pg_catalog')
2026-04-23 13:47:15,365 - sqlalchemy.engine.Engine - INFO - SELECT pg_catalog.pg_class.relname 
FROM pg_catalog.pg_class JOIN pg_catalog.pg_namespace ON pg_catalog.pg_namespace.oid = pg_catalog.pg_class.relnamespace 
WHERE pg_catalog.pg_class.relname = $1::VARCHAR AND pg_catalog.pg_class.relkind = ANY (ARRAY[$2::VARCHAR, $3::VARCHAR, $4::VARCHAR, $5::VARCHAR, $6::VARCHAR]) AND pg_catalog.pg_table_is_visible(pg_catalog.pg_class.oid) AND pg_catalog.pg_namespace.nspname != $7::VARCHAR
2026-04-23 13:47:15,365 - sqlalchemy.engine.Engine - INFO - [cached since 0.03608s ago] ('exerciseset', 'r', 'p', 'f', 'v', 'm', 'pg_catalog')
2026-04-23 13:47:15,365 - sqlalchemy.engine.Engine - INFO - SELECT pg_catalog.pg_class.relname 
FROM pg_catalog.pg_class JOIN pg_catalog.pg_namespace ON pg_catalog.pg_namespace.oid = pg_catalog.pg_class.relnamespace 
WHERE pg_catalog.pg_class.relname = $1::VARCHAR AND pg_catalog.pg_class.relkind = ANY (ARRAY[$2::VARCHAR, $3::VARCHAR, $4::VARCHAR, $5::VARCHAR, $6::VARCHAR]) AND pg_catalog.pg_table_is_visible(pg_catalog.pg_class.oid) AND pg_catalog.pg_namespace.nspname != $7::VARCHAR
2026-04-23 13:47:15,365 - sqlalchemy.engine.Engine - INFO - [cached since 0.0366s ago] ('user', 'r', 'p', 'f', 'v', 'm', 'pg_catalog')
2026-04-23 13:47:15,365 - sqlalchemy.engine.Engine - INFO - SELECT pg_catalog.pg_class.relname 
FROM pg_catalog.pg_class JOIN pg_catalog.pg_namespace ON pg_catalog.pg_namespace.oid = pg_catalog.pg_class.relnamespace 
WHERE pg_catalog.pg_class.relname = $1::VARCHAR AND pg_catalog.pg_class.relkind = ANY (ARRAY[$2::VARCHAR, $3::VARCHAR, $4::VARCHAR, $5::VARCHAR, $6::VARCHAR]) AND pg_catalog.pg_table_is_visible(pg_catalog.pg_class.oid) AND pg_catalog.pg_namespace.nspname != $7::VARCHAR
2026-04-23 13:47:15,366 - sqlalchemy.engine.Engine - INFO - [cached since 0.03736s ago] ('memory_summary', 'r', 'p', 'f', 'v', 'm', 'pg_catalog')
2026-04-23 13:47:15,366 - sqlalchemy.engine.Engine - INFO - COMMIT
2026-04-23 13:47:25,546 - sqlalchemy.engine.Engine - INFO - BEGIN (implicit)
2026-04-23 13:47:25,557 - sqlalchemy.engine.Engine - INFO - SELECT "user".session_id, "user".name, "user".age, "user".height, "user".weight 
FROM "user" 
WHERE "user".session_id = $1::VARCHAR
2026-04-23 13:47:25,557 - sqlalchemy.engine.Engine - INFO - [generated in 0.00029s] ('12A3C',)
2026-04-23 13:47:25,567 - sqlalchemy.engine.Engine - INFO - ROLLBACK
2026-04-23 13:47:31,957 - httpx - INFO - HTTP Request: POST https://api.deepseek.com/v1/chat/completions "HTTP/1.1 200 OK"
2026-04-23 13:47:47,089 - sqlalchemy.engine.Engine - INFO - BEGIN (implicit)
2026-04-23 13:47:47,090 - sqlalchemy.engine.Engine - INFO - SELECT workoutplan.id, workoutplan.session_id, workoutplan.plan_name, workoutplan.created_at 
FROM workoutplan 
WHERE workoutplan.session_id = $1::VARCHAR 
 LIMIT $2::INTEGER
2026-04-23 13:47:47,090 - sqlalchemy.engine.Engine - INFO - [generated in 0.00018s] ('12A3C', 8)
2026-04-23 13:47:47,670 - httpx - INFO - HTTP Request: POST https://api.deepseek.com/v1/chat/completions "HTTP/1.1 200 OK"
2026-04-23 13:47:57,372 - FitnessAgent - INFO - ℹ️ [Memory] 当前没有新的滑出消息需要总结，跳过。
2026-04-23 13:47:57,373 - sqlalchemy.engine.Engine - INFO - ROLLBACK
2026-04-23 13:48:13,359 - httpx - INFO - HTTP Request: POST https://api.deepseek.com/v1/chat/completions "HTTP/1.1 200 OK"
2026-04-23 13:48:26,799 - sqlalchemy.engine.Engine - INFO - BEGIN (implicit)
2026-04-23 13:48:26,802 - sqlalchemy.engine.Engine - INFO - SELECT exerciseset.id, exerciseset.weight, exerciseset.reps, exerciseset.peak_hr, exerciseset.rest_hr, exerciseset.score, exerciseset.created_at, base_exercise.name AS exercise_name, base_exercise.primary_muscles, base_exercise.equipment 
FROM exerciseset JOIN planexercise ON exerciseset.exercise_id = planexercise.id JOIN workoutplan ON planexercise.plan_id = workoutplan.id JOIN base_exercise ON planexercise.exercise_base_id = base_exercise.id 
WHERE workoutplan.id = $1::INTEGER ORDER BY exerciseset.id
2026-04-23 13:48:26,802 - sqlalchemy.engine.Engine - INFO - [generated in 0.00022s] (3,)
2026-04-23 13:48:27,573 - httpx - INFO - HTTP Request: POST https://api.deepseek.com/v1/chat/completions "HTTP/1.1 200 OK"
2026-04-23 13:48:42,362 - FitnessAgent - INFO - 🔄 [Memory] 找到 4 条新滑出消息，开始滚动融合总结...
2026-04-23 13:48:42,363 - sqlalchemy.engine.Engine - INFO - ROLLBACK
2026-04-23 13:48:42,573 - httpx - INFO - HTTP Request: POST https://api.deepseek.com/v1/chat/completions "HTTP/1.1 200 OK"
2026-04-23 13:48:52,545 - sqlalchemy.engine.Engine - INFO - BEGIN (implicit)
2026-04-23 13:48:52,547 - sqlalchemy.engine.Engine - INFO - INSERT INTO memory_summary (session_id, thread_id, scope, source_message_count, summary_text, summary_json, created_at) VALUES ($1::VARCHAR, $2::VARCHAR, $3::VARCHAR, $4::INTEGER, $5::VARCHAR, $6::JSONB, $7::TIMESTAMP WITHOUT TIME ZONE) RETURNING memory_summary.id
2026-04-23 13:48:52,547 - sqlalchemy.engine.Engine - INFO - [generated in 0.00022s] ('12A3C', 'chat_12A3C', 'chat', 52, "标题：训练计划咨询与互动测试\n摘要：['用户多次用打招呼方式互动，教练识别为轻松测试模式并提醒健身目标的重要性。', '教练基于用户最近训练记录（3月27日全身训练，杠铃平板卧推5kg×5次）建议恢复性训练或休息。', '教练提供多种选项（如训练指导、数据分析、知识学习）并等待用户明确需求以打破 ... (72 characters truncated) ... 7日的背部、肩部、全身、手臂、腿部训练。；3月27日进行全身训练，动作是杠铃平板卧推，重量5kg，次数5次，训练评分40分。；用户只休息了一天（从3月27日训练到现在）。\n后续关注：恢复性训练以避免过度疲劳，注重全身均衡发展。；提高训练质量，如动作完整幅度和控制。；记录训练数据以便长期进步分析。", '{"summary": ["\\u7528\\u6237\\u591a\\u6b21\\u7528\\u6253\\u62db\\u547c\\u65b9\\u5f0f\\u4e92\\u52a8\\uff0c\\u6559\\u7ec3\\u8bc6\\u522b\\u4e3a\\u8f7b\\ ... (2006 characters truncated) ... 45\\u5ea6\\u548c\\u63a7\\u5236\\u3002", "\\u8bb0\\u5f55\\u8bad\\u7ec3\\u6570\\u636e\\u4ee5\\u4fbf\\u957f\\u671f\\u8fdb\\u6b65\\u5206\\u6790\\u3002"]}', datetime.datetime(2026, 4, 23, 13, 48, 52, 545237))
2026-04-23 13:48:52,569 - sqlalchemy.engine.Engine - INFO - COMMIT
2026-04-23 13:48:52,571 - sqlalchemy.engine.Engine - INFO - BEGIN (implicit)
2026-04-23 13:48:52,573 - sqlalchemy.engine.Engine - INFO - SELECT memory_summary.id, memory_summary.session_id, memory_summary.thread_id, memory_summary.scope, memory_summary.source_message_count, memory_summary.summary_text, memory_summary.summary_json, memory_summary.created_at 
FROM memory_summary 
WHERE memory_summary.id = $1::INTEGER
2026-04-23 13:48:52,573 - sqlalchemy.engine.Engine - INFO - [generated in 0.00019s] (10,)
2026-04-23 13:48:52,919 - FitnessAgent - INFO - ✅ [Memory] Checkpoint 状态更新完毕，最新游标已停留在 ID: lc_run--019db4e3-7fdb-7f13-b9c7-43427f47db07-0
2026-04-23 13:49:01,643 - httpx - INFO - HTTP Request: POST https://api.deepseek.com/v1/chat/completions "HTTP/1.1 200 OK"
2026-04-23 13:49:10,396 - sqlalchemy.engine.Engine - INFO - BEGIN (implicit)
2026-04-23 13:49:10,396 - sqlalchemy.engine.Engine - INFO - SELECT workoutplan.id, workoutplan.session_id, workoutplan.plan_name, workoutplan.created_at 
FROM workoutplan 
WHERE workoutplan.session_id = $1::VARCHAR 
 LIMIT $2::INTEGER
2026-04-23 13:49:10,396 - sqlalchemy.engine.Engine - INFO - [cached since 83.31s ago] ('12A3C', 12)
2026-04-23 13:49:10,856 - httpx - INFO - HTTP Request: POST https://api.deepseek.com/v1/chat/completions "HTTP/1.1 200 OK"
2026-04-23 13:49:14,673 - sqlalchemy.engine.Engine - INFO - SELECT exerciseset.id, exerciseset.weight, exerciseset.reps, exerciseset.peak_hr, exerciseset.rest_hr, exerciseset.score, exerciseset.created_at, base_exercise.name AS exercise_name, base_exercise.primary_muscles, base_exercise.equipment 
FROM exerciseset JOIN planexercise ON exerciseset.exercise_id = planexercise.id JOIN workoutplan ON planexercise.plan_id = workoutplan.id JOIN base_exercise ON planexercise.exercise_base_id = base_exercise.id 
WHERE workoutplan.id = $1::INTEGER ORDER BY exerciseset.id
2026-04-23 13:49:14,673 - sqlalchemy.engine.Engine - INFO - [cached since 47.87s ago] (10,)
2026-04-23 13:49:15,151 - httpx - INFO - HTTP Request: POST https://api.deepseek.com/v1/chat/completions "HTTP/1.1 200 OK"
2026-04-23 13:49:19,760 - httpx - INFO - HTTP Request: POST https://api.deepseek.com/v1/chat/completions "HTTP/1.1 200 OK"
2026-04-23 13:49:23,562 - httpx - INFO - HTTP Request: POST https://api.deepseek.com/v1/chat/completions "HTTP/1.1 200 OK"
2026-04-23 13:49:27,325 - langchain_classic.retrievers.multi_query - INFO - Generated queries: ['我来为用户生成3个不同版本的查询问题，以便从向量数据库中检索相关文档。']
2026-04-23 13:49:27,864 - httpx - INFO - HTTP Request: POST https://api.deepseek.com/v1/chat/completions "HTTP/1.1 200 OK"
2026-04-23 13:49:48,138 - sqlalchemy.engine.Engine - INFO - ROLLBACK
2026-04-23 13:50:10,092 - httpx - INFO - HTTP Request: POST https://api.deepseek.com/v1/chat/completions "HTTP/1.1 200 OK"
2026-04-23 13:50:24,103 - FitnessAgent - INFO - 🔄 [Memory] 找到 20 条新滑出消息，开始滚动融合总结...
2026-04-23 13:50:24,468 - httpx - INFO - HTTP Request: POST https://api.deepseek.com/v1/chat/completions "HTTP/1.1 200 OK"
2026-04-23 13:50:44,292 - sqlalchemy.engine.Engine - INFO - BEGIN (implicit)
2026-04-23 13:50:44,292 - sqlalchemy.engine.Engine - INFO - INSERT INTO memory_summary (session_id, thread_id, scope, source_message_count, summary_text, summary_json, created_at) VALUES ($1::VARCHAR, $2::VARCHAR, $3::VARCHAR, $4::INTEGER, $5::VARCHAR, $6::JSONB, $7::TIMESTAMP WITHOUT TIME ZONE) RETURNING memory_summary.id
2026-04-23 13:50:44,292 - sqlalchemy.engine.Engine - INFO - [cached since 111.7s ago] ('12A3C', 'chat_12A3C', 'chat', 64, "标题：训练数据检查与全面状态评估\n摘要：['用户通过多次测试和检查请求，教练识别为探索模式并逐步提供训练数据分析和全面健身状态报告。', '教练基于用户训练历史（3月25-27日连续11次训练）和具体动作数据（如杠铃平板卧推5kg×5次、相扑硬拉60kg×2次）进行深度检查。', '教练总结用户 ... (457 characters truncated) ... 重量训练时需警惕动作代偿风险。\n后续关注：休息和恢复策略，建议增加休息日以避免过度训练。；动作技术改进，特别是杠铃平板卧推和相扑硬拉的正确姿势。；训练计划优化，降低频率至每周3-4次并提高训练质量。；力量提升方法，从5kg开始逐步增加重量并学习正确技术。；记录训练数据以便长期进步分析和调整计划。", '{"summary": ["\\u7528\\u6237\\u901a\\u8fc7\\u591a\\u6b21\\u6d4b\\u8bd5\\u548c\\u68c0\\u67e5\\u8bf7\\u6c42\\uff0c\\u6559\\u7ec3\\u8bc6\\u522b\\u4e3a\\ ... (4206 characters truncated) ... 02", "\\u8bb0\\u5f55\\u8bad\\u7ec3\\u6570\\u636e\\u4ee5\\u4fbf\\u957f\\u671f\\u8fdb\\u6b65\\u5206\\u6790\\u548c\\u8c03\\u6574\\u8ba1\\u5212\\u3002"]}', datetime.datetime(2026, 4, 23, 13, 50, 44, 292437))
2026-04-23 13:50:44,295 - sqlalchemy.engine.Engine - INFO - COMMIT
2026-04-23 13:50:44,296 - sqlalchemy.engine.Engine - INFO - BEGIN (implicit)
2026-04-23 13:50:44,296 - sqlalchemy.engine.Engine - INFO - SELECT memory_summary.id, memory_summary.session_id, memory_summary.thread_id, memory_summary.scope, memory_summary.source_message_count, memory_summary.summary_text, memory_summary.summary_json, memory_summary.created_at 
FROM memory_summary 
WHERE memory_summary.id = $1::INTEGER
2026-04-23 13:50:44,296 - sqlalchemy.engine.Engine - INFO - [cached since 111.7s ago] (11,)
2026-04-23 13:50:44,426 - FitnessAgent - INFO - ✅ [Memory] Checkpoint 状态更新完毕，最新游标已停留在 ID: lc_run--019db8e2-d87d-7312-b688-2cc32684ab7f-0
2026-04-23 13:50:56,803 - httpx - INFO - HTTP Request: POST https://api.deepseek.com/v1/chat/completions "HTTP/1.1 200 OK"
2026-04-23 13:51:17,140 - FitnessAgent - INFO - ℹ️ [Memory] 当前没有新的滑出消息需要总结，跳过。
2026-04-25 17:18:51,230 - sqlalchemy.pool.impl.AsyncAdaptedQueuePool - ERROR - Exception terminating connection <AdaptedConnection <asyncpg.connection.Connection object at 0x0000022E67469B80>>
Traceback (most recent call last):
  File "E:\ai_Practise\MuscleGuard\.venv\Lib\site-packages\sqlalchemy\pool\base.py", line 373, in _close_connection
    self._dialect.do_terminate(connection)
  File "E:\ai_Practise\MuscleGuard\.venv\Lib\site-packages\sqlalchemy\dialects\postgresql\asyncpg.py", line 1127, in do_terminate
    dbapi_connection.terminate()
  File "E:\ai_Practise\MuscleGuard\.venv\Lib\site-packages\sqlalchemy\connectors\asyncio.py", line 415, in terminate
    self._terminate_force_close()
  File "E:\ai_Practise\MuscleGuard\.venv\Lib\site-packages\sqlalchemy\dialects\postgresql\asyncpg.py", line 916, in _terminate_force_close
    self._connection.terminate()
  File "E:\ai_Practise\MuscleGuard\.venv\Lib\site-packages\asyncpg\connection.py", line 1524, in terminate
    self._abort()
  File "E:\ai_Practise\MuscleGuard\.venv\Lib\site-packages\asyncpg\connection.py", line 1576, in _abort
    self._protocol.abort()
  File "asyncpg/protocol/protocol.pyx", line 599, in asyncpg.protocol.protocol.BaseProtocol.abort
  File "C:\Users\26071\AppData\Local\Programs\Python\Python312\Lib\asyncio\selector_events.py", line 836, in abort
    self._force_close(None)
  File "C:\Users\26071\AppData\Local\Programs\Python\Python312\Lib\asyncio\selector_events.py", line 906, in _force_close
    self._loop.call_soon(self._call_connection_lost, exc)
  File "C:\Users\26071\AppData\Local\Programs\Python\Python312\Lib\asyncio\base_events.py", line 795, in call_soon
    self._check_closed()
  File "C:\Users\26071\AppData\Local\Programs\Python\Python312\Lib\asyncio\base_events.py", line 541, in _check_closed
    raise RuntimeError('Event loop is closed')
RuntimeError: Event loop is closed
2026-04-25 17:18:51,328 - sqlalchemy.pool.impl.AsyncAdaptedQueuePool - ERROR - The garbage collector is trying to clean up non-checked-in connection <AdaptedConnection <asyncpg.connection.Connection object at 0x0000022E67469B80>>, which will be terminated.  Please ensure that SQLAlchemy pooled connections are returned to the pool explicitly, either by calling ``close()`` or by using appropriate context managers to manage their lifecycle.
2026-04-25 17:18:51,329 - sqlalchemy.pool.impl.AsyncAdaptedQueuePool - ERROR - Exception terminating connection <AdaptedConnection <asyncpg.connection.Connection object at 0x0000022E675186E0>>
Traceback (most recent call last):
  File "E:\ai_Practise\MuscleGuard\.venv\Lib\site-packages\sqlalchemy\pool\base.py", line 373, in _close_connection
    self._dialect.do_terminate(connection)
  File "E:\ai_Practise\MuscleGuard\.venv\Lib\site-packages\sqlalchemy\dialects\postgresql\asyncpg.py", line 1127, in do_terminate
    dbapi_connection.terminate()
  File "E:\ai_Practise\MuscleGuard\.venv\Lib\site-packages\sqlalchemy\connectors\asyncio.py", line 415, in terminate
    self._terminate_force_close()
  File "E:\ai_Practise\MuscleGuard\.venv\Lib\site-packages\sqlalchemy\dialects\postgresql\asyncpg.py", line 916, in _terminate_force_close
    self._connection.terminate()
  File "E:\ai_Practise\MuscleGuard\.venv\Lib\site-packages\asyncpg\connection.py", line 1524, in terminate
    self._abort()
  File "E:\ai_Practise\MuscleGuard\.venv\Lib\site-packages\asyncpg\connection.py", line 1576, in _abort
    self._protocol.abort()
  File "asyncpg/protocol/protocol.pyx", line 599, in asyncpg.protocol.protocol.BaseProtocol.abort
  File "C:\Users\26071\AppData\Local\Programs\Python\Python312\Lib\asyncio\selector_events.py", line 836, in abort
    self._force_close(None)
  File "C:\Users\26071\AppData\Local\Programs\Python\Python312\Lib\asyncio\selector_events.py", line 906, in _force_close
    self._loop.call_soon(self._call_connection_lost, exc)
  File "C:\Users\26071\AppData\Local\Programs\Python\Python312\Lib\asyncio\base_events.py", line 795, in call_soon
    self._check_closed()
  File "C:\Users\26071\AppData\Local\Programs\Python\Python312\Lib\asyncio\base_events.py", line 541, in _check_closed
    raise RuntimeError('Event loop is closed')
RuntimeError: Event loop is closed
2026-04-25 17:18:51,330 - sqlalchemy.pool.impl.AsyncAdaptedQueuePool - ERROR - The garbage collector is trying to clean up non-checked-in connection <AdaptedConnection <asyncpg.connection.Connection object at 0x0000022E675186E0>>, which will be terminated.  Please ensure that SQLAlchemy pooled connections are returned to the pool explicitly, either by calling ``close()`` or by using appropriate context managers to manage their lifecycle.
2026-04-30 15:59:33,006 - sqlalchemy.engine.Engine - INFO - select pg_catalog.version()
2026-04-30 15:59:33,007 - sqlalchemy.engine.Engine - INFO - [raw sql] ()
2026-04-30 15:59:33,027 - sqlalchemy.engine.Engine - INFO - select current_schema()
2026-04-30 15:59:33,027 - sqlalchemy.engine.Engine - INFO - [raw sql] ()
2026-04-30 15:59:33,032 - sqlalchemy.engine.Engine - INFO - show standard_conforming_strings
2026-04-30 15:59:33,032 - sqlalchemy.engine.Engine - INFO - [raw sql] ()
2026-04-30 15:59:33,033 - sqlalchemy.engine.Engine - INFO - BEGIN (implicit)
2026-04-30 15:59:33,035 - sqlalchemy.engine.Engine - INFO - SELECT pg_catalog.pg_class.relname 
FROM pg_catalog.pg_class JOIN pg_catalog.pg_namespace ON pg_catalog.pg_namespace.oid = pg_catalog.pg_class.relnamespace 
WHERE pg_catalog.pg_class.relname = $1::VARCHAR AND pg_catalog.pg_class.relkind = ANY (ARRAY[$2::VARCHAR, $3::VARCHAR, $4::VARCHAR, $5::VARCHAR, $6::VARCHAR]) AND pg_catalog.pg_table_is_visible(pg_catalog.pg_class.oid) AND pg_catalog.pg_namespace.nspname != $7::VARCHAR
2026-04-30 15:59:33,035 - sqlalchemy.engine.Engine - INFO - [generated in 0.00029s] ('base_exercise', 'r', 'p', 'f', 'v', 'm', 'pg_catalog')
2026-04-30 15:59:33,074 - sqlalchemy.engine.Engine - INFO - SELECT pg_catalog.pg_class.relname 
FROM pg_catalog.pg_class JOIN pg_catalog.pg_namespace ON pg_catalog.pg_namespace.oid = pg_catalog.pg_class.relnamespace 
WHERE pg_catalog.pg_class.relname = $1::VARCHAR AND pg_catalog.pg_class.relkind = ANY (ARRAY[$2::VARCHAR, $3::VARCHAR, $4::VARCHAR, $5::VARCHAR, $6::VARCHAR]) AND pg_catalog.pg_table_is_visible(pg_catalog.pg_class.oid) AND pg_catalog.pg_namespace.nspname != $7::VARCHAR
2026-04-30 15:59:33,074 - sqlalchemy.engine.Engine - INFO - [cached since 0.03825s ago] ('workoutplan', 'r', 'p', 'f', 'v', 'm', 'pg_catalog')
2026-04-30 15:59:33,074 - sqlalchemy.engine.Engine - INFO - SELECT pg_catalog.pg_class.relname 
FROM pg_catalog.pg_class JOIN pg_catalog.pg_namespace ON pg_catalog.pg_namespace.oid = pg_catalog.pg_class.relnamespace 
WHERE pg_catalog.pg_class.relname = $1::VARCHAR AND pg_catalog.pg_class.relkind = ANY (ARRAY[$2::VARCHAR, $3::VARCHAR, $4::VARCHAR, $5::VARCHAR, $6::VARCHAR]) AND pg_catalog.pg_table_is_visible(pg_catalog.pg_class.oid) AND pg_catalog.pg_namespace.nspname != $7::VARCHAR
2026-04-30 15:59:33,075 - sqlalchemy.engine.Engine - INFO - [cached since 0.03895s ago] ('planexercise', 'r', 'p', 'f', 'v', 'm', 'pg_catalog')
2026-04-30 15:59:33,075 - sqlalchemy.engine.Engine - INFO - SELECT pg_catalog.pg_class.relname 
FROM pg_catalog.pg_class JOIN pg_catalog.pg_namespace ON pg_catalog.pg_namespace.oid = pg_catalog.pg_class.relnamespace 
WHERE pg_catalog.pg_class.relname = $1::VARCHAR AND pg_catalog.pg_class.relkind = ANY (ARRAY[$2::VARCHAR, $3::VARCHAR, $4::VARCHAR, $5::VARCHAR, $6::VARCHAR]) AND pg_catalog.pg_table_is_visible(pg_catalog.pg_class.oid) AND pg_catalog.pg_namespace.nspname != $7::VARCHAR
2026-04-30 15:59:33,075 - sqlalchemy.engine.Engine - INFO - [cached since 0.03953s ago] ('exerciseset', 'r', 'p', 'f', 'v', 'm', 'pg_catalog')
2026-04-30 15:59:33,076 - sqlalchemy.engine.Engine - INFO - SELECT pg_catalog.pg_class.relname 
FROM pg_catalog.pg_class JOIN pg_catalog.pg_namespace ON pg_catalog.pg_namespace.oid = pg_catalog.pg_class.relnamespace 
WHERE pg_catalog.pg_class.relname = $1::VARCHAR AND pg_catalog.pg_class.relkind = ANY (ARRAY[$2::VARCHAR, $3::VARCHAR, $4::VARCHAR, $5::VARCHAR, $6::VARCHAR]) AND pg_catalog.pg_table_is_visible(pg_catalog.pg_class.oid) AND pg_catalog.pg_namespace.nspname != $7::VARCHAR
2026-04-30 15:59:33,076 - sqlalchemy.engine.Engine - INFO - [cached since 0.04008s ago] ('user', 'r', 'p', 'f', 'v', 'm', 'pg_catalog')
2026-04-30 15:59:33,076 - sqlalchemy.engine.Engine - INFO - SELECT pg_catalog.pg_class.relname 
FROM pg_catalog.pg_class JOIN pg_catalog.pg_namespace ON pg_catalog.pg_namespace.oid = pg_catalog.pg_class.relnamespace 
WHERE pg_catalog.pg_class.relname = $1::VARCHAR AND pg_catalog.pg_class.relkind = ANY (ARRAY[$2::VARCHAR, $3::VARCHAR, $4::VARCHAR, $5::VARCHAR, $6::VARCHAR]) AND pg_catalog.pg_table_is_visible(pg_catalog.pg_class.oid) AND pg_catalog.pg_namespace.nspname != $7::VARCHAR
2026-04-30 15:59:33,076 - sqlalchemy.engine.Engine - INFO - [cached since 0.04063s ago] ('memory_summary', 'r', 'p', 'f', 'v', 'm', 'pg_catalog')
2026-04-30 15:59:33,077 - sqlalchemy.engine.Engine - INFO - COMMIT
2026-04-30 16:00:05,985 - sqlalchemy.engine.Engine - INFO - BEGIN (implicit)
2026-04-30 16:00:05,995 - sqlalchemy.engine.Engine - INFO - SELECT "user".session_id, "user".name, "user".age, "user".height, "user".weight 
FROM "user" 
WHERE "user".session_id = $1::VARCHAR
2026-04-30 16:00:05,995 - sqlalchemy.engine.Engine - INFO - [generated in 0.00024s] ('12A3C',)
2026-04-30 16:00:06,005 - sqlalchemy.engine.Engine - INFO - ROLLBACK
2026-04-30 16:00:12,912 - httpx - INFO - HTTP Request: POST https://api.deepseek.com/v1/chat/completions "HTTP/1.1 200 OK"
2026-04-30 16:00:14,428 - sqlalchemy.engine.Engine - INFO - BEGIN (implicit)
2026-04-30 16:00:14,429 - sqlalchemy.engine.Engine - INFO - SELECT workoutplan.id, workoutplan.session_id, workoutplan.plan_name, workoutplan.created_at 
FROM workoutplan 
WHERE workoutplan.session_id = $1::VARCHAR 
 LIMIT $2::INTEGER
2026-04-30 16:00:14,429 - sqlalchemy.engine.Engine - INFO - [generated in 0.00024s] ('12A3C', 3)
2026-04-30 16:00:14,990 - httpx - INFO - HTTP Request: POST https://api.deepseek.com/v1/chat/completions "HTTP/1.1 200 OK"
2026-04-30 16:00:16,830 - httpx - INFO - HTTP Request: POST https://api.deepseek.com/v1/chat/completions "HTTP/1.1 200 OK"
2026-04-30 16:00:17,377 - langchain_classic.retrievers.multi_query - INFO - Generated queries: ['健身入门动作', '新手适合的健身动作', '零基础健身推荐动作']
2026-04-30 16:00:18,038 - httpx - INFO - HTTP Request: POST https://api.deepseek.com/v1/chat/completions "HTTP/1.1 200 OK"
2026-04-30 16:00:20,122 - httpx - INFO - HTTP Request: POST https://api.deepseek.com/v1/chat/completions "HTTP/1.1 200 OK"
2026-04-30 16:00:22,574 - sqlalchemy.engine.Engine - INFO - ROLLBACK
2026-04-30 16:00:52,360 - httpx - INFO - HTTP Request: POST https://api.deepseek.com/v1/chat/completions "HTTP/1.1 200 OK"
2026-04-30 16:00:53,414 - sqlalchemy.engine.Engine - INFO - BEGIN (implicit)
2026-04-30 16:00:53,415 - sqlalchemy.engine.Engine - INFO - SELECT workoutplan.id, workoutplan.session_id, workoutplan.plan_name, workoutplan.created_at 
FROM workoutplan 
WHERE workoutplan.session_id = $1::VARCHAR 
 LIMIT $2::INTEGER
2026-04-30 16:00:53,415 - sqlalchemy.engine.Engine - INFO - [cached since 38.99s ago] ('12A3C', 10)
2026-04-30 16:00:53,930 - httpx - INFO - HTTP Request: POST https://api.deepseek.com/v1/chat/completions "HTTP/1.1 200 OK"
2026-04-30 16:00:55,279 - sqlalchemy.engine.Engine - INFO - SELECT exerciseset.id, exerciseset.weight, exerciseset.reps, exerciseset.peak_hr, exerciseset.rest_hr, exerciseset.score, exerciseset.created_at, base_exercise.name AS exercise_name, base_exercise.primary_muscles, base_exercise.equipment 
FROM exerciseset JOIN planexercise ON exerciseset.exercise_id = planexercise.id JOIN workoutplan ON planexercise.plan_id = workoutplan.id JOIN base_exercise ON planexercise.exercise_base_id = base_exercise.id 
WHERE workoutplan.id = $1::INTEGER ORDER BY exerciseset.id
2026-04-30 16:00:55,280 - sqlalchemy.engine.Engine - INFO - [generated in 0.00031s] (10,)
2026-04-30 16:00:55,797 - httpx - INFO - HTTP Request: POST https://api.deepseek.com/v1/chat/completions "HTTP/1.1 200 OK"
2026-04-30 16:00:57,370 - httpx - INFO - HTTP Request: POST https://api.deepseek.com/v1/chat/completions "HTTP/1.1 200 OK"
2026-04-30 16:00:58,196 - langchain_classic.retrievers.multi_query - INFO - Generated queries: ['杠铃平板卧推的标准动作要领是什么？', '杠铃平板卧推的正确姿势和技巧有哪些？', '如何正确完成杠铃平板卧推？']
2026-04-30 16:00:58,847 - httpx - INFO - HTTP Request: POST https://api.deepseek.com/v1/chat/completions "HTTP/1.1 200 OK"
2026-04-30 16:01:03,873 - sqlalchemy.engine.Engine - INFO - ROLLBACK
2026-04-30 16:07:58,442 - sqlalchemy.engine.Engine - INFO - select pg_catalog.version()
2026-04-30 16:07:58,442 - sqlalchemy.engine.Engine - INFO - [raw sql] ()
2026-04-30 16:07:58,443 - sqlalchemy.engine.Engine - INFO - select current_schema()
2026-04-30 16:07:58,443 - sqlalchemy.engine.Engine - INFO - [raw sql] ()
2026-04-30 16:07:58,444 - sqlalchemy.engine.Engine - INFO - show standard_conforming_strings
2026-04-30 16:07:58,444 - sqlalchemy.engine.Engine - INFO - [raw sql] ()
2026-04-30 16:07:58,445 - sqlalchemy.engine.Engine - INFO - BEGIN (implicit)
2026-04-30 16:07:58,448 - sqlalchemy.engine.Engine - INFO - SELECT pg_catalog.pg_class.relname 
FROM pg_catalog.pg_class JOIN pg_catalog.pg_namespace ON pg_catalog.pg_namespace.oid = pg_catalog.pg_class.relnamespace 
WHERE pg_catalog.pg_class.relname = $1::VARCHAR AND pg_catalog.pg_class.relkind = ANY (ARRAY[$2::VARCHAR, $3::VARCHAR, $4::VARCHAR, $5::VARCHAR, $6::VARCHAR]) AND pg_catalog.pg_table_is_visible(pg_catalog.pg_class.oid) AND pg_catalog.pg_namespace.nspname != $7::VARCHAR
2026-04-30 16:07:58,448 - sqlalchemy.engine.Engine - INFO - [generated in 0.00026s] ('base_exercise', 'r', 'p', 'f', 'v', 'm', 'pg_catalog')
2026-04-30 16:07:58,452 - sqlalchemy.engine.Engine - INFO - SELECT pg_catalog.pg_class.relname 
FROM pg_catalog.pg_class JOIN pg_catalog.pg_namespace ON pg_catalog.pg_namespace.oid = pg_catalog.pg_class.relnamespace 
WHERE pg_catalog.pg_class.relname = $1::VARCHAR AND pg_catalog.pg_class.relkind = ANY (ARRAY[$2::VARCHAR, $3::VARCHAR, $4::VARCHAR, $5::VARCHAR, $6::VARCHAR]) AND pg_catalog.pg_table_is_visible(pg_catalog.pg_class.oid) AND pg_catalog.pg_namespace.nspname != $7::VARCHAR
2026-04-30 16:07:58,453 - sqlalchemy.engine.Engine - INFO - [cached since 0.00529s ago] ('workoutplan', 'r', 'p', 'f', 'v', 'm', 'pg_catalog')
2026-04-30 16:07:58,453 - sqlalchemy.engine.Engine - INFO - SELECT pg_catalog.pg_class.relname 
FROM pg_catalog.pg_class JOIN pg_catalog.pg_namespace ON pg_catalog.pg_namespace.oid = pg_catalog.pg_class.relnamespace 
WHERE pg_catalog.pg_class.relname = $1::VARCHAR AND pg_catalog.pg_class.relkind = ANY (ARRAY[$2::VARCHAR, $3::VARCHAR, $4::VARCHAR, $5::VARCHAR, $6::VARCHAR]) AND pg_catalog.pg_table_is_visible(pg_catalog.pg_class.oid) AND pg_catalog.pg_namespace.nspname != $7::VARCHAR
2026-04-30 16:07:58,453 - sqlalchemy.engine.Engine - INFO - [cached since 0.005912s ago] ('planexercise', 'r', 'p', 'f', 'v', 'm', 'pg_catalog')
2026-04-30 16:07:58,454 - sqlalchemy.engine.Engine - INFO - SELECT pg_catalog.pg_class.relname 
FROM pg_catalog.pg_class JOIN pg_catalog.pg_namespace ON pg_catalog.pg_namespace.oid = pg_catalog.pg_class.relnamespace 
WHERE pg_catalog.pg_class.relname = $1::VARCHAR AND pg_catalog.pg_class.relkind = ANY (ARRAY[$2::VARCHAR, $3::VARCHAR, $4::VARCHAR, $5::VARCHAR, $6::VARCHAR]) AND pg_catalog.pg_table_is_visible(pg_catalog.pg_class.oid) AND pg_catalog.pg_namespace.nspname != $7::VARCHAR
2026-04-30 16:07:58,454 - sqlalchemy.engine.Engine - INFO - [cached since 0.00644s ago] ('exerciseset', 'r', 'p', 'f', 'v', 'm', 'pg_catalog')
2026-04-30 16:07:58,454 - sqlalchemy.engine.Engine - INFO - SELECT pg_catalog.pg_class.relname 
FROM pg_catalog.pg_class JOIN pg_catalog.pg_namespace ON pg_catalog.pg_namespace.oid = pg_catalog.pg_class.relnamespace 
WHERE pg_catalog.pg_class.relname = $1::VARCHAR AND pg_catalog.pg_class.relkind = ANY (ARRAY[$2::VARCHAR, $3::VARCHAR, $4::VARCHAR, $5::VARCHAR, $6::VARCHAR]) AND pg_catalog.pg_table_is_visible(pg_catalog.pg_class.oid) AND pg_catalog.pg_namespace.nspname != $7::VARCHAR
2026-04-30 16:07:58,454 - sqlalchemy.engine.Engine - INFO - [cached since 0.006955s ago] ('user', 'r', 'p', 'f', 'v', 'm', 'pg_catalog')
2026-04-30 16:07:58,455 - sqlalchemy.engine.Engine - INFO - SELECT pg_catalog.pg_class.relname 
FROM pg_catalog.pg_class JOIN pg_catalog.pg_namespace ON pg_catalog.pg_namespace.oid = pg_catalog.pg_class.relnamespace 
WHERE pg_catalog.pg_class.relname = $1::VARCHAR AND pg_catalog.pg_class.relkind = ANY (ARRAY[$2::VARCHAR, $3::VARCHAR, $4::VARCHAR, $5::VARCHAR, $6::VARCHAR]) AND pg_catalog.pg_table_is_visible(pg_catalog.pg_class.oid) AND pg_catalog.pg_namespace.nspname != $7::VARCHAR
2026-04-30 16:07:58,455 - sqlalchemy.engine.Engine - INFO - [cached since 0.007698s ago] ('memory_summary', 'r', 'p', 'f', 'v', 'm', 'pg_catalog')
2026-04-30 16:07:58,456 - sqlalchemy.engine.Engine - INFO - COMMIT
2026-04-30 16:09:53,315 - sqlalchemy.engine.Engine - INFO - BEGIN (implicit)
2026-04-30 16:09:53,326 - sqlalchemy.engine.Engine - INFO - SELECT "user".session_id, "user".name, "user".age, "user".height, "user".weight 
FROM "user" 
WHERE "user".session_id = $1::VARCHAR
2026-04-30 16:09:53,326 - sqlalchemy.engine.Engine - INFO - [generated in 0.00026s] ('12A3C',)
2026-04-30 16:09:53,329 - sqlalchemy.engine.Engine - INFO - ROLLBACK
2026-04-30 16:09:57,350 - sqlalchemy.engine.Engine - INFO - BEGIN (implicit)
2026-04-30 16:09:57,352 - sqlalchemy.engine.Engine - INFO - SELECT memory_summary.id, memory_summary.session_id, memory_summary.thread_id, memory_summary.scope, memory_summary.source_message_count, memory_summary.summary_text, memory_summary.summary_json, memory_summary.created_at 
FROM memory_summary 
WHERE memory_summary.session_id = $1::VARCHAR ORDER BY memory_summary.created_at DESC 
 LIMIT $2::INTEGER
2026-04-30 16:09:57,352 - sqlalchemy.engine.Engine - INFO - [generated in 0.00029s] ('12A3C', 3)
2026-04-30 16:09:57,801 - httpx - INFO - HTTP Request: POST https://api.deepseek.com/v1/chat/completions "HTTP/1.1 200 OK"
2026-04-30 16:09:59,913 - sqlalchemy.engine.Engine - INFO - ROLLBACK
2026-04-30 16:10:28,750 - sqlalchemy.engine.Engine - INFO - select pg_catalog.version()
2026-04-30 16:10:28,751 - sqlalchemy.engine.Engine - INFO - [raw sql] ()
2026-04-30 16:10:28,753 - sqlalchemy.engine.Engine - INFO - select current_schema()
2026-04-30 16:10:28,753 - sqlalchemy.engine.Engine - INFO - [raw sql] ()
2026-04-30 16:10:28,754 - sqlalchemy.engine.Engine - INFO - show standard_conforming_strings
2026-04-30 16:10:28,754 - sqlalchemy.engine.Engine - INFO - [raw sql] ()
2026-04-30 16:10:28,755 - sqlalchemy.engine.Engine - INFO - BEGIN (implicit)
2026-04-30 16:10:28,757 - sqlalchemy.engine.Engine - INFO - SELECT pg_catalog.pg_class.relname 
FROM pg_catalog.pg_class JOIN pg_catalog.pg_namespace ON pg_catalog.pg_namespace.oid = pg_catalog.pg_class.relnamespace 
WHERE pg_catalog.pg_class.relname = $1::VARCHAR AND pg_catalog.pg_class.relkind = ANY (ARRAY[$2::VARCHAR, $3::VARCHAR, $4::VARCHAR, $5::VARCHAR, $6::VARCHAR]) AND pg_catalog.pg_table_is_visible(pg_catalog.pg_class.oid) AND pg_catalog.pg_namespace.nspname != $7::VARCHAR
2026-04-30 16:10:28,758 - sqlalchemy.engine.Engine - INFO - [generated in 0.00026s] ('base_exercise', 'r', 'p', 'f', 'v', 'm', 'pg_catalog')
2026-04-30 16:10:28,764 - sqlalchemy.engine.Engine - INFO - SELECT pg_catalog.pg_class.relname 
FROM pg_catalog.pg_class JOIN pg_catalog.pg_namespace ON pg_catalog.pg_namespace.oid = pg_catalog.pg_class.relnamespace 
WHERE pg_catalog.pg_class.relname = $1::VARCHAR AND pg_catalog.pg_class.relkind = ANY (ARRAY[$2::VARCHAR, $3::VARCHAR, $4::VARCHAR, $5::VARCHAR, $6::VARCHAR]) AND pg_catalog.pg_table_is_visible(pg_catalog.pg_class.oid) AND pg_catalog.pg_namespace.nspname != $7::VARCHAR
2026-04-30 16:10:28,764 - sqlalchemy.engine.Engine - INFO - [cached since 0.005998s ago] ('workoutplan', 'r', 'p', 'f', 'v', 'm', 'pg_catalog')
2026-04-30 16:10:28,765 - sqlalchemy.engine.Engine - INFO - SELECT pg_catalog.pg_class.relname 
FROM pg_catalog.pg_class JOIN pg_catalog.pg_namespace ON pg_catalog.pg_namespace.oid = pg_catalog.pg_class.relnamespace 
WHERE pg_catalog.pg_class.relname = $1::VARCHAR AND pg_catalog.pg_class.relkind = ANY (ARRAY[$2::VARCHAR, $3::VARCHAR, $4::VARCHAR, $5::VARCHAR, $6::VARCHAR]) AND pg_catalog.pg_table_is_visible(pg_catalog.pg_class.oid) AND pg_catalog.pg_namespace.nspname != $7::VARCHAR
2026-04-30 16:10:28,765 - sqlalchemy.engine.Engine - INFO - [cached since 0.006682s ago] ('planexercise', 'r', 'p', 'f', 'v', 'm', 'pg_catalog')
2026-04-30 16:10:28,765 - sqlalchemy.engine.Engine - INFO - SELECT pg_catalog.pg_class.relname 
FROM pg_catalog.pg_class JOIN pg_catalog.pg_namespace ON pg_catalog.pg_namespace.oid = pg_catalog.pg_class.relnamespace 
WHERE pg_catalog.pg_class.relname = $1::VARCHAR AND pg_catalog.pg_class.relkind = ANY (ARRAY[$2::VARCHAR, $3::VARCHAR, $4::VARCHAR, $5::VARCHAR, $6::VARCHAR]) AND pg_catalog.pg_table_is_visible(pg_catalog.pg_class.oid) AND pg_catalog.pg_namespace.nspname != $7::VARCHAR
2026-04-30 16:10:28,766 - sqlalchemy.engine.Engine - INFO - [cached since 0.007265s ago] ('exerciseset', 'r', 'p', 'f', 'v', 'm', 'pg_catalog')
2026-04-30 16:10:28,766 - sqlalchemy.engine.Engine - INFO - SELECT pg_catalog.pg_class.relname 
FROM pg_catalog.pg_class JOIN pg_catalog.pg_namespace ON pg_catalog.pg_namespace.oid = pg_catalog.pg_class.relnamespace 
WHERE pg_catalog.pg_class.relname = $1::VARCHAR AND pg_catalog.pg_class.relkind = ANY (ARRAY[$2::VARCHAR, $3::VARCHAR, $4::VARCHAR, $5::VARCHAR, $6::VARCHAR]) AND pg_catalog.pg_table_is_visible(pg_catalog.pg_class.oid) AND pg_catalog.pg_namespace.nspname != $7::VARCHAR
2026-04-30 16:10:28,766 - sqlalchemy.engine.Engine - INFO - [cached since 0.008092s ago] ('user', 'r', 'p', 'f', 'v', 'm', 'pg_catalog')
2026-04-30 16:10:28,767 - sqlalchemy.engine.Engine - INFO - SELECT pg_catalog.pg_class.relname 
FROM pg_catalog.pg_class JOIN pg_catalog.pg_namespace ON pg_catalog.pg_namespace.oid = pg_catalog.pg_class.relnamespace 
WHERE pg_catalog.pg_class.relname = $1::VARCHAR AND pg_catalog.pg_class.relkind = ANY (ARRAY[$2::VARCHAR, $3::VARCHAR, $4::VARCHAR, $5::VARCHAR, $6::VARCHAR]) AND pg_catalog.pg_table_is_visible(pg_catalog.pg_class.oid) AND pg_catalog.pg_namespace.nspname != $7::VARCHAR
2026-04-30 16:10:28,767 - sqlalchemy.engine.Engine - INFO - [cached since 0.008806s ago] ('memory_summary', 'r', 'p', 'f', 'v', 'm', 'pg_catalog')
2026-04-30 16:10:28,768 - sqlalchemy.engine.Engine - INFO - COMMIT
2026-04-30 16:11:13,146 - sqlalchemy.engine.Engine - INFO - select pg_catalog.version()
2026-04-30 16:11:13,146 - sqlalchemy.engine.Engine - INFO - [raw sql] ()
2026-04-30 16:11:13,148 - sqlalchemy.engine.Engine - INFO - select current_schema()
2026-04-30 16:11:13,148 - sqlalchemy.engine.Engine - INFO - [raw sql] ()
2026-04-30 16:11:13,149 - sqlalchemy.engine.Engine - INFO - show standard_conforming_strings
2026-04-30 16:11:13,149 - sqlalchemy.engine.Engine - INFO - [raw sql] ()
2026-04-30 16:11:13,150 - sqlalchemy.engine.Engine - INFO - BEGIN (implicit)
2026-04-30 16:11:13,153 - sqlalchemy.engine.Engine - INFO - SELECT pg_catalog.pg_class.relname 
FROM pg_catalog.pg_class JOIN pg_catalog.pg_namespace ON pg_catalog.pg_namespace.oid = pg_catalog.pg_class.relnamespace 
WHERE pg_catalog.pg_class.relname = $1::VARCHAR AND pg_catalog.pg_class.relkind = ANY (ARRAY[$2::VARCHAR, $3::VARCHAR, $4::VARCHAR, $5::VARCHAR, $6::VARCHAR]) AND pg_catalog.pg_table_is_visible(pg_catalog.pg_class.oid) AND pg_catalog.pg_namespace.nspname != $7::VARCHAR
2026-04-30 16:11:13,153 - sqlalchemy.engine.Engine - INFO - [generated in 0.00039s] ('base_exercise', 'r', 'p', 'f', 'v', 'm', 'pg_catalog')
2026-04-30 16:11:13,160 - sqlalchemy.engine.Engine - INFO - SELECT pg_catalog.pg_class.relname 
FROM pg_catalog.pg_class JOIN pg_catalog.pg_namespace ON pg_catalog.pg_namespace.oid = pg_catalog.pg_class.relnamespace 
WHERE pg_catalog.pg_class.relname = $1::VARCHAR AND pg_catalog.pg_class.relkind = ANY (ARRAY[$2::VARCHAR, $3::VARCHAR, $4::VARCHAR, $5::VARCHAR, $6::VARCHAR]) AND pg_catalog.pg_table_is_visible(pg_catalog.pg_class.oid) AND pg_catalog.pg_namespace.nspname != $7::VARCHAR
2026-04-30 16:11:13,160 - sqlalchemy.engine.Engine - INFO - [cached since 0.006696s ago] ('workoutplan', 'r', 'p', 'f', 'v', 'm', 'pg_catalog')
2026-04-30 16:11:13,161 - sqlalchemy.engine.Engine - INFO - SELECT pg_catalog.pg_class.relname 
FROM pg_catalog.pg_class JOIN pg_catalog.pg_namespace ON pg_catalog.pg_namespace.oid = pg_catalog.pg_class.relnamespace 
WHERE pg_catalog.pg_class.relname = $1::VARCHAR AND pg_catalog.pg_class.relkind = ANY (ARRAY[$2::VARCHAR, $3::VARCHAR, $4::VARCHAR, $5::VARCHAR, $6::VARCHAR]) AND pg_catalog.pg_table_is_visible(pg_catalog.pg_class.oid) AND pg_catalog.pg_namespace.nspname != $7::VARCHAR
2026-04-30 16:11:13,161 - sqlalchemy.engine.Engine - INFO - [cached since 0.007558s ago] ('planexercise', 'r', 'p', 'f', 'v', 'm', 'pg_catalog')
2026-04-30 16:11:13,161 - sqlalchemy.engine.Engine - INFO - SELECT pg_catalog.pg_class.relname 
FROM pg_catalog.pg_class JOIN pg_catalog.pg_namespace ON pg_catalog.pg_namespace.oid = pg_catalog.pg_class.relnamespace 
WHERE pg_catalog.pg_class.relname = $1::VARCHAR AND pg_catalog.pg_class.relkind = ANY (ARRAY[$2::VARCHAR, $3::VARCHAR, $4::VARCHAR, $5::VARCHAR, $6::VARCHAR]) AND pg_catalog.pg_table_is_visible(pg_catalog.pg_class.oid) AND pg_catalog.pg_namespace.nspname != $7::VARCHAR
2026-04-30 16:11:13,161 - sqlalchemy.engine.Engine - INFO - [cached since 0.008184s ago] ('exerciseset', 'r', 'p', 'f', 'v', 'm', 'pg_catalog')
2026-04-30 16:11:13,162 - sqlalchemy.engine.Engine - INFO - SELECT pg_catalog.pg_class.relname 
FROM pg_catalog.pg_class JOIN pg_catalog.pg_namespace ON pg_catalog.pg_namespace.oid = pg_catalog.pg_class.relnamespace 
WHERE pg_catalog.pg_class.relname = $1::VARCHAR AND pg_catalog.pg_class.relkind = ANY (ARRAY[$2::VARCHAR, $3::VARCHAR, $4::VARCHAR, $5::VARCHAR, $6::VARCHAR]) AND pg_catalog.pg_table_is_visible(pg_catalog.pg_class.oid) AND pg_catalog.pg_namespace.nspname != $7::VARCHAR
2026-04-30 16:11:13,162 - sqlalchemy.engine.Engine - INFO - [cached since 0.008742s ago] ('user', 'r', 'p', 'f', 'v', 'm', 'pg_catalog')
2026-04-30 16:11:13,162 - sqlalchemy.engine.Engine - INFO - SELECT pg_catalog.pg_class.relname 
FROM pg_catalog.pg_class JOIN pg_catalog.pg_namespace ON pg_catalog.pg_namespace.oid = pg_catalog.pg_class.relnamespace 
WHERE pg_catalog.pg_class.relname = $1::VARCHAR AND pg_catalog.pg_class.relkind = ANY (ARRAY[$2::VARCHAR, $3::VARCHAR, $4::VARCHAR, $5::VARCHAR, $6::VARCHAR]) AND pg_catalog.pg_table_is_visible(pg_catalog.pg_class.oid) AND pg_catalog.pg_namespace.nspname != $7::VARCHAR
2026-04-30 16:11:13,162 - sqlalchemy.engine.Engine - INFO - [cached since 0.009295s ago] ('memory_summary', 'r', 'p', 'f', 'v', 'm', 'pg_catalog')
2026-04-30 16:11:13,163 - sqlalchemy.engine.Engine - INFO - COMMIT
2026-04-30 16:11:20,485 - sqlalchemy.engine.Engine - INFO - BEGIN (implicit)
2026-04-30 16:11:20,497 - sqlalchemy.engine.Engine - INFO - SELECT "user".session_id, "user".name, "user".age, "user".height, "user".weight 
FROM "user" 
WHERE "user".session_id = $1::VARCHAR
2026-04-30 16:11:20,498 - sqlalchemy.engine.Engine - INFO - [generated in 0.00056s] ('12A3C',)
2026-04-30 16:11:20,502 - sqlalchemy.engine.Engine - INFO - ROLLBACK
2026-04-30 16:11:24,959 - httpx - INFO - HTTP Request: POST https://api.deepseek.com/v1/chat/completions "HTTP/1.1 200 OK"
2026-04-30 16:11:52,975 - httpx - INFO - HTTP Request: POST https://api.deepseek.com/v1/chat/completions "HTTP/1.1 200 OK"
2026-04-30 16:12:21,552 - httpx - INFO - HTTP Request: POST https://api.deepseek.com/v1/chat/completions "HTTP/1.1 200 OK"
2026-04-30 16:12:22,782 - sqlalchemy.engine.Engine - INFO - BEGIN (implicit)
2026-04-30 16:12:22,783 - sqlalchemy.engine.Engine - INFO - SELECT workoutplan.id, workoutplan.session_id, workoutplan.plan_name, workoutplan.created_at 
FROM workoutplan 
WHERE workoutplan.session_id = $1::VARCHAR 
 LIMIT $2::INTEGER
2026-04-30 16:12:22,783 - sqlalchemy.engine.Engine - INFO - [generated in 0.00018s] ('12A3C', 10)
2026-04-30 16:12:23,013 - httpx - INFO - HTTP Request: POST https://api.deepseek.com/v1/chat/completions "HTTP/1.1 200 OK"
2026-04-30 16:12:28,248 - sqlalchemy.engine.Engine - INFO - ROLLBACK
2026-04-30 16:14:12,088 - httpx - INFO - HTTP Request: POST https://api.deepseek.com/v1/chat/completions "HTTP/1.1 200 OK"
2026-04-30 16:14:47,935 - httpx - INFO - HTTP Request: POST https://api.deepseek.com/v1/chat/completions "HTTP/1.1 200 OK"
2026-04-30 16:15:13,865 - httpx - INFO - HTTP Request: POST https://api.deepseek.com/v1/chat/completions "HTTP/1.1 200 OK"
2026-04-30 16:16:02,355 - httpx - INFO - HTTP Request: POST https://api.deepseek.com/v1/chat/completions "HTTP/1.1 200 OK"
2026-04-30 16:16:43,562 - httpx - INFO - HTTP Request: POST https://api.deepseek.com/v1/chat/completions "HTTP/1.1 200 OK"
2026-04-30 16:17:05,688 - httpx - INFO - HTTP Request: POST https://api.deepseek.com/v1/chat/completions "HTTP/1.1 200 OK"
2026-04-30 16:17:30,026 - httpx - INFO - HTTP Request: POST https://api.deepseek.com/v1/chat/completions "HTTP/1.1 200 OK"
2026-04-30 16:17:31,638 - FitnessAgent - INFO - 🔄 [Memory] 找到 10 条新滑出消息，开始滚动融合总结...
2026-04-30 16:17:31,850 - httpx - INFO - HTTP Request: POST https://api.deepseek.com/v1/chat/completions "HTTP/1.1 200 OK"
2026-04-30 16:17:37,170 - sqlalchemy.engine.Engine - INFO - BEGIN (implicit)
2026-04-30 16:17:37,172 - sqlalchemy.engine.Engine - INFO - INSERT INTO memory_summary (session_id, thread_id, scope, source_message_count, summary_text, summary_json, created_at) VALUES ($1::VARCHAR, $2::VARCHAR, $3::VARCHAR, $4::INTEGER, $5::VARCHAR, $6::JSONB, $7::TIMESTAMP WITHOUT TIME ZONE) RETURNING memory_summary.id
2026-04-30 16:17:37,172 - sqlalchemy.engine.Engine - INFO - [generated in 0.00022s] ('12A3C', 'chat_12A3C', 'chat', 24, "标题：今日训练建议：恢复性全身训练\n摘要：['用户连续3天进行了11次训练，训练频率过高，恢复不足。', '最近一次训练是3月27日的杠铃平板卧推5kg×5次，训练评分40分。', '建议今天进行低强度恢复性全身训练，包括杠铃平板卧推3-4kg、徒手深蹲、俯身划船和平板支撑。', '训练重点在于 ... (183 characters truncated) ... 度疲劳风险；训练评分40分，动作质量有提升空间，存在技术不标准风险；初学者力量水平，大重量时需警惕动作代偿\n后续关注：休息和恢复策略，增加休息日；动作技术改进，特别是杠铃平板卧推和相扑硬拉；训练计划优化，降低频率至每周3-4次；力量提升方法，从5kg开始逐步增加重量；记录训练数据以便长期进步分析", '{"summary": ["\\u7528\\u6237\\u8fde\\u7eed3\\u5929\\u8fdb\\u884c\\u4e8611\\u6b21\\u8bad\\u7ec3\\uff0c\\u8bad\\u7ec3\\u9891\\u7387\\u8fc7\\u9ad8\\uff0 ... (2393 characters truncated) ... cb\\u9010\\u6b65\\u589e\\u52a0\\u91cd\\u91cf", "\\u8bb0\\u5f55\\u8bad\\u7ec3\\u6570\\u636e\\u4ee5\\u4fbf\\u957f\\u671f\\u8fdb\\u6b65\\u5206\\u6790"]}', datetime.datetime(2026, 4, 30, 16, 17, 37, 170072))
2026-04-30 16:17:37,191 - sqlalchemy.engine.Engine - INFO - COMMIT
2026-04-30 16:17:37,192 - sqlalchemy.engine.Engine - INFO - BEGIN (implicit)
2026-04-30 16:17:37,193 - sqlalchemy.engine.Engine - INFO - SELECT memory_summary.id, memory_summary.session_id, memory_summary.thread_id, memory_summary.scope, memory_summary.source_message_count, memory_summary.summary_text, memory_summary.summary_json, memory_summary.created_at 
FROM memory_summary 
WHERE memory_summary.id = $1::INTEGER
2026-04-30 16:17:37,193 - sqlalchemy.engine.Engine - INFO - [generated in 0.00016s] (12,)
2026-04-30 16:17:37,527 - FitnessAgent - INFO - ✅ [Memory] Checkpoint 状态更新完毕，最新游标已停留在 ID: lc_run--019ddd72-3589-7393-aca0-e502c1d5520d-0
2026-04-30 16:19:03,145 - httpx - INFO - HTTP Request: POST https://api.deepseek.com/v1/chat/completions "HTTP/1.1 200 OK"
2026-04-30 17:01:35,857 - sqlalchemy.pool.impl.AsyncAdaptedQueuePool - ERROR - Exception terminating connection <AdaptedConnection <asyncpg.connection.Connection object at 0x000001CDD79C1F40>>
Traceback (most recent call last):
  File "E:\ai_Practise\MuscleGuard\.venv\Lib\site-packages\sqlalchemy\pool\base.py", line 373, in _close_connection
    self._dialect.do_terminate(connection)
  File "E:\ai_Practise\MuscleGuard\.venv\Lib\site-packages\sqlalchemy\dialects\postgresql\asyncpg.py", line 1127, in do_terminate
    dbapi_connection.terminate()
  File "E:\ai_Practise\MuscleGuard\.venv\Lib\site-packages\sqlalchemy\connectors\asyncio.py", line 415, in terminate
    self._terminate_force_close()
  File "E:\ai_Practise\MuscleGuard\.venv\Lib\site-packages\sqlalchemy\dialects\postgresql\asyncpg.py", line 916, in _terminate_force_close
    self._connection.terminate()
  File "E:\ai_Practise\MuscleGuard\.venv\Lib\site-packages\asyncpg\connection.py", line 1524, in terminate
    self._abort()
  File "E:\ai_Practise\MuscleGuard\.venv\Lib\site-packages\asyncpg\connection.py", line 1576, in _abort
    self._protocol.abort()
  File "asyncpg/protocol/protocol.pyx", line 599, in asyncpg.protocol.protocol.BaseProtocol.abort
  File "C:\Users\26071\AppData\Local\Programs\Python\Python312\Lib\asyncio\selector_events.py", line 836, in abort
    self._force_close(None)
  File "C:\Users\26071\AppData\Local\Programs\Python\Python312\Lib\asyncio\selector_events.py", line 906, in _force_close
    self._loop.call_soon(self._call_connection_lost, exc)
  File "C:\Users\26071\AppData\Local\Programs\Python\Python312\Lib\asyncio\base_events.py", line 795, in call_soon
    self._check_closed()
  File "C:\Users\26071\AppData\Local\Programs\Python\Python312\Lib\asyncio\base_events.py", line 541, in _check_closed
    raise RuntimeError('Event loop is closed')
RuntimeError: Event loop is closed
2026-04-30 17:01:35,949 - sqlalchemy.pool.impl.AsyncAdaptedQueuePool - ERROR - The garbage collector is trying to clean up non-checked-in connection <AdaptedConnection <asyncpg.connection.Connection object at 0x000001CDD79C1F40>>, which will be terminated.  Please ensure that SQLAlchemy pooled connections are returned to the pool explicitly, either by calling ``close()`` or by using appropriate context managers to manage their lifecycle.
2026-04-30 18:02:35,592 - sqlalchemy.engine.Engine - INFO - select pg_catalog.version()
2026-04-30 18:02:35,592 - sqlalchemy.engine.Engine - INFO - [raw sql] ()
2026-04-30 18:02:35,593 - sqlalchemy.engine.Engine - INFO - select current_schema()
2026-04-30 18:02:35,593 - sqlalchemy.engine.Engine - INFO - [raw sql] ()
2026-04-30 18:02:35,595 - sqlalchemy.engine.Engine - INFO - show standard_conforming_strings
2026-04-30 18:02:35,595 - sqlalchemy.engine.Engine - INFO - [raw sql] ()
2026-04-30 18:02:35,596 - sqlalchemy.engine.Engine - INFO - BEGIN (implicit)
2026-04-30 18:02:35,599 - sqlalchemy.engine.Engine - INFO - SELECT pg_catalog.pg_class.relname 
FROM pg_catalog.pg_class JOIN pg_catalog.pg_namespace ON pg_catalog.pg_namespace.oid = pg_catalog.pg_class.relnamespace 
WHERE pg_catalog.pg_class.relname = $1::VARCHAR AND pg_catalog.pg_class.relkind = ANY (ARRAY[$2::VARCHAR, $3::VARCHAR, $4::VARCHAR, $5::VARCHAR, $6::VARCHAR]) AND pg_catalog.pg_table_is_visible(pg_catalog.pg_class.oid) AND pg_catalog.pg_namespace.nspname != $7::VARCHAR
2026-04-30 18:02:35,599 - sqlalchemy.engine.Engine - INFO - [generated in 0.00019s] ('base_exercise', 'r', 'p', 'f', 'v', 'm', 'pg_catalog')
2026-04-30 18:02:35,610 - sqlalchemy.engine.Engine - INFO - SELECT pg_catalog.pg_class.relname 
FROM pg_catalog.pg_class JOIN pg_catalog.pg_namespace ON pg_catalog.pg_namespace.oid = pg_catalog.pg_class.relnamespace 
WHERE pg_catalog.pg_class.relname = $1::VARCHAR AND pg_catalog.pg_class.relkind = ANY (ARRAY[$2::VARCHAR, $3::VARCHAR, $4::VARCHAR, $5::VARCHAR, $6::VARCHAR]) AND pg_catalog.pg_table_is_visible(pg_catalog.pg_class.oid) AND pg_catalog.pg_namespace.nspname != $7::VARCHAR
2026-04-30 18:02:35,610 - sqlalchemy.engine.Engine - INFO - [cached since 0.0116s ago] ('workoutplan', 'r', 'p', 'f', 'v', 'm', 'pg_catalog')
2026-04-30 18:02:35,611 - sqlalchemy.engine.Engine - INFO - SELECT pg_catalog.pg_class.relname 
FROM pg_catalog.pg_class JOIN pg_catalog.pg_namespace ON pg_catalog.pg_namespace.oid = pg_catalog.pg_class.relnamespace 
WHERE pg_catalog.pg_class.relname = $1::VARCHAR AND pg_catalog.pg_class.relkind = ANY (ARRAY[$2::VARCHAR, $3::VARCHAR, $4::VARCHAR, $5::VARCHAR, $6::VARCHAR]) AND pg_catalog.pg_table_is_visible(pg_catalog.pg_class.oid) AND pg_catalog.pg_namespace.nspname != $7::VARCHAR
2026-04-30 18:02:35,611 - sqlalchemy.engine.Engine - INFO - [cached since 0.01233s ago] ('planexercise', 'r', 'p', 'f', 'v', 'm', 'pg_catalog')
2026-04-30 18:02:35,611 - sqlalchemy.engine.Engine - INFO - SELECT pg_catalog.pg_class.relname 
FROM pg_catalog.pg_class JOIN pg_catalog.pg_namespace ON pg_catalog.pg_namespace.oid = pg_catalog.pg_class.relnamespace 
WHERE pg_catalog.pg_class.relname = $1::VARCHAR AND pg_catalog.pg_class.relkind = ANY (ARRAY[$2::VARCHAR, $3::VARCHAR, $4::VARCHAR, $5::VARCHAR, $6::VARCHAR]) AND pg_catalog.pg_table_is_visible(pg_catalog.pg_class.oid) AND pg_catalog.pg_namespace.nspname != $7::VARCHAR
2026-04-30 18:02:35,612 - sqlalchemy.engine.Engine - INFO - [cached since 0.01294s ago] ('exerciseset', 'r', 'p', 'f', 'v', 'm', 'pg_catalog')
2026-04-30 18:02:35,612 - sqlalchemy.engine.Engine - INFO - SELECT pg_catalog.pg_class.relname 
FROM pg_catalog.pg_class JOIN pg_catalog.pg_namespace ON pg_catalog.pg_namespace.oid = pg_catalog.pg_class.relnamespace 
WHERE pg_catalog.pg_class.relname = $1::VARCHAR AND pg_catalog.pg_class.relkind = ANY (ARRAY[$2::VARCHAR, $3::VARCHAR, $4::VARCHAR, $5::VARCHAR, $6::VARCHAR]) AND pg_catalog.pg_table_is_visible(pg_catalog.pg_class.oid) AND pg_catalog.pg_namespace.nspname != $7::VARCHAR
2026-04-30 18:02:35,612 - sqlalchemy.engine.Engine - INFO - [cached since 0.0136s ago] ('user', 'r', 'p', 'f', 'v', 'm', 'pg_catalog')
2026-04-30 18:02:35,613 - sqlalchemy.engine.Engine - INFO - SELECT pg_catalog.pg_class.relname 
FROM pg_catalog.pg_class JOIN pg_catalog.pg_namespace ON pg_catalog.pg_namespace.oid = pg_catalog.pg_class.relnamespace 
WHERE pg_catalog.pg_class.relname = $1::VARCHAR AND pg_catalog.pg_class.relkind = ANY (ARRAY[$2::VARCHAR, $3::VARCHAR, $4::VARCHAR, $5::VARCHAR, $6::VARCHAR]) AND pg_catalog.pg_table_is_visible(pg_catalog.pg_class.oid) AND pg_catalog.pg_namespace.nspname != $7::VARCHAR
2026-04-30 18:02:35,613 - sqlalchemy.engine.Engine - INFO - [cached since 0.01414s ago] ('memory_summary', 'r', 'p', 'f', 'v', 'm', 'pg_catalog')
2026-04-30 18:02:35,613 - sqlalchemy.engine.Engine - INFO - COMMIT
2026-04-30 18:03:04,730 - sqlalchemy.engine.Engine - INFO - BEGIN (implicit)
2026-04-30 18:03:04,741 - sqlalchemy.engine.Engine - INFO - SELECT "user".session_id, "user".name, "user".age, "user".height, "user".weight 
FROM "user" 
WHERE "user".session_id = $1::VARCHAR
2026-04-30 18:03:04,741 - sqlalchemy.engine.Engine - INFO - [generated in 0.00027s] ('12A3C',)
2026-04-30 18:03:04,744 - sqlalchemy.engine.Engine - INFO - ROLLBACK
2026-04-30 18:03:09,490 - httpx - INFO - HTTP Request: POST https://api.deepseek.com/v1/chat/completions "HTTP/1.1 200 OK"
2026-04-30 18:03:24,801 - httpx - INFO - HTTP Request: POST https://api.deepseek.com/v1/chat/completions "HTTP/1.1 200 OK"
2026-04-30 18:03:36,028 - httpx - INFO - HTTP Request: POST https://api.deepseek.com/v1/chat/completions "HTTP/1.1 200 OK"
2026-04-30 18:03:50,455 - httpx - INFO - HTTP Request: POST https://api.deepseek.com/v1/chat/completions "HTTP/1.1 200 OK"
2026-04-30 18:03:54,407 - FitnessAgent - INFO - 🔄 [Memory] 找到 6 条新滑出消息，开始滚动融合总结...
2026-04-30 18:03:54,609 - httpx - INFO - HTTP Request: POST https://api.deepseek.com/v1/chat/completions "HTTP/1.1 200 OK"
2026-04-30 18:04:00,605 - sqlalchemy.engine.Engine - INFO - BEGIN (implicit)
2026-04-30 18:04:00,608 - sqlalchemy.engine.Engine - INFO - INSERT INTO memory_summary (session_id, thread_id, scope, source_message_count, summary_text, summary_json, created_at) VALUES ($1::VARCHAR, $2::VARCHAR, $3::VARCHAR, $4::INTEGER, $5::VARCHAR, $6::JSONB, $7::TIMESTAMP WITHOUT TIME ZONE) RETURNING memory_summary.id
2026-04-30 18:04:00,608 - sqlalchemy.engine.Engine - INFO - [generated in 0.00031s] ('12A3C', 'chat_12A3C', 'chat', 34, "标题：右肩酸疼与恢复建议\n摘要：['用户连续3天进行了11次训练，训练频率过高，恢复不足。', '最近一次训练是3月27日的杠铃平板卧推5kg×5次，训练评分40分。', '用户右肩膀出现酸疼，但这两天未锻炼，可能为延迟性肌肉酸痛或过度使用疲劳。', '建议今天暂停上半身训练，进行肩部拉伸、下半 ... (257 characters truncated) ... 时需警惕动作代偿；右肩酸疼可能加重或转为损伤，需避免上半身训练\n后续关注：休息和恢复策略，增加休息日；动作技术改进，特别是杠铃平板卧推和相扑硬拉；训练计划优化，降低频率至每周3-4次；力量提升方法，从5kg开始逐步增加重量；记录训练数据以便长期进步分析；肩部恢复与拉伸，避免上半身训练直至酸疼消失", '{"summary": ["\\u7528\\u6237\\u8fde\\u7eed3\\u5929\\u8fdb\\u884c\\u4e8611\\u6b21\\u8bad\\u7ec3\\uff0c\\u8bad\\u7ec3\\u9891\\u7387\\u8fc7\\u9ad8\\uff0 ... (2944 characters truncated) ... \u80a9\\u90e8\\u6062\\u590d\\u4e0e\\u62c9\\u4f38\\uff0c\\u907f\\u514d\\u4e0a\\u534a\\u8eab\\u8bad\\u7ec3\\u76f4\\u81f3\\u9178\\u75bc\\u6d88\\u5931"]}', datetime.datetime(2026, 4, 30, 18, 4, 0, 605908))
2026-04-30 18:04:00,624 - sqlalchemy.engine.Engine - INFO - COMMIT
2026-04-30 18:04:00,627 - sqlalchemy.engine.Engine - INFO - BEGIN (implicit)
2026-04-30 18:04:00,629 - sqlalchemy.engine.Engine - INFO - SELECT memory_summary.id, memory_summary.session_id, memory_summary.thread_id, memory_summary.scope, memory_summary.source_message_count, memory_summary.summary_text, memory_summary.summary_json, memory_summary.created_at 
FROM memory_summary 
WHERE memory_summary.id = $1::INTEGER
2026-04-30 18:04:00,630 - sqlalchemy.engine.Engine - INFO - [generated in 0.00027s] (13,)
2026-04-30 18:04:00,633 - sqlalchemy.engine.Engine - INFO - ROLLBACK
2026-04-30 18:04:00,884 - FitnessAgent - INFO - ✅ [Memory] Checkpoint 状态更新完毕，最新游标已停留在 ID: lc_run--019ddd74-cff3-7fc3-b4b9-77431420b5f0-0
2026-04-30 18:04:08,720 - httpx - INFO - HTTP Request: POST https://api.deepseek.com/v1/chat/completions "HTTP/1.1 200 OK"
2026-05-06 16:43:41,509 - sqlalchemy.engine.Engine - INFO - select pg_catalog.version()
2026-05-06 16:43:41,510 - sqlalchemy.engine.Engine - INFO - [raw sql] ()
2026-05-06 16:43:41,533 - sqlalchemy.engine.Engine - INFO - select current_schema()
2026-05-06 16:43:41,533 - sqlalchemy.engine.Engine - INFO - [raw sql] ()
2026-05-06 16:43:41,537 - sqlalchemy.engine.Engine - INFO - show standard_conforming_strings
2026-05-06 16:43:41,537 - sqlalchemy.engine.Engine - INFO - [raw sql] ()
2026-05-06 16:43:41,538 - sqlalchemy.engine.Engine - INFO - BEGIN (implicit)
2026-05-06 16:43:41,541 - sqlalchemy.engine.Engine - INFO - SELECT pg_catalog.pg_class.relname 
FROM pg_catalog.pg_class JOIN pg_catalog.pg_namespace ON pg_catalog.pg_namespace.oid = pg_catalog.pg_class.relnamespace 
WHERE pg_catalog.pg_class.relname = $1::VARCHAR AND pg_catalog.pg_class.relkind = ANY (ARRAY[$2::VARCHAR, $3::VARCHAR, $4::VARCHAR, $5::VARCHAR, $6::VARCHAR]) AND pg_catalog.pg_table_is_visible(pg_catalog.pg_class.oid) AND pg_catalog.pg_namespace.nspname != $7::VARCHAR
2026-05-06 16:43:41,541 - sqlalchemy.engine.Engine - INFO - [generated in 0.00028s] ('base_exercise', 'r', 'p', 'f', 'v', 'm', 'pg_catalog')
2026-05-06 16:43:41,583 - sqlalchemy.engine.Engine - INFO - SELECT pg_catalog.pg_class.relname 
FROM pg_catalog.pg_class JOIN pg_catalog.pg_namespace ON pg_catalog.pg_namespace.oid = pg_catalog.pg_class.relnamespace 
WHERE pg_catalog.pg_class.relname = $1::VARCHAR AND pg_catalog.pg_class.relkind = ANY (ARRAY[$2::VARCHAR, $3::VARCHAR, $4::VARCHAR, $5::VARCHAR, $6::VARCHAR]) AND pg_catalog.pg_table_is_visible(pg_catalog.pg_class.oid) AND pg_catalog.pg_namespace.nspname != $7::VARCHAR
2026-05-06 16:43:41,583 - sqlalchemy.engine.Engine - INFO - [cached since 0.04223s ago] ('workoutplan', 'r', 'p', 'f', 'v', 'm', 'pg_catalog')
2026-05-06 16:43:41,584 - sqlalchemy.engine.Engine - INFO - SELECT pg_catalog.pg_class.relname 
FROM pg_catalog.pg_class JOIN pg_catalog.pg_namespace ON pg_catalog.pg_namespace.oid = pg_catalog.pg_class.relnamespace 
WHERE pg_catalog.pg_class.relname = $1::VARCHAR AND pg_catalog.pg_class.relkind = ANY (ARRAY[$2::VARCHAR, $3::VARCHAR, $4::VARCHAR, $5::VARCHAR, $6::VARCHAR]) AND pg_catalog.pg_table_is_visible(pg_catalog.pg_class.oid) AND pg_catalog.pg_namespace.nspname != $7::VARCHAR
2026-05-06 16:43:41,584 - sqlalchemy.engine.Engine - INFO - [cached since 0.043s ago] ('planexercise', 'r', 'p', 'f', 'v', 'm', 'pg_catalog')
2026-05-06 16:43:41,584 - sqlalchemy.engine.Engine - INFO - SELECT pg_catalog.pg_class.relname 
FROM pg_catalog.pg_class JOIN pg_catalog.pg_namespace ON pg_catalog.pg_namespace.oid = pg_catalog.pg_class.relnamespace 
WHERE pg_catalog.pg_class.relname = $1::VARCHAR AND pg_catalog.pg_class.relkind = ANY (ARRAY[$2::VARCHAR, $3::VARCHAR, $4::VARCHAR, $5::VARCHAR, $6::VARCHAR]) AND pg_catalog.pg_table_is_visible(pg_catalog.pg_class.oid) AND pg_catalog.pg_namespace.nspname != $7::VARCHAR
2026-05-06 16:43:41,584 - sqlalchemy.engine.Engine - INFO - [cached since 0.04358s ago] ('exerciseset', 'r', 'p', 'f', 'v', 'm', 'pg_catalog')
2026-05-06 16:43:41,584 - sqlalchemy.engine.Engine - INFO - SELECT pg_catalog.pg_class.relname 
FROM pg_catalog.pg_class JOIN pg_catalog.pg_namespace ON pg_catalog.pg_namespace.oid = pg_catalog.pg_class.relnamespace 
WHERE pg_catalog.pg_class.relname = $1::VARCHAR AND pg_catalog.pg_class.relkind = ANY (ARRAY[$2::VARCHAR, $3::VARCHAR, $4::VARCHAR, $5::VARCHAR, $6::VARCHAR]) AND pg_catalog.pg_table_is_visible(pg_catalog.pg_class.oid) AND pg_catalog.pg_namespace.nspname != $7::VARCHAR
2026-05-06 16:43:41,584 - sqlalchemy.engine.Engine - INFO - [cached since 0.04421s ago] ('user', 'r', 'p', 'f', 'v', 'm', 'pg_catalog')
2026-05-06 16:43:41,586 - sqlalchemy.engine.Engine - INFO - SELECT pg_catalog.pg_class.relname 
FROM pg_catalog.pg_class JOIN pg_catalog.pg_namespace ON pg_catalog.pg_namespace.oid = pg_catalog.pg_class.relnamespace 
WHERE pg_catalog.pg_class.relname = $1::VARCHAR AND pg_catalog.pg_class.relkind = ANY (ARRAY[$2::VARCHAR, $3::VARCHAR, $4::VARCHAR, $5::VARCHAR, $6::VARCHAR]) AND pg_catalog.pg_table_is_visible(pg_catalog.pg_class.oid) AND pg_catalog.pg_namespace.nspname != $7::VARCHAR
2026-05-06 16:43:41,586 - sqlalchemy.engine.Engine - INFO - [cached since 0.04478s ago] ('memory_summary', 'r', 'p', 'f', 'v', 'm', 'pg_catalog')
2026-05-06 16:43:41,587 - sqlalchemy.engine.Engine - INFO - COMMIT
2026-05-06 16:44:04,437 - sqlalchemy.engine.Engine - INFO - BEGIN (implicit)
2026-05-06 16:44:04,449 - sqlalchemy.engine.Engine - INFO - SELECT "user".session_id, "user".name, "user".age, "user".height, "user".weight 
FROM "user" 
WHERE "user".session_id = $1::VARCHAR
2026-05-06 16:44:04,450 - sqlalchemy.engine.Engine - INFO - [generated in 0.00030s] ('12A3C',)
2026-05-06 16:44:04,460 - sqlalchemy.engine.Engine - INFO - ROLLBACK
2026-05-06 16:44:08,959 - sqlalchemy.engine.Engine - INFO - BEGIN (implicit)
2026-05-06 16:44:08,961 - sqlalchemy.engine.Engine - INFO - SELECT workoutplan.id, workoutplan.session_id, workoutplan.plan_name, workoutplan.created_at 
FROM workoutplan 
WHERE workoutplan.session_id = $1::VARCHAR
2026-05-06 16:44:08,961 - sqlalchemy.engine.Engine - INFO - [generated in 0.00020s] ('12A3C',)
2026-05-06 16:44:08,975 - sqlalchemy.engine.Engine - INFO - SELECT planexercise.id, planexercise.plan_id, planexercise.exercise_base_id, planexercise.order_index, planexercise.created_at, base_exercise.name 
FROM planexercise JOIN base_exercise ON planexercise.exercise_base_id = base_exercise.id 
WHERE planexercise.plan_id = $1::INTEGER
2026-05-06 16:44:08,976 - sqlalchemy.engine.Engine - INFO - [generated in 0.00028s] (1,)
2026-05-06 16:44:08,985 - sqlalchemy.engine.Engine - INFO - SELECT exerciseset.id, exerciseset.exercise_id, exerciseset.weight, exerciseset.reps, exerciseset.peak_hr, exerciseset.rest_hr, exerciseset.score, exerciseset.created_at 
FROM exerciseset 
WHERE exerciseset.exercise_id = $1::INTEGER ORDER BY exerciseset.id DESC
2026-05-06 16:44:08,985 - sqlalchemy.engine.Engine - INFO - [generated in 0.00023s] (1,)
2026-05-06 16:44:08,991 - sqlalchemy.engine.Engine - INFO - SELECT planexercise.id, planexercise.plan_id, planexercise.exercise_base_id, planexercise.order_index, planexercise.created_at, base_exercise.name 
FROM planexercise JOIN base_exercise ON planexercise.exercise_base_id = base_exercise.id 
WHERE planexercise.plan_id = $1::INTEGER
2026-05-06 16:44:08,991 - sqlalchemy.engine.Engine - INFO - [cached since 0.01499s ago] (2,)
2026-05-06 16:44:08,992 - sqlalchemy.engine.Engine - INFO - SELECT exerciseset.id, exerciseset.exercise_id, exerciseset.weight, exerciseset.reps, exerciseset.peak_hr, exerciseset.rest_hr, exerciseset.score, exerciseset.created_at 
FROM exerciseset 
WHERE exerciseset.exercise_id = $1::INTEGER ORDER BY exerciseset.id DESC
2026-05-06 16:44:08,992 - sqlalchemy.engine.Engine - INFO - [cached since 0.006724s ago] (2,)
2026-05-06 16:44:08,993 - sqlalchemy.engine.Engine - INFO - SELECT planexercise.id, planexercise.plan_id, planexercise.exercise_base_id, planexercise.order_index, planexercise.created_at, base_exercise.name 
FROM planexercise JOIN base_exercise ON planexercise.exercise_base_id = base_exercise.id 
WHERE planexercise.plan_id = $1::INTEGER
2026-05-06 16:44:08,993 - sqlalchemy.engine.Engine - INFO - [cached since 0.01684s ago] (3,)
2026-05-06 16:44:08,993 - sqlalchemy.engine.Engine - INFO - SELECT exerciseset.id, exerciseset.exercise_id, exerciseset.weight, exerciseset.reps, exerciseset.peak_hr, exerciseset.rest_hr, exerciseset.score, exerciseset.created_at 
FROM exerciseset 
WHERE exerciseset.exercise_id = $1::INTEGER ORDER BY exerciseset.id DESC
2026-05-06 16:44:08,994 - sqlalchemy.engine.Engine - INFO - [cached since 0.008472s ago] (3,)
2026-05-06 16:44:08,995 - sqlalchemy.engine.Engine - INFO - SELECT planexercise.id, planexercise.plan_id, planexercise.exercise_base_id, planexercise.order_index, planexercise.created_at, base_exercise.name 
FROM planexercise JOIN base_exercise ON planexercise.exercise_base_id = base_exercise.id 
WHERE planexercise.plan_id = $1::INTEGER
2026-05-06 16:44:08,995 - sqlalchemy.engine.Engine - INFO - [cached since 0.01897s ago] (4,)
2026-05-06 16:44:08,996 - sqlalchemy.engine.Engine - INFO - SELECT exerciseset.id, exerciseset.exercise_id, exerciseset.weight, exerciseset.reps, exerciseset.peak_hr, exerciseset.rest_hr, exerciseset.score, exerciseset.created_at 
FROM exerciseset 
WHERE exerciseset.exercise_id = $1::INTEGER ORDER BY exerciseset.id DESC
2026-05-06 16:44:08,996 - sqlalchemy.engine.Engine - INFO - [cached since 0.01069s ago] (4,)
2026-05-06 16:44:08,996 - sqlalchemy.engine.Engine - INFO - SELECT planexercise.id, planexercise.plan_id, planexercise.exercise_base_id, planexercise.order_index, planexercise.created_at, base_exercise.name 
FROM planexercise JOIN base_exercise ON planexercise.exercise_base_id = base_exercise.id 
WHERE planexercise.plan_id = $1::INTEGER
2026-05-06 16:44:08,996 - sqlalchemy.engine.Engine - INFO - [cached since 0.02075s ago] (5,)
2026-05-06 16:44:08,997 - sqlalchemy.engine.Engine - INFO - SELECT exerciseset.id, exerciseset.exercise_id, exerciseset.weight, exerciseset.reps, exerciseset.peak_hr, exerciseset.rest_hr, exerciseset.score, exerciseset.created_at 
FROM exerciseset 
WHERE exerciseset.exercise_id = $1::INTEGER ORDER BY exerciseset.id DESC
2026-05-06 16:44:08,997 - sqlalchemy.engine.Engine - INFO - [cached since 0.01225s ago] (5,)
2026-05-06 16:44:08,997 - sqlalchemy.engine.Engine - INFO - SELECT planexercise.id, planexercise.plan_id, planexercise.exercise_base_id, planexercise.order_index, planexercise.created_at, base_exercise.name 
FROM planexercise JOIN base_exercise ON planexercise.exercise_base_id = base_exercise.id 
WHERE planexercise.plan_id = $1::INTEGER
2026-05-06 16:44:08,998 - sqlalchemy.engine.Engine - INFO - [cached since 0.02216s ago] (6,)
2026-05-06 16:44:08,998 - sqlalchemy.engine.Engine - INFO - SELECT exerciseset.id, exerciseset.exercise_id, exerciseset.weight, exerciseset.reps, exerciseset.peak_hr, exerciseset.rest_hr, exerciseset.score, exerciseset.created_at 
FROM exerciseset 
WHERE exerciseset.exercise_id = $1::INTEGER ORDER BY exerciseset.id DESC
2026-05-06 16:44:08,998 - sqlalchemy.engine.Engine - INFO - [cached since 0.01363s ago] (6,)
2026-05-06 16:44:08,999 - sqlalchemy.engine.Engine - INFO - SELECT planexercise.id, planexercise.plan_id, planexercise.exercise_base_id, planexercise.order_index, planexercise.created_at, base_exercise.name 
FROM planexercise JOIN base_exercise ON planexercise.exercise_base_id = base_exercise.id 
WHERE planexercise.plan_id = $1::INTEGER
2026-05-06 16:44:08,999 - sqlalchemy.engine.Engine - INFO - [cached since 0.02356s ago] (7,)
2026-05-06 16:44:09,000 - sqlalchemy.engine.Engine - INFO - SELECT exerciseset.id, exerciseset.exercise_id, exerciseset.weight, exerciseset.reps, exerciseset.peak_hr, exerciseset.rest_hr, exerciseset.score, exerciseset.created_at 
FROM exerciseset 
WHERE exerciseset.exercise_id = $1::INTEGER ORDER BY exerciseset.id DESC
2026-05-06 16:44:09,000 - sqlalchemy.engine.Engine - INFO - [cached since 0.01496s ago] (7,)
2026-05-06 16:44:09,000 - sqlalchemy.engine.Engine - INFO - SELECT planexercise.id, planexercise.plan_id, planexercise.exercise_base_id, planexercise.order_index, planexercise.created_at, base_exercise.name 
FROM planexercise JOIN base_exercise ON planexercise.exercise_base_id = base_exercise.id 
WHERE planexercise.plan_id = $1::INTEGER
2026-05-06 16:44:09,001 - sqlalchemy.engine.Engine - INFO - [cached since 0.02512s ago] (8,)
2026-05-06 16:44:09,001 - sqlalchemy.engine.Engine - INFO - SELECT exerciseset.id, exerciseset.exercise_id, exerciseset.weight, exerciseset.reps, exerciseset.peak_hr, exerciseset.rest_hr, exerciseset.score, exerciseset.created_at 
FROM exerciseset 
WHERE exerciseset.exercise_id = $1::INTEGER ORDER BY exerciseset.id DESC
2026-05-06 16:44:09,001 - sqlalchemy.engine.Engine - INFO - [cached since 0.01675s ago] (8,)
2026-05-06 16:44:09,002 - sqlalchemy.engine.Engine - INFO - SELECT planexercise.id, planexercise.plan_id, planexercise.exercise_base_id, planexercise.order_index, planexercise.created_at, base_exercise.name 
FROM planexercise JOIN base_exercise ON planexercise.exercise_base_id = base_exercise.id 
WHERE planexercise.plan_id = $1::INTEGER
2026-05-06 16:44:09,002 - sqlalchemy.engine.Engine - INFO - [cached since 0.02666s ago] (9,)
2026-05-06 16:44:09,003 - sqlalchemy.engine.Engine - INFO - SELECT exerciseset.id, exerciseset.exercise_id, exerciseset.weight, exerciseset.reps, exerciseset.peak_hr, exerciseset.rest_hr, exerciseset.score, exerciseset.created_at 
FROM exerciseset 
WHERE exerciseset.exercise_id = $1::INTEGER ORDER BY exerciseset.id DESC
2026-05-06 16:44:09,003 - sqlalchemy.engine.Engine - INFO - [cached since 0.01807s ago] (9,)
2026-05-06 16:44:09,003 - sqlalchemy.engine.Engine - INFO - SELECT planexercise.id, planexercise.plan_id, planexercise.exercise_base_id, planexercise.order_index, planexercise.created_at, base_exercise.name 
FROM planexercise JOIN base_exercise ON planexercise.exercise_base_id = base_exercise.id 
WHERE planexercise.plan_id = $1::INTEGER
2026-05-06 16:44:09,003 - sqlalchemy.engine.Engine - INFO - [cached since 0.02794s ago] (10,)
2026-05-06 16:44:09,004 - sqlalchemy.engine.Engine - INFO - SELECT exerciseset.id, exerciseset.exercise_id, exerciseset.weight, exerciseset.reps, exerciseset.peak_hr, exerciseset.rest_hr, exerciseset.score, exerciseset.created_at 
FROM exerciseset 
WHERE exerciseset.exercise_id = $1::INTEGER ORDER BY exerciseset.id DESC
2026-05-06 16:44:09,004 - sqlalchemy.engine.Engine - INFO - [cached since 0.01935s ago] (10,)
2026-05-06 16:44:09,005 - sqlalchemy.engine.Engine - INFO - SELECT exerciseset.id, exerciseset.exercise_id, exerciseset.weight, exerciseset.reps, exerciseset.peak_hr, exerciseset.rest_hr, exerciseset.score, exerciseset.created_at 
FROM exerciseset 
WHERE exerciseset.exercise_id = $1::INTEGER ORDER BY exerciseset.id DESC
2026-05-06 16:44:09,005 - sqlalchemy.engine.Engine - INFO - [cached since 0.01994s ago] (11,)
2026-05-06 16:44:09,005 - sqlalchemy.engine.Engine - INFO - SELECT planexercise.id, planexercise.plan_id, planexercise.exercise_base_id, planexercise.order_index, planexercise.created_at, base_exercise.name 
FROM planexercise JOIN base_exercise ON planexercise.exercise_base_id = base_exercise.id 
WHERE planexercise.plan_id = $1::INTEGER
2026-05-06 16:44:09,005 - sqlalchemy.engine.Engine - INFO - [cached since 0.02979s ago] (11,)
2026-05-06 16:44:09,006 - sqlalchemy.engine.Engine - INFO - SELECT exerciseset.id, exerciseset.exercise_id, exerciseset.weight, exerciseset.reps, exerciseset.peak_hr, exerciseset.rest_hr, exerciseset.score, exerciseset.created_at 
FROM exerciseset 
WHERE exerciseset.exercise_id = $1::INTEGER ORDER BY exerciseset.id DESC
2026-05-06 16:44:09,006 - sqlalchemy.engine.Engine - INFO - [cached since 0.02119s ago] (12,)
2026-05-06 16:44:09,006 - sqlalchemy.engine.Engine - INFO - SELECT exerciseset.id, exerciseset.exercise_id, exerciseset.weight, exerciseset.reps, exerciseset.peak_hr, exerciseset.rest_hr, exerciseset.score, exerciseset.created_at 
FROM exerciseset 
WHERE exerciseset.exercise_id = $1::INTEGER ORDER BY exerciseset.id DESC
2026-05-06 16:44:09,006 - sqlalchemy.engine.Engine - INFO - [cached since 0.02187s ago] (13,)
2026-05-06 16:44:09,007 - sqlalchemy.engine.Engine - INFO - SELECT planexercise.id, planexercise.plan_id, planexercise.exercise_base_id, planexercise.order_index, planexercise.created_at, base_exercise.name 
FROM planexercise JOIN base_exercise ON planexercise.exercise_base_id = base_exercise.id 
WHERE planexercise.plan_id = $1::INTEGER
2026-05-06 16:44:09,007 - sqlalchemy.engine.Engine - INFO - [cached since 0.03219s ago] (12,)
2026-05-06 16:44:09,008 - sqlalchemy.engine.Engine - INFO - SELECT exerciseset.id, exerciseset.exercise_id, exerciseset.weight, exerciseset.reps, exerciseset.peak_hr, exerciseset.rest_hr, exerciseset.score, exerciseset.created_at 
FROM exerciseset 
WHERE exerciseset.exercise_id = $1::INTEGER ORDER BY exerciseset.id DESC
2026-05-06 16:44:09,008 - sqlalchemy.engine.Engine - INFO - [cached since 0.02395s ago] (14,)
2026-05-06 16:44:09,009 - sqlalchemy.engine.Engine - INFO - SELECT exerciseset.id, exerciseset.exercise_id, exerciseset.weight, exerciseset.reps, exerciseset.peak_hr, exerciseset.rest_hr, exerciseset.score, exerciseset.created_at 
FROM exerciseset 
WHERE exerciseset.exercise_id = $1::INTEGER ORDER BY exerciseset.id DESC
2026-05-06 16:44:09,009 - sqlalchemy.engine.Engine - INFO - [cached since 0.0247s ago] (15,)
2026-05-06 16:44:09,010 - sqlalchemy.engine.Engine - INFO - SELECT planexercise.id, planexercise.plan_id, planexercise.exercise_base_id, planexercise.order_index, planexercise.created_at, base_exercise.name 
FROM planexercise JOIN base_exercise ON planexercise.exercise_base_id = base_exercise.id 
WHERE planexercise.plan_id = $1::INTEGER
2026-05-06 16:44:09,010 - sqlalchemy.engine.Engine - INFO - [cached since 0.03459s ago] (13,)
2026-05-06 16:44:09,010 - sqlalchemy.engine.Engine - INFO - SELECT exerciseset.id, exerciseset.exercise_id, exerciseset.weight, exerciseset.reps, exerciseset.peak_hr, exerciseset.rest_hr, exerciseset.score, exerciseset.created_at 
FROM exerciseset 
WHERE exerciseset.exercise_id = $1::INTEGER ORDER BY exerciseset.id DESC
2026-05-06 16:44:09,010 - sqlalchemy.engine.Engine - INFO - [cached since 0.02602s ago] (17,)
2026-05-06 16:44:09,011 - sqlalchemy.engine.Engine - INFO - SELECT exerciseset.id, exerciseset.exercise_id, exerciseset.weight, exerciseset.reps, exerciseset.peak_hr, exerciseset.rest_hr, exerciseset.score, exerciseset.created_at 
FROM exerciseset 
WHERE exerciseset.exercise_id = $1::INTEGER ORDER BY exerciseset.id DESC
2026-05-06 16:44:09,011 - sqlalchemy.engine.Engine - INFO - [cached since 0.02658s ago] (16,)
2026-05-06 16:44:09,011 - sqlalchemy.engine.Engine - INFO - SELECT planexercise.id, planexercise.plan_id, planexercise.exercise_base_id, planexercise.order_index, planexercise.created_at, base_exercise.name 
FROM planexercise JOIN base_exercise ON planexercise.exercise_base_id = base_exercise.id 
WHERE planexercise.plan_id = $1::INTEGER
2026-05-06 16:44:09,012 - sqlalchemy.engine.Engine - INFO - [cached since 0.03642s ago] (14,)
2026-05-06 16:44:09,012 - sqlalchemy.engine.Engine - INFO - SELECT exerciseset.id, exerciseset.exercise_id, exerciseset.weight, exerciseset.reps, exerciseset.peak_hr, exerciseset.rest_hr, exerciseset.score, exerciseset.created_at 
FROM exerciseset 
WHERE exerciseset.exercise_id = $1::INTEGER ORDER BY exerciseset.id DESC
2026-05-06 16:44:09,012 - sqlalchemy.engine.Engine - INFO - [cached since 0.0278s ago] (18,)
2026-05-06 16:44:09,013 - sqlalchemy.engine.Engine - INFO - SELECT exerciseset.id, exerciseset.exercise_id, exerciseset.weight, exerciseset.reps, exerciseset.peak_hr, exerciseset.rest_hr, exerciseset.score, exerciseset.created_at 
FROM exerciseset 
WHERE exerciseset.exercise_id = $1::INTEGER ORDER BY exerciseset.id DESC
2026-05-06 16:44:09,013 - sqlalchemy.engine.Engine - INFO - [cached since 0.02841s ago] (19,)
2026-05-06 16:44:09,013 - sqlalchemy.engine.Engine - INFO - SELECT planexercise.id, planexercise.plan_id, planexercise.exercise_base_id, planexercise.order_index, planexercise.created_at, base_exercise.name 
FROM planexercise JOIN base_exercise ON planexercise.exercise_base_id = base_exercise.id 
WHERE planexercise.plan_id = $1::INTEGER
2026-05-06 16:44:09,013 - sqlalchemy.engine.Engine - INFO - [cached since 0.03826s ago] (15,)
2026-05-06 16:44:09,014 - sqlalchemy.engine.Engine - INFO - SELECT exerciseset.id, exerciseset.exercise_id, exerciseset.weight, exerciseset.reps, exerciseset.peak_hr, exerciseset.rest_hr, exerciseset.score, exerciseset.created_at 
FROM exerciseset 
WHERE exerciseset.exercise_id = $1::INTEGER ORDER BY exerciseset.id DESC
2026-05-06 16:44:09,014 - sqlalchemy.engine.Engine - INFO - [cached since 0.02988s ago] (21,)
2026-05-06 16:44:09,014 - sqlalchemy.engine.Engine - INFO - SELECT exerciseset.id, exerciseset.exercise_id, exerciseset.weight, exerciseset.reps, exerciseset.peak_hr, exerciseset.rest_hr, exerciseset.score, exerciseset.created_at 
FROM exerciseset 
WHERE exerciseset.exercise_id = $1::INTEGER ORDER BY exerciseset.id DESC
2026-05-06 16:44:09,014 - sqlalchemy.engine.Engine - INFO - [cached since 0.03061s ago] (20,)
2026-05-06 16:44:09,016 - sqlalchemy.engine.Engine - INFO - SELECT planexercise.id, planexercise.plan_id, planexercise.exercise_base_id, planexercise.order_index, planexercise.created_at, base_exercise.name 
FROM planexercise JOIN base_exercise ON planexercise.exercise_base_id = base_exercise.id 
WHERE planexercise.plan_id = $1::INTEGER
2026-05-06 16:44:09,016 - sqlalchemy.engine.Engine - INFO - [cached since 0.04054s ago] (16,)
2026-05-06 16:44:09,017 - sqlalchemy.engine.Engine - INFO - SELECT exerciseset.id, exerciseset.exercise_id, exerciseset.weight, exerciseset.reps, exerciseset.peak_hr, exerciseset.rest_hr, exerciseset.score, exerciseset.created_at 
FROM exerciseset 
WHERE exerciseset.exercise_id = $1::INTEGER ORDER BY exerciseset.id DESC
2026-05-06 16:44:09,017 - sqlalchemy.engine.Engine - INFO - [cached since 0.03198s ago] (22,)
2026-05-06 16:44:09,017 - sqlalchemy.engine.Engine - INFO - SELECT exerciseset.id, exerciseset.exercise_id, exerciseset.weight, exerciseset.reps, exerciseset.peak_hr, exerciseset.rest_hr, exerciseset.score, exerciseset.created_at 
FROM exerciseset 
WHERE exerciseset.exercise_id = $1::INTEGER ORDER BY exerciseset.id DESC
2026-05-06 16:44:09,017 - sqlalchemy.engine.Engine - INFO - [cached since 0.03259s ago] (23,)
2026-05-06 16:44:09,018 - sqlalchemy.engine.Engine - INFO - SELECT planexercise.id, planexercise.plan_id, planexercise.exercise_base_id, planexercise.order_index, planexercise.created_at, base_exercise.name 
FROM planexercise JOIN base_exercise ON planexercise.exercise_base_id = base_exercise.id 
WHERE planexercise.plan_id = $1::INTEGER
2026-05-06 16:44:09,018 - sqlalchemy.engine.Engine - INFO - [cached since 0.04242s ago] (17,)
2026-05-06 16:44:09,018 - sqlalchemy.engine.Engine - INFO - SELECT exerciseset.id, exerciseset.exercise_id, exerciseset.weight, exerciseset.reps, exerciseset.peak_hr, exerciseset.rest_hr, exerciseset.score, exerciseset.created_at 
FROM exerciseset 
WHERE exerciseset.exercise_id = $1::INTEGER ORDER BY exerciseset.id DESC
2026-05-06 16:44:09,019 - sqlalchemy.engine.Engine - INFO - [cached since 0.03382s ago] (25,)
2026-05-06 16:44:09,019 - sqlalchemy.engine.Engine - INFO - SELECT exerciseset.id, exerciseset.exercise_id, exerciseset.weight, exerciseset.reps, exerciseset.peak_hr, exerciseset.rest_hr, exerciseset.score, exerciseset.created_at 
FROM exerciseset 
WHERE exerciseset.exercise_id = $1::INTEGER ORDER BY exerciseset.id DESC
2026-05-06 16:44:09,019 - sqlalchemy.engine.Engine - INFO - [cached since 0.03437s ago] (24,)
2026-05-06 16:44:09,020 - sqlalchemy.engine.Engine - INFO - SELECT planexercise.id, planexercise.plan_id, planexercise.exercise_base_id, planexercise.order_index, planexercise.created_at, base_exercise.name 
FROM planexercise JOIN base_exercise ON planexercise.exercise_base_id = base_exercise.id 
WHERE planexercise.plan_id = $1::INTEGER
2026-05-06 16:44:09,020 - sqlalchemy.engine.Engine - INFO - [cached since 0.04422s ago] (18,)
2026-05-06 16:44:09,020 - sqlalchemy.engine.Engine - INFO - SELECT exerciseset.id, exerciseset.exercise_id, exerciseset.weight, exerciseset.reps, exerciseset.peak_hr, exerciseset.rest_hr, exerciseset.score, exerciseset.created_at 
FROM exerciseset 
WHERE exerciseset.exercise_id = $1::INTEGER ORDER BY exerciseset.id DESC
2026-05-06 16:44:09,020 - sqlalchemy.engine.Engine - INFO - [cached since 0.03563s ago] (26,)
2026-05-06 16:44:09,021 - sqlalchemy.engine.Engine - INFO - SELECT exerciseset.id, exerciseset.exercise_id, exerciseset.weight, exerciseset.reps, exerciseset.peak_hr, exerciseset.rest_hr, exerciseset.score, exerciseset.created_at 
FROM exerciseset 
WHERE exerciseset.exercise_id = $1::INTEGER ORDER BY exerciseset.id DESC
2026-05-06 16:44:09,021 - sqlalchemy.engine.Engine - INFO - [cached since 0.03627s ago] (27,)
2026-05-06 16:44:09,022 - sqlalchemy.engine.Engine - INFO - SELECT planexercise.id, planexercise.plan_id, planexercise.exercise_base_id, planexercise.order_index, planexercise.created_at, base_exercise.name 
FROM planexercise JOIN base_exercise ON planexercise.exercise_base_id = base_exercise.id 
WHERE planexercise.plan_id = $1::INTEGER
2026-05-06 16:44:09,022 - sqlalchemy.engine.Engine - INFO - [cached since 0.04629s ago] (19,)
2026-05-06 16:44:09,022 - sqlalchemy.engine.Engine - INFO - SELECT exerciseset.id, exerciseset.exercise_id, exerciseset.weight, exerciseset.reps, exerciseset.peak_hr, exerciseset.rest_hr, exerciseset.score, exerciseset.created_at 
FROM exerciseset 
WHERE exerciseset.exercise_id = $1::INTEGER ORDER BY exerciseset.id DESC
2026-05-06 16:44:09,023 - sqlalchemy.engine.Engine - INFO - [cached since 0.03782s ago] (28,)
2026-05-06 16:44:09,023 - sqlalchemy.engine.Engine - INFO - SELECT planexercise.id, planexercise.plan_id, planexercise.exercise_base_id, planexercise.order_index, planexercise.created_at, base_exercise.name 
FROM planexercise JOIN base_exercise ON planexercise.exercise_base_id = base_exercise.id 
WHERE planexercise.plan_id = $1::INTEGER
2026-05-06 16:44:09,024 - sqlalchemy.engine.Engine - INFO - [cached since 0.04805s ago] (20,)
2026-05-06 16:44:09,024 - sqlalchemy.engine.Engine - INFO - SELECT exerciseset.id, exerciseset.exercise_id, exerciseset.weight, exerciseset.reps, exerciseset.peak_hr, exerciseset.rest_hr, exerciseset.score, exerciseset.created_at 
FROM exerciseset 
WHERE exerciseset.exercise_id = $1::INTEGER ORDER BY exerciseset.id DESC
2026-05-06 16:44:09,024 - sqlalchemy.engine.Engine - INFO - [cached since 0.03969s ago] (29,)
2026-05-06 16:44:09,025 - sqlalchemy.engine.Engine - INFO - SELECT planexercise.id, planexercise.plan_id, planexercise.exercise_base_id, planexercise.order_index, planexercise.created_at, base_exercise.name 
FROM planexercise JOIN base_exercise ON planexercise.exercise_base_id = base_exercise.id 
WHERE planexercise.plan_id = $1::INTEGER
2026-05-06 16:44:09,025 - sqlalchemy.engine.Engine - INFO - [cached since 0.04973s ago] (21,)
2026-05-06 16:44:09,026 - sqlalchemy.engine.Engine - INFO - SELECT exerciseset.id, exerciseset.exercise_id, exerciseset.weight, exerciseset.reps, exerciseset.peak_hr, exerciseset.rest_hr, exerciseset.score, exerciseset.created_at 
FROM exerciseset 
WHERE exerciseset.exercise_id = $1::INTEGER ORDER BY exerciseset.id DESC
2026-05-06 16:44:09,026 - sqlalchemy.engine.Engine - INFO - [cached since 0.04117s ago] (30,)
2026-05-06 16:44:09,026 - sqlalchemy.engine.Engine - INFO - SELECT planexercise.id, planexercise.plan_id, planexercise.exercise_base_id, planexercise.order_index, planexercise.created_at, base_exercise.name 
FROM planexercise JOIN base_exercise ON planexercise.exercise_base_id = base_exercise.id 
WHERE planexercise.plan_id = $1::INTEGER
2026-05-06 16:44:09,027 - sqlalchemy.engine.Engine - INFO - [cached since 0.05108s ago] (22,)
2026-05-06 16:44:09,027 - sqlalchemy.engine.Engine - INFO - SELECT exerciseset.id, exerciseset.exercise_id, exerciseset.weight, exerciseset.reps, exerciseset.peak_hr, exerciseset.rest_hr, exerciseset.score, exerciseset.created_at 
FROM exerciseset 
WHERE exerciseset.exercise_id = $1::INTEGER ORDER BY exerciseset.id DESC
2026-05-06 16:44:09,027 - sqlalchemy.engine.Engine - INFO - [cached since 0.04265s ago] (31,)
2026-05-06 16:44:09,028 - sqlalchemy.engine.Engine - INFO - SELECT planexercise.id, planexercise.plan_id, planexercise.exercise_base_id, planexercise.order_index, planexercise.created_at, base_exercise.name 
FROM planexercise JOIN base_exercise ON planexercise.exercise_base_id = base_exercise.id 
WHERE planexercise.plan_id = $1::INTEGER
2026-05-06 16:44:09,028 - sqlalchemy.engine.Engine - INFO - [cached since 0.05274s ago] (23,)
2026-05-06 16:44:09,029 - sqlalchemy.engine.Engine - INFO - SELECT exerciseset.id, exerciseset.exercise_id, exerciseset.weight, exerciseset.reps, exerciseset.peak_hr, exerciseset.rest_hr, exerciseset.score, exerciseset.created_at 
FROM exerciseset 
WHERE exerciseset.exercise_id = $1::INTEGER ORDER BY exerciseset.id DESC
2026-05-06 16:44:09,029 - sqlalchemy.engine.Engine - INFO - [cached since 0.0445s ago] (32,)
2026-05-06 16:44:09,030 - sqlalchemy.engine.Engine - INFO - SELECT exerciseset.id, exerciseset.exercise_id, exerciseset.weight, exerciseset.reps, exerciseset.peak_hr, exerciseset.rest_hr, exerciseset.score, exerciseset.created_at 
FROM exerciseset 
WHERE exerciseset.exercise_id = $1::INTEGER ORDER BY exerciseset.id DESC
2026-05-06 16:44:09,030 - sqlalchemy.engine.Engine - INFO - [cached since 0.0452s ago] (33,)
2026-05-06 16:44:09,030 - sqlalchemy.engine.Engine - INFO - SELECT planexercise.id, planexercise.plan_id, planexercise.exercise_base_id, planexercise.order_index, planexercise.created_at, base_exercise.name 
FROM planexercise JOIN base_exercise ON planexercise.exercise_base_id = base_exercise.id 
WHERE planexercise.plan_id = $1::INTEGER
2026-05-06 16:44:09,030 - sqlalchemy.engine.Engine - INFO - [cached since 0.05508s ago] (24,)
2026-05-06 16:44:09,031 - sqlalchemy.engine.Engine - INFO - SELECT exerciseset.id, exerciseset.exercise_id, exerciseset.weight, exerciseset.reps, exerciseset.peak_hr, exerciseset.rest_hr, exerciseset.score, exerciseset.created_at 
FROM exerciseset 
WHERE exerciseset.exercise_id = $1::INTEGER ORDER BY exerciseset.id DESC
2026-05-06 16:44:09,031 - sqlalchemy.engine.Engine - INFO - [cached since 0.04649s ago] (34,)
2026-05-06 16:44:09,032 - sqlalchemy.engine.Engine - INFO - SELECT planexercise.id, planexercise.plan_id, planexercise.exercise_base_id, planexercise.order_index, planexercise.created_at, base_exercise.name 
FROM planexercise JOIN base_exercise ON planexercise.exercise_base_id = base_exercise.id 
WHERE planexercise.plan_id = $1::INTEGER
2026-05-06 16:44:09,032 - sqlalchemy.engine.Engine - INFO - [cached since 0.05635s ago] (25,)
2026-05-06 16:44:09,032 - sqlalchemy.engine.Engine - INFO - SELECT exerciseset.id, exerciseset.exercise_id, exerciseset.weight, exerciseset.reps, exerciseset.peak_hr, exerciseset.rest_hr, exerciseset.score, exerciseset.created_at 
FROM exerciseset 
WHERE exerciseset.exercise_id = $1::INTEGER ORDER BY exerciseset.id DESC
2026-05-06 16:44:09,032 - sqlalchemy.engine.Engine - INFO - [cached since 0.04776s ago] (35,)
2026-05-06 16:44:09,033 - sqlalchemy.engine.Engine - INFO - SELECT planexercise.id, planexercise.plan_id, planexercise.exercise_base_id, planexercise.order_index, planexercise.created_at, base_exercise.name 
FROM planexercise JOIN base_exercise ON planexercise.exercise_base_id = base_exercise.id 
WHERE planexercise.plan_id = $1::INTEGER
2026-05-06 16:44:09,033 - sqlalchemy.engine.Engine - INFO - [cached since 0.05765s ago] (26,)
2026-05-06 16:44:09,034 - sqlalchemy.engine.Engine - INFO - SELECT exerciseset.id, exerciseset.exercise_id, exerciseset.weight, exerciseset.reps, exerciseset.peak_hr, exerciseset.rest_hr, exerciseset.score, exerciseset.created_at 
FROM exerciseset 
WHERE exerciseset.exercise_id = $1::INTEGER ORDER BY exerciseset.id DESC
2026-05-06 16:44:09,034 - sqlalchemy.engine.Engine - INFO - [cached since 0.04906s ago] (36,)
2026-05-06 16:44:09,034 - sqlalchemy.engine.Engine - INFO - SELECT planexercise.id, planexercise.plan_id, planexercise.exercise_base_id, planexercise.order_index, planexercise.created_at, base_exercise.name 
FROM planexercise JOIN base_exercise ON planexercise.exercise_base_id = base_exercise.id 
WHERE planexercise.plan_id = $1::INTEGER
2026-05-06 16:44:09,034 - sqlalchemy.engine.Engine - INFO - [cached since 0.05899s ago] (27,)
2026-05-06 16:44:09,035 - sqlalchemy.engine.Engine - INFO - SELECT exerciseset.id, exerciseset.exercise_id, exerciseset.weight, exerciseset.reps, exerciseset.peak_hr, exerciseset.rest_hr, exerciseset.score, exerciseset.created_at 
FROM exerciseset 
WHERE exerciseset.exercise_id = $1::INTEGER ORDER BY exerciseset.id DESC
2026-05-06 16:44:09,035 - sqlalchemy.engine.Engine - INFO - [cached since 0.05075s ago] (37,)
2026-05-06 16:44:09,037 - sqlalchemy.engine.Engine - INFO - SELECT planexercise.id, planexercise.plan_id, planexercise.exercise_base_id, planexercise.order_index, planexercise.created_at, base_exercise.name 
FROM planexercise JOIN base_exercise ON planexercise.exercise_base_id = base_exercise.id 
WHERE planexercise.plan_id = $1::INTEGER
2026-05-06 16:44:09,037 - sqlalchemy.engine.Engine - INFO - [cached since 0.061s ago] (28,)
2026-05-06 16:44:09,037 - sqlalchemy.engine.Engine - INFO - SELECT exerciseset.id, exerciseset.exercise_id, exerciseset.weight, exerciseset.reps, exerciseset.peak_hr, exerciseset.rest_hr, exerciseset.score, exerciseset.created_at 
FROM exerciseset 
WHERE exerciseset.exercise_id = $1::INTEGER ORDER BY exerciseset.id DESC
2026-05-06 16:44:09,038 - sqlalchemy.engine.Engine - INFO - [cached since 0.05247s ago] (38,)
2026-05-06 16:44:09,041 - sqlalchemy.engine.Engine - INFO - ROLLBACK
2026-05-06 16:44:19,306 - sqlalchemy.engine.Engine - INFO - BEGIN (implicit)
2026-05-06 16:44:19,306 - sqlalchemy.engine.Engine - INFO - SELECT "user".session_id, "user".name, "user".age, "user".height, "user".weight 
FROM "user" 
WHERE "user".session_id = $1::VARCHAR
2026-05-06 16:44:19,306 - sqlalchemy.engine.Engine - INFO - [cached since 14.86s ago] ('12A3C',)
2026-05-06 16:44:19,308 - sqlalchemy.engine.Engine - INFO - ROLLBACK
2026-05-06 16:44:24,740 - sqlalchemy.engine.Engine - INFO - BEGIN (implicit)
2026-05-06 16:44:24,743 - sqlalchemy.engine.Engine - INFO - INSERT INTO workoutplan (session_id, plan_name, created_at) VALUES ($1::VARCHAR, $2::VARCHAR, $3::TIMESTAMP WITHOUT TIME ZONE) RETURNING workoutplan.id
2026-05-06 16:44:24,744 - sqlalchemy.engine.Engine - INFO - [generated in 0.00031s] ('12A3C', '胸部训练', datetime.datetime(2026, 5, 6, 16, 44, 24, 740974))
2026-05-06 16:44:24,754 - sqlalchemy.engine.Engine - INFO - COMMIT
2026-05-06 16:44:24,756 - sqlalchemy.engine.Engine - INFO - BEGIN (implicit)
2026-05-06 16:44:24,757 - sqlalchemy.engine.Engine - INFO - SELECT workoutplan.id, workoutplan.session_id, workoutplan.plan_name, workoutplan.created_at 
FROM workoutplan 
WHERE workoutplan.id = $1::INTEGER
2026-05-06 16:44:24,757 - sqlalchemy.engine.Engine - INFO - [generated in 0.00024s] (29,)
2026-05-06 16:44:24,758 - sqlalchemy.engine.Engine - INFO - ROLLBACK
2026-05-06 16:44:24,774 - sqlalchemy.engine.Engine - INFO - BEGIN (implicit)
2026-05-06 16:44:24,774 - sqlalchemy.engine.Engine - INFO - 
                SELECT DISTINCT muscle 
                FROM (
                    SELECT jsonb_array_elements_text(primary_muscles) as muscle FROM base_exercise
                    UNION
                    SELECT jsonb_array_elements_text(secondary_muscles) as muscle FROM base_exercise
                ) as combined_muscles
                WHERE muscle IS NOT NULL
                ORDER BY muscle;
            
2026-05-06 16:44:24,774 - sqlalchemy.engine.Engine - INFO - [generated in 0.00014s] ()
2026-05-06 16:44:24,781 - sqlalchemy.engine.Engine - INFO - ROLLBACK
2026-05-06 16:44:24,788 - sqlalchemy.engine.Engine - INFO - BEGIN (implicit)
2026-05-06 16:44:24,788 - sqlalchemy.engine.Engine - INFO - 
                SELECT DISTINCT muscle 
                FROM (
                    SELECT jsonb_array_elements_text(primary_muscles) as muscle FROM base_exercise
                    UNION
                    SELECT jsonb_array_elements_text(secondary_muscles) as muscle FROM base_exercise
                ) as combined_muscles
                WHERE muscle IS NOT NULL
                ORDER BY muscle;
            
2026-05-06 16:44:24,789 - sqlalchemy.engine.Engine - INFO - [cached since 0.01382s ago] ()
2026-05-06 16:44:24,790 - sqlalchemy.engine.Engine - INFO - ROLLBACK
2026-05-06 16:44:31,169 - sqlalchemy.engine.Engine - INFO - BEGIN (implicit)
2026-05-06 16:44:31,171 - sqlalchemy.engine.Engine - INFO - SELECT base_exercise.id, base_exercise.name, base_exercise.force, base_exercise.level, base_exercise.mechanic, base_exercise.equipment, base_exercise.category, base_exercise.primary_muscles, base_exercise.secondary_muscles, base_exercise.instructions, base_exercise.images 
FROM base_exercise 
WHERE (base_exercise.primary_muscles @> $1::JSONB) OR (base_exercise.secondary_muscles @> $2::JSONB)
2026-05-06 16:44:31,171 - sqlalchemy.engine.Engine - INFO - [generated in 0.00025s] ('["\\u80f8\\u808c"]', '["\\u80f8\\u808c"]')
2026-05-06 16:44:31,179 - sqlalchemy.engine.Engine - INFO - ROLLBACK
2026-05-06 16:44:31,186 - sqlalchemy.engine.Engine - INFO - BEGIN (implicit)
2026-05-06 16:44:31,187 - sqlalchemy.engine.Engine - INFO - SELECT base_exercise.id, base_exercise.name, base_exercise.force, base_exercise.level, base_exercise.mechanic, base_exercise.equipment, base_exercise.category, base_exercise.primary_muscles, base_exercise.secondary_muscles, base_exercise.instructions, base_exercise.images 
FROM base_exercise 
WHERE (base_exercise.primary_muscles @> $1::JSONB) OR (base_exercise.secondary_muscles @> $2::JSONB)
2026-05-06 16:44:31,187 - sqlalchemy.engine.Engine - INFO - [cached since 0.01567s ago] ('["\\u80f8\\u808c"]', '["\\u80f8\\u808c"]')
2026-05-06 16:44:31,189 - sqlalchemy.engine.Engine - INFO - ROLLBACK
2026-05-06 16:44:34,594 - sqlalchemy.engine.Engine - INFO - BEGIN (implicit)
2026-05-06 16:44:34,595 - sqlalchemy.engine.Engine - INFO - INSERT INTO planexercise (plan_id, exercise_base_id, order_index, created_at) VALUES ($1::INTEGER, $2::VARCHAR, $3::INTEGER, $4::TIMESTAMP WITHOUT TIME ZONE) RETURNING planexercise.id
2026-05-06 16:44:34,595 - sqlalchemy.engine.Engine - INFO - [generated in 0.00027s] (29, 'Incline_Dumbbell_Press', None, datetime.datetime(2026, 5, 6, 16, 44, 34, 593027))
2026-05-06 16:44:34,600 - sqlalchemy.engine.Engine - INFO - COMMIT
2026-05-06 16:44:34,601 - sqlalchemy.engine.Engine - INFO - BEGIN (implicit)
2026-05-06 16:44:34,602 - sqlalchemy.engine.Engine - INFO - SELECT planexercise.id, planexercise.plan_id, planexercise.exercise_base_id, planexercise.order_index, planexercise.created_at 
FROM planexercise 
WHERE planexercise.id = $1::INTEGER
2026-05-06 16:44:34,602 - sqlalchemy.engine.Engine - INFO - [generated in 0.00014s] (39,)
2026-05-06 16:44:34,604 - sqlalchemy.engine.Engine - INFO - ROLLBACK
2026-05-06 16:44:38,298 - httpx - INFO - HTTP Request: GET https://rest.hyperate.io/12A3C "HTTP/1.1 200 OK"
2026-05-06 16:44:38,301 - httpx - INFO - HTTP Request: GET https://rest.hyperate.io/12A3C "HTTP/1.1 200 OK"
2026-05-06 16:44:40,514 - httpx - INFO - HTTP Request: GET https://rest.hyperate.io/12A3C "HTTP/1.1 503 Service Unavailable"
2026-05-06 16:44:40,515 - httpx - INFO - HTTP Request: GET https://rest.hyperate.io/12A3C "HTTP/1.1 503 Service Unavailable"
2026-05-06 16:44:42,788 - httpx - INFO - HTTP Request: GET https://rest.hyperate.io/12A3C "HTTP/1.1 200 OK"
2026-05-06 16:44:42,796 - httpx - INFO - HTTP Request: GET https://rest.hyperate.io/12A3C "HTTP/1.1 200 OK"
2026-05-06 16:44:45,018 - httpx - INFO - HTTP Request: GET https://rest.hyperate.io/12A3C "HTTP/1.1 503 Service Unavailable"
2026-05-06 16:44:45,018 - httpx - INFO - HTTP Request: GET https://rest.hyperate.io/12A3C "HTTP/1.1 503 Service Unavailable"
2026-05-06 16:44:47,246 - httpx - INFO - HTTP Request: GET https://rest.hyperate.io/12A3C "HTTP/1.1 200 OK"
2026-05-06 16:44:47,253 - httpx - INFO - HTTP Request: GET https://rest.hyperate.io/12A3C "HTTP/1.1 200 OK"
2026-05-06 16:44:49,482 - httpx - INFO - HTTP Request: GET https://rest.hyperate.io/12A3C "HTTP/1.1 503 Service Unavailable"
2026-05-06 16:44:49,483 - httpx - INFO - HTTP Request: GET https://rest.hyperate.io/12A3C "HTTP/1.1 503 Service Unavailable"
2026-05-06 16:44:51,757 - httpx - INFO - HTTP Request: GET https://rest.hyperate.io/12A3C "HTTP/1.1 200 OK"
2026-05-06 16:44:51,765 - httpx - INFO - HTTP Request: GET https://rest.hyperate.io/12A3C "HTTP/1.1 200 OK"
2026-05-06 16:44:53,967 - httpx - INFO - HTTP Request: GET https://rest.hyperate.io/12A3C "HTTP/1.1 503 Service Unavailable"
2026-05-06 16:44:53,968 - httpx - INFO - HTTP Request: GET https://rest.hyperate.io/12A3C "HTTP/1.1 503 Service Unavailable"
2026-05-06 16:44:56,234 - httpx - INFO - HTTP Request: GET https://rest.hyperate.io/12A3C "HTTP/1.1 200 OK"
2026-05-06 16:44:56,241 - httpx - INFO - HTTP Request: GET https://rest.hyperate.io/12A3C "HTTP/1.1 200 OK"
2026-05-06 16:44:58,467 - httpx - INFO - HTTP Request: GET https://rest.hyperate.io/12A3C "HTTP/1.1 200 OK"
2026-05-06 16:44:58,468 - httpx - INFO - HTTP Request: GET https://rest.hyperate.io/12A3C "HTTP/1.1 200 OK"
2026-05-06 16:45:00,686 - httpx - INFO - HTTP Request: GET https://rest.hyperate.io/12A3C "HTTP/1.1 200 OK"
2026-05-06 16:45:00,687 - httpx - INFO - HTTP Request: GET https://rest.hyperate.io/12A3C "HTTP/1.1 200 OK"
2026-05-06 16:45:02,899 - httpx - INFO - HTTP Request: GET https://rest.hyperate.io/12A3C "HTTP/1.1 200 OK"
2026-05-06 16:45:02,900 - httpx - INFO - HTTP Request: GET https://rest.hyperate.io/12A3C "HTTP/1.1 200 OK"
2026-05-06 16:45:05,123 - httpx - INFO - HTTP Request: GET https://rest.hyperate.io/12A3C "HTTP/1.1 200 OK"
2026-05-06 16:45:05,125 - httpx - INFO - HTTP Request: GET https://rest.hyperate.io/12A3C "HTTP/1.1 200 OK"
2026-05-06 16:45:07,335 - httpx - INFO - HTTP Request: GET https://rest.hyperate.io/12A3C "HTTP/1.1 200 OK"
2026-05-06 16:45:07,337 - httpx - INFO - HTTP Request: GET https://rest.hyperate.io/12A3C "HTTP/1.1 200 OK"
2026-05-06 16:45:09,542 - httpx - INFO - HTTP Request: GET https://rest.hyperate.io/12A3C "HTTP/1.1 200 OK"
2026-05-06 16:45:09,574 - httpx - INFO - HTTP Request: GET https://rest.hyperate.io/12A3C "HTTP/1.1 200 OK"
2026-05-06 16:45:11,759 - httpx - INFO - HTTP Request: GET https://rest.hyperate.io/12A3C "HTTP/1.1 200 OK"
2026-05-06 16:45:11,797 - httpx - INFO - HTTP Request: GET https://rest.hyperate.io/12A3C "HTTP/1.1 200 OK"
2026-05-06 16:45:13,998 - httpx - INFO - HTTP Request: GET https://rest.hyperate.io/12A3C "HTTP/1.1 200 OK"
2026-05-06 16:45:13,999 - httpx - INFO - HTTP Request: GET https://rest.hyperate.io/12A3C "HTTP/1.1 200 OK"
2026-05-06 16:45:16,220 - httpx - INFO - HTTP Request: GET https://rest.hyperate.io/12A3C "HTTP/1.1 200 OK"
2026-05-06 16:45:16,221 - httpx - INFO - HTTP Request: GET https://rest.hyperate.io/12A3C "HTTP/1.1 200 OK"
2026-05-06 16:45:18,431 - httpx - INFO - HTTP Request: GET https://rest.hyperate.io/12A3C "HTTP/1.1 200 OK"
2026-05-06 16:45:18,432 - httpx - INFO - HTTP Request: GET https://rest.hyperate.io/12A3C "HTTP/1.1 200 OK"
2026-05-06 16:45:20,643 - httpx - INFO - HTTP Request: GET https://rest.hyperate.io/12A3C "HTTP/1.1 200 OK"
2026-05-06 16:45:20,645 - httpx - INFO - HTTP Request: GET https://rest.hyperate.io/12A3C "HTTP/1.1 200 OK"
2026-05-06 16:45:22,859 - httpx - INFO - HTTP Request: GET https://rest.hyperate.io/12A3C "HTTP/1.1 200 OK"
2026-05-06 16:45:22,861 - httpx - INFO - HTTP Request: GET https://rest.hyperate.io/12A3C "HTTP/1.1 200 OK"
2026-05-06 16:45:25,081 - httpx - INFO - HTTP Request: GET https://rest.hyperate.io/12A3C "HTTP/1.1 200 OK"
2026-05-06 16:45:25,088 - httpx - INFO - HTTP Request: GET https://rest.hyperate.io/12A3C "HTTP/1.1 200 OK"
2026-05-06 16:45:27,297 - httpx - INFO - HTTP Request: GET https://rest.hyperate.io/12A3C "HTTP/1.1 200 OK"
2026-05-06 16:45:27,299 - httpx - INFO - HTTP Request: GET https://rest.hyperate.io/12A3C "HTTP/1.1 200 OK"
2026-05-06 16:45:29,511 - httpx - INFO - HTTP Request: GET https://rest.hyperate.io/12A3C "HTTP/1.1 200 OK"
2026-05-06 16:45:29,513 - httpx - INFO - HTTP Request: GET https://rest.hyperate.io/12A3C "HTTP/1.1 200 OK"
2026-05-06 16:45:31,748 - httpx - INFO - HTTP Request: GET https://rest.hyperate.io/12A3C "HTTP/1.1 200 OK"
2026-05-06 16:45:31,749 - httpx - INFO - HTTP Request: GET https://rest.hyperate.io/12A3C "HTTP/1.1 200 OK"
2026-05-06 16:45:33,960 - httpx - INFO - HTTP Request: GET https://rest.hyperate.io/12A3C "HTTP/1.1 200 OK"
2026-05-06 16:45:33,961 - httpx - INFO - HTTP Request: GET https://rest.hyperate.io/12A3C "HTTP/1.1 200 OK"
2026-05-06 16:45:36,159 - httpx - INFO - HTTP Request: GET https://rest.hyperate.io/12A3C "HTTP/1.1 200 OK"
2026-05-06 16:45:36,191 - httpx - INFO - HTTP Request: GET https://rest.hyperate.io/12A3C "HTTP/1.1 200 OK"
2026-05-06 16:45:38,385 - httpx - INFO - HTTP Request: GET https://rest.hyperate.io/12A3C "HTTP/1.1 200 OK"
2026-05-06 16:45:38,417 - httpx - INFO - HTTP Request: GET https://rest.hyperate.io/12A3C "HTTP/1.1 200 OK"
2026-05-06 16:45:40,612 - httpx - INFO - HTTP Request: GET https://rest.hyperate.io/12A3C "HTTP/1.1 200 OK"
2026-05-06 16:45:40,614 - httpx - INFO - HTTP Request: GET https://rest.hyperate.io/12A3C "HTTP/1.1 200 OK"
2026-05-06 16:45:42,816 - httpx - INFO - HTTP Request: GET https://rest.hyperate.io/12A3C "HTTP/1.1 200 OK"
2026-05-06 16:45:42,817 - httpx - INFO - HTTP Request: GET https://rest.hyperate.io/12A3C "HTTP/1.1 200 OK"
2026-05-06 16:45:45,040 - httpx - INFO - HTTP Request: GET https://rest.hyperate.io/12A3C "HTTP/1.1 200 OK"
2026-05-06 16:45:45,042 - httpx - INFO - HTTP Request: GET https://rest.hyperate.io/12A3C "HTTP/1.1 200 OK"
2026-05-06 16:45:47,246 - httpx - INFO - HTTP Request: GET https://rest.hyperate.io/12A3C "HTTP/1.1 200 OK"
2026-05-06 16:45:47,250 - httpx - INFO - HTTP Request: GET https://rest.hyperate.io/12A3C "HTTP/1.1 200 OK"
2026-05-06 16:45:49,457 - httpx - INFO - HTTP Request: GET https://rest.hyperate.io/12A3C "HTTP/1.1 200 OK"
2026-05-06 16:45:49,459 - httpx - INFO - HTTP Request: GET https://rest.hyperate.io/12A3C "HTTP/1.1 200 OK"
2026-05-06 16:45:51,654 - httpx - INFO - HTTP Request: GET https://rest.hyperate.io/12A3C "HTTP/1.1 200 OK"
2026-05-06 16:45:51,657 - httpx - INFO - HTTP Request: GET https://rest.hyperate.io/12A3C "HTTP/1.1 200 OK"
2026-05-06 16:45:53,881 - httpx - INFO - HTTP Request: GET https://rest.hyperate.io/12A3C "HTTP/1.1 200 OK"
2026-05-06 16:45:53,881 - httpx - INFO - HTTP Request: GET https://rest.hyperate.io/12A3C "HTTP/1.1 200 OK"
2026-05-06 16:45:56,102 - httpx - INFO - HTTP Request: GET https://rest.hyperate.io/12A3C "HTTP/1.1 200 OK"
2026-05-06 16:45:56,103 - httpx - INFO - HTTP Request: GET https://rest.hyperate.io/12A3C "HTTP/1.1 200 OK"
2026-05-06 16:45:58,310 - httpx - INFO - HTTP Request: GET https://rest.hyperate.io/12A3C "HTTP/1.1 200 OK"
2026-05-06 16:45:58,345 - httpx - INFO - HTTP Request: GET https://rest.hyperate.io/12A3C "HTTP/1.1 200 OK"
2026-05-06 16:46:00,527 - httpx - INFO - HTTP Request: GET https://rest.hyperate.io/12A3C "HTTP/1.1 200 OK"
2026-05-06 16:46:00,575 - httpx - INFO - HTTP Request: GET https://rest.hyperate.io/12A3C "HTTP/1.1 200 OK"
2026-05-06 16:46:02,790 - httpx - INFO - HTTP Request: GET https://rest.hyperate.io/12A3C "HTTP/1.1 200 OK"
2026-05-06 16:46:02,809 - httpx - INFO - HTTP Request: GET https://rest.hyperate.io/12A3C "HTTP/1.1 200 OK"
2026-05-06 16:46:05,008 - httpx - INFO - HTTP Request: GET https://rest.hyperate.io/12A3C "HTTP/1.1 200 OK"
2026-05-06 16:46:05,041 - httpx - INFO - HTTP Request: GET https://rest.hyperate.io/12A3C "HTTP/1.1 200 OK"
2026-05-06 16:46:07,241 - httpx - INFO - HTTP Request: GET https://rest.hyperate.io/12A3C "HTTP/1.1 200 OK"
2026-05-06 16:46:07,242 - httpx - INFO - HTTP Request: GET https://rest.hyperate.io/12A3C "HTTP/1.1 200 OK"
2026-05-06 16:46:09,458 - httpx - INFO - HTTP Request: GET https://rest.hyperate.io/12A3C "HTTP/1.1 200 OK"
2026-05-06 16:46:09,460 - httpx - INFO - HTTP Request: GET https://rest.hyperate.io/12A3C "HTTP/1.1 200 OK"
2026-05-06 16:46:11,656 - httpx - INFO - HTTP Request: GET https://rest.hyperate.io/12A3C "HTTP/1.1 200 OK"
2026-05-06 16:46:11,657 - httpx - INFO - HTTP Request: GET https://rest.hyperate.io/12A3C "HTTP/1.1 200 OK"
2026-05-06 16:46:13,870 - httpx - INFO - HTTP Request: GET https://rest.hyperate.io/12A3C "HTTP/1.1 200 OK"
2026-05-06 16:46:13,871 - httpx - INFO - HTTP Request: GET https://rest.hyperate.io/12A3C "HTTP/1.1 200 OK"
2026-05-06 16:46:16,096 - httpx - INFO - HTTP Request: GET https://rest.hyperate.io/12A3C "HTTP/1.1 200 OK"
2026-05-06 16:46:16,099 - httpx - INFO - HTTP Request: GET https://rest.hyperate.io/12A3C "HTTP/1.1 200 OK"
2026-05-06 16:46:18,440 - httpx - INFO - HTTP Request: GET https://rest.hyperate.io/12A3C "HTTP/1.1 200 OK"
2026-05-06 16:46:18,442 - httpx - INFO - HTTP Request: GET https://rest.hyperate.io/12A3C "HTTP/1.1 200 OK"
2026-05-06 16:46:20,650 - httpx - INFO - HTTP Request: GET https://rest.hyperate.io/12A3C "HTTP/1.1 200 OK"
2026-05-06 16:46:20,652 - httpx - INFO - HTTP Request: GET https://rest.hyperate.io/12A3C "HTTP/1.1 200 OK"
2026-05-06 16:46:22,881 - httpx - INFO - HTTP Request: GET https://rest.hyperate.io/12A3C "HTTP/1.1 200 OK"
2026-05-06 16:46:22,882 - httpx - INFO - HTTP Request: GET https://rest.hyperate.io/12A3C "HTTP/1.1 200 OK"
2026-05-06 16:46:25,082 - httpx - INFO - HTTP Request: GET https://rest.hyperate.io/12A3C "HTTP/1.1 200 OK"
2026-05-06 16:46:25,083 - httpx - INFO - HTTP Request: GET https://rest.hyperate.io/12A3C "HTTP/1.1 200 OK"
2026-05-06 16:49:12,202 - sqlalchemy.engine.Engine - INFO - select pg_catalog.version()
2026-05-06 16:49:12,202 - sqlalchemy.engine.Engine - INFO - [raw sql] ()
2026-05-06 16:49:12,205 - sqlalchemy.engine.Engine - INFO - select current_schema()
2026-05-06 16:49:12,205 - sqlalchemy.engine.Engine - INFO - [raw sql] ()
2026-05-06 16:49:12,206 - sqlalchemy.engine.Engine - INFO - show standard_conforming_strings
2026-05-06 16:49:12,206 - sqlalchemy.engine.Engine - INFO - [raw sql] ()
2026-05-06 16:49:12,206 - sqlalchemy.engine.Engine - INFO - BEGIN (implicit)
2026-05-06 16:49:12,210 - sqlalchemy.engine.Engine - INFO - SELECT pg_catalog.pg_class.relname 
FROM pg_catalog.pg_class JOIN pg_catalog.pg_namespace ON pg_catalog.pg_namespace.oid = pg_catalog.pg_class.relnamespace 
WHERE pg_catalog.pg_class.relname = $1::VARCHAR AND pg_catalog.pg_class.relkind = ANY (ARRAY[$2::VARCHAR, $3::VARCHAR, $4::VARCHAR, $5::VARCHAR, $6::VARCHAR]) AND pg_catalog.pg_table_is_visible(pg_catalog.pg_class.oid) AND pg_catalog.pg_namespace.nspname != $7::VARCHAR
2026-05-06 16:49:12,210 - sqlalchemy.engine.Engine - INFO - [generated in 0.00022s] ('base_exercise', 'r', 'p', 'f', 'v', 'm', 'pg_catalog')
2026-05-06 16:49:12,216 - sqlalchemy.engine.Engine - INFO - SELECT pg_catalog.pg_class.relname 
FROM pg_catalog.pg_class JOIN pg_catalog.pg_namespace ON pg_catalog.pg_namespace.oid = pg_catalog.pg_class.relnamespace 
WHERE pg_catalog.pg_class.relname = $1::VARCHAR AND pg_catalog.pg_class.relkind = ANY (ARRAY[$2::VARCHAR, $3::VARCHAR, $4::VARCHAR, $5::VARCHAR, $6::VARCHAR]) AND pg_catalog.pg_table_is_visible(pg_catalog.pg_class.oid) AND pg_catalog.pg_namespace.nspname != $7::VARCHAR
2026-05-06 16:49:12,216 - sqlalchemy.engine.Engine - INFO - [cached since 0.006057s ago] ('workoutplan', 'r', 'p', 'f', 'v', 'm', 'pg_catalog')
2026-05-06 16:49:12,217 - sqlalchemy.engine.Engine - INFO - SELECT pg_catalog.pg_class.relname 
FROM pg_catalog.pg_class JOIN pg_catalog.pg_namespace ON pg_catalog.pg_namespace.oid = pg_catalog.pg_class.relnamespace 
WHERE pg_catalog.pg_class.relname = $1::VARCHAR AND pg_catalog.pg_class.relkind = ANY (ARRAY[$2::VARCHAR, $3::VARCHAR, $4::VARCHAR, $5::VARCHAR, $6::VARCHAR]) AND pg_catalog.pg_table_is_visible(pg_catalog.pg_class.oid) AND pg_catalog.pg_namespace.nspname != $7::VARCHAR
2026-05-06 16:49:12,217 - sqlalchemy.engine.Engine - INFO - [cached since 0.006755s ago] ('planexercise', 'r', 'p', 'f', 'v', 'm', 'pg_catalog')
2026-05-06 16:49:12,217 - sqlalchemy.engine.Engine - INFO - SELECT pg_catalog.pg_class.relname 
FROM pg_catalog.pg_class JOIN pg_catalog.pg_namespace ON pg_catalog.pg_namespace.oid = pg_catalog.pg_class.relnamespace 
WHERE pg_catalog.pg_class.relname = $1::VARCHAR AND pg_catalog.pg_class.relkind = ANY (ARRAY[$2::VARCHAR, $3::VARCHAR, $4::VARCHAR, $5::VARCHAR, $6::VARCHAR]) AND pg_catalog.pg_table_is_visible(pg_catalog.pg_class.oid) AND pg_catalog.pg_namespace.nspname != $7::VARCHAR
2026-05-06 16:49:12,217 - sqlalchemy.engine.Engine - INFO - [cached since 0.007402s ago] ('exerciseset', 'r', 'p', 'f', 'v', 'm', 'pg_catalog')
2026-05-06 16:49:12,218 - sqlalchemy.engine.Engine - INFO - SELECT pg_catalog.pg_class.relname 
FROM pg_catalog.pg_class JOIN pg_catalog.pg_namespace ON pg_catalog.pg_namespace.oid = pg_catalog.pg_class.relnamespace 
WHERE pg_catalog.pg_class.relname = $1::VARCHAR AND pg_catalog.pg_class.relkind = ANY (ARRAY[$2::VARCHAR, $3::VARCHAR, $4::VARCHAR, $5::VARCHAR, $6::VARCHAR]) AND pg_catalog.pg_table_is_visible(pg_catalog.pg_class.oid) AND pg_catalog.pg_namespace.nspname != $7::VARCHAR
2026-05-06 16:49:12,218 - sqlalchemy.engine.Engine - INFO - [cached since 0.008386s ago] ('user', 'r', 'p', 'f', 'v', 'm', 'pg_catalog')
2026-05-06 16:49:12,219 - sqlalchemy.engine.Engine - INFO - SELECT pg_catalog.pg_class.relname 
FROM pg_catalog.pg_class JOIN pg_catalog.pg_namespace ON pg_catalog.pg_namespace.oid = pg_catalog.pg_class.relnamespace 
WHERE pg_catalog.pg_class.relname = $1::VARCHAR AND pg_catalog.pg_class.relkind = ANY (ARRAY[$2::VARCHAR, $3::VARCHAR, $4::VARCHAR, $5::VARCHAR, $6::VARCHAR]) AND pg_catalog.pg_table_is_visible(pg_catalog.pg_class.oid) AND pg_catalog.pg_namespace.nspname != $7::VARCHAR
2026-05-06 16:49:12,219 - sqlalchemy.engine.Engine - INFO - [cached since 0.009145s ago] ('memory_summary', 'r', 'p', 'f', 'v', 'm', 'pg_catalog')
2026-05-06 16:49:12,220 - sqlalchemy.engine.Engine - INFO - COMMIT
2026-05-06 16:49:39,220 - sqlalchemy.engine.Engine - INFO - BEGIN (implicit)
2026-05-06 16:49:39,230 - sqlalchemy.engine.Engine - INFO - SELECT "user".session_id, "user".name, "user".age, "user".height, "user".weight 
FROM "user" 
WHERE "user".session_id = $1::VARCHAR
2026-05-06 16:49:39,230 - sqlalchemy.engine.Engine - INFO - [generated in 0.00029s] ('12A3C',)
2026-05-06 16:49:39,234 - sqlalchemy.engine.Engine - INFO - ROLLBACK
2026-05-06 16:49:42,011 - sqlalchemy.engine.Engine - INFO - BEGIN (implicit)
2026-05-06 16:49:42,012 - sqlalchemy.engine.Engine - INFO - SELECT workoutplan.id, workoutplan.session_id, workoutplan.plan_name, workoutplan.created_at 
FROM workoutplan 
WHERE workoutplan.session_id = $1::VARCHAR
2026-05-06 16:49:42,012 - sqlalchemy.engine.Engine - INFO - [generated in 0.00017s] ('12A3C',)
2026-05-06 16:49:42,016 - sqlalchemy.engine.Engine - INFO - SELECT planexercise.id, planexercise.plan_id, planexercise.exercise_base_id, planexercise.order_index, planexercise.created_at, base_exercise.name 
FROM planexercise JOIN base_exercise ON planexercise.exercise_base_id = base_exercise.id 
WHERE planexercise.plan_id = $1::INTEGER
2026-05-06 16:49:42,016 - sqlalchemy.engine.Engine - INFO - [generated in 0.00022s] (1,)
2026-05-06 16:49:42,021 - sqlalchemy.engine.Engine - INFO - SELECT exerciseset.id, exerciseset.exercise_id, exerciseset.weight, exerciseset.reps, exerciseset.peak_hr, exerciseset.rest_hr, exerciseset.score, exerciseset.created_at 
FROM exerciseset 
WHERE exerciseset.exercise_id = $1::INTEGER ORDER BY exerciseset.id DESC
2026-05-06 16:49:42,021 - sqlalchemy.engine.Engine - INFO - [generated in 0.00017s] (1,)
2026-05-06 16:49:42,024 - sqlalchemy.engine.Engine - INFO - SELECT planexercise.id, planexercise.plan_id, planexercise.exercise_base_id, planexercise.order_index, planexercise.created_at, base_exercise.name 
FROM planexercise JOIN base_exercise ON planexercise.exercise_base_id = base_exercise.id 
WHERE planexercise.plan_id = $1::INTEGER
2026-05-06 16:49:42,024 - sqlalchemy.engine.Engine - INFO - [cached since 0.007219s ago] (2,)
2026-05-06 16:49:42,025 - sqlalchemy.engine.Engine - INFO - SELECT exerciseset.id, exerciseset.exercise_id, exerciseset.weight, exerciseset.reps, exerciseset.peak_hr, exerciseset.rest_hr, exerciseset.score, exerciseset.created_at 
FROM exerciseset 
WHERE exerciseset.exercise_id = $1::INTEGER ORDER BY exerciseset.id DESC
2026-05-06 16:49:42,025 - sqlalchemy.engine.Engine - INFO - [cached since 0.003619s ago] (2,)
2026-05-06 16:49:42,026 - sqlalchemy.engine.Engine - INFO - SELECT planexercise.id, planexercise.plan_id, planexercise.exercise_base_id, planexercise.order_index, planexercise.created_at, base_exercise.name 
FROM planexercise JOIN base_exercise ON planexercise.exercise_base_id = base_exercise.id 
WHERE planexercise.plan_id = $1::INTEGER
2026-05-06 16:49:42,026 - sqlalchemy.engine.Engine - INFO - [cached since 0.008859s ago] (3,)
2026-05-06 16:49:42,026 - sqlalchemy.engine.Engine - INFO - SELECT exerciseset.id, exerciseset.exercise_id, exerciseset.weight, exerciseset.reps, exerciseset.peak_hr, exerciseset.rest_hr, exerciseset.score, exerciseset.created_at 
FROM exerciseset 
WHERE exerciseset.exercise_id = $1::INTEGER ORDER BY exerciseset.id DESC
2026-05-06 16:49:42,026 - sqlalchemy.engine.Engine - INFO - [cached since 0.005057s ago] (3,)
2026-05-06 16:49:42,027 - sqlalchemy.engine.Engine - INFO - SELECT planexercise.id, planexercise.plan_id, planexercise.exercise_base_id, planexercise.order_index, planexercise.created_at, base_exercise.name 
FROM planexercise JOIN base_exercise ON planexercise.exercise_base_id = base_exercise.id 
WHERE planexercise.plan_id = $1::INTEGER
2026-05-06 16:49:42,027 - sqlalchemy.engine.Engine - INFO - [cached since 0.01025s ago] (4,)
2026-05-06 16:49:42,027 - sqlalchemy.engine.Engine - INFO - SELECT exerciseset.id, exerciseset.exercise_id, exerciseset.weight, exerciseset.reps, exerciseset.peak_hr, exerciseset.rest_hr, exerciseset.score, exerciseset.created_at 
FROM exerciseset 
WHERE exerciseset.exercise_id = $1::INTEGER ORDER BY exerciseset.id DESC
2026-05-06 16:49:42,027 - sqlalchemy.engine.Engine - INFO - [cached since 0.006439s ago] (4,)
2026-05-06 16:49:42,028 - sqlalchemy.engine.Engine - INFO - SELECT planexercise.id, planexercise.plan_id, planexercise.exercise_base_id, planexercise.order_index, planexercise.created_at, base_exercise.name 
FROM planexercise JOIN base_exercise ON planexercise.exercise_base_id = base_exercise.id 
WHERE planexercise.plan_id = $1::INTEGER
2026-05-06 16:49:42,028 - sqlalchemy.engine.Engine - INFO - [cached since 0.01201s ago] (5,)
2026-05-06 16:49:42,030 - sqlalchemy.engine.Engine - INFO - SELECT exerciseset.id, exerciseset.exercise_id, exerciseset.weight, exerciseset.reps, exerciseset.peak_hr, exerciseset.rest_hr, exerciseset.score, exerciseset.created_at 
FROM exerciseset 
WHERE exerciseset.exercise_id = $1::INTEGER ORDER BY exerciseset.id DESC
2026-05-06 16:49:42,030 - sqlalchemy.engine.Engine - INFO - [cached since 0.008844s ago] (5,)
2026-05-06 16:49:42,031 - sqlalchemy.engine.Engine - INFO - SELECT planexercise.id, planexercise.plan_id, planexercise.exercise_base_id, planexercise.order_index, planexercise.created_at, base_exercise.name 
FROM planexercise JOIN base_exercise ON planexercise.exercise_base_id = base_exercise.id 
WHERE planexercise.plan_id = $1::INTEGER
2026-05-06 16:49:42,031 - sqlalchemy.engine.Engine - INFO - [cached since 0.01425s ago] (6,)
2026-05-06 16:49:42,032 - sqlalchemy.engine.Engine - INFO - SELECT exerciseset.id, exerciseset.exercise_id, exerciseset.weight, exerciseset.reps, exerciseset.peak_hr, exerciseset.rest_hr, exerciseset.score, exerciseset.created_at 
FROM exerciseset 
WHERE exerciseset.exercise_id = $1::INTEGER ORDER BY exerciseset.id DESC
2026-05-06 16:49:42,032 - sqlalchemy.engine.Engine - INFO - [cached since 0.0105s ago] (6,)
2026-05-06 16:49:42,033 - sqlalchemy.engine.Engine - INFO - SELECT planexercise.id, planexercise.plan_id, planexercise.exercise_base_id, planexercise.order_index, planexercise.created_at, base_exercise.name 
FROM planexercise JOIN base_exercise ON planexercise.exercise_base_id = base_exercise.id 
WHERE planexercise.plan_id = $1::INTEGER
2026-05-06 16:49:42,033 - sqlalchemy.engine.Engine - INFO - [cached since 0.0157s ago] (7,)
2026-05-06 16:49:42,033 - sqlalchemy.engine.Engine - INFO - SELECT exerciseset.id, exerciseset.exercise_id, exerciseset.weight, exerciseset.reps, exerciseset.peak_hr, exerciseset.rest_hr, exerciseset.score, exerciseset.created_at 
FROM exerciseset 
WHERE exerciseset.exercise_id = $1::INTEGER ORDER BY exerciseset.id DESC
2026-05-06 16:49:42,033 - sqlalchemy.engine.Engine - INFO - [cached since 0.01181s ago] (7,)
2026-05-06 16:49:42,034 - sqlalchemy.engine.Engine - INFO - SELECT planexercise.id, planexercise.plan_id, planexercise.exercise_base_id, planexercise.order_index, planexercise.created_at, base_exercise.name 
FROM planexercise JOIN base_exercise ON planexercise.exercise_base_id = base_exercise.id 
WHERE planexercise.plan_id = $1::INTEGER
2026-05-06 16:49:42,034 - sqlalchemy.engine.Engine - INFO - [cached since 0.01698s ago] (8,)
2026-05-06 16:49:42,035 - sqlalchemy.engine.Engine - INFO - SELECT exerciseset.id, exerciseset.exercise_id, exerciseset.weight, exerciseset.reps, exerciseset.peak_hr, exerciseset.rest_hr, exerciseset.score, exerciseset.created_at 
FROM exerciseset 
WHERE exerciseset.exercise_id = $1::INTEGER ORDER BY exerciseset.id DESC
2026-05-06 16:49:42,035 - sqlalchemy.engine.Engine - INFO - [cached since 0.01307s ago] (8,)
2026-05-06 16:49:42,035 - sqlalchemy.engine.Engine - INFO - SELECT planexercise.id, planexercise.plan_id, planexercise.exercise_base_id, planexercise.order_index, planexercise.created_at, base_exercise.name 
FROM planexercise JOIN base_exercise ON planexercise.exercise_base_id = base_exercise.id 
WHERE planexercise.plan_id = $1::INTEGER
2026-05-06 16:49:42,035 - sqlalchemy.engine.Engine - INFO - [cached since 0.01824s ago] (9,)
2026-05-06 16:49:42,036 - sqlalchemy.engine.Engine - INFO - SELECT exerciseset.id, exerciseset.exercise_id, exerciseset.weight, exerciseset.reps, exerciseset.peak_hr, exerciseset.rest_hr, exerciseset.score, exerciseset.created_at 
FROM exerciseset 
WHERE exerciseset.exercise_id = $1::INTEGER ORDER BY exerciseset.id DESC
2026-05-06 16:49:42,036 - sqlalchemy.engine.Engine - INFO - [cached since 0.01434s ago] (9,)
2026-05-06 16:49:42,037 - sqlalchemy.engine.Engine - INFO - SELECT planexercise.id, planexercise.plan_id, planexercise.exercise_base_id, planexercise.order_index, planexercise.created_at, base_exercise.name 
FROM planexercise JOIN base_exercise ON planexercise.exercise_base_id = base_exercise.id 
WHERE planexercise.plan_id = $1::INTEGER
2026-05-06 16:49:42,037 - sqlalchemy.engine.Engine - INFO - [cached since 0.01962s ago] (10,)
2026-05-06 16:49:42,037 - sqlalchemy.engine.Engine - INFO - SELECT exerciseset.id, exerciseset.exercise_id, exerciseset.weight, exerciseset.reps, exerciseset.peak_hr, exerciseset.rest_hr, exerciseset.score, exerciseset.created_at 
FROM exerciseset 
WHERE exerciseset.exercise_id = $1::INTEGER ORDER BY exerciseset.id DESC
2026-05-06 16:49:42,037 - sqlalchemy.engine.Engine - INFO - [cached since 0.01581s ago] (10,)
2026-05-06 16:49:42,038 - sqlalchemy.engine.Engine - INFO - SELECT exerciseset.id, exerciseset.exercise_id, exerciseset.weight, exerciseset.reps, exerciseset.peak_hr, exerciseset.rest_hr, exerciseset.score, exerciseset.created_at 
FROM exerciseset 
WHERE exerciseset.exercise_id = $1::INTEGER ORDER BY exerciseset.id DESC
2026-05-06 16:49:42,038 - sqlalchemy.engine.Engine - INFO - [cached since 0.01641s ago] (11,)
2026-05-06 16:49:42,039 - sqlalchemy.engine.Engine - INFO - SELECT planexercise.id, planexercise.plan_id, planexercise.exercise_base_id, planexercise.order_index, planexercise.created_at, base_exercise.name 
FROM planexercise JOIN base_exercise ON planexercise.exercise_base_id = base_exercise.id 
WHERE planexercise.plan_id = $1::INTEGER
2026-05-06 16:49:42,039 - sqlalchemy.engine.Engine - INFO - [cached since 0.02156s ago] (11,)
2026-05-06 16:49:42,039 - sqlalchemy.engine.Engine - INFO - SELECT exerciseset.id, exerciseset.exercise_id, exerciseset.weight, exerciseset.reps, exerciseset.peak_hr, exerciseset.rest_hr, exerciseset.score, exerciseset.created_at 
FROM exerciseset 
WHERE exerciseset.exercise_id = $1::INTEGER ORDER BY exerciseset.id DESC
2026-05-06 16:49:42,039 - sqlalchemy.engine.Engine - INFO - [cached since 0.01776s ago] (12,)
2026-05-06 16:49:42,040 - sqlalchemy.engine.Engine - INFO - SELECT exerciseset.id, exerciseset.exercise_id, exerciseset.weight, exerciseset.reps, exerciseset.peak_hr, exerciseset.rest_hr, exerciseset.score, exerciseset.created_at 
FROM exerciseset 
WHERE exerciseset.exercise_id = $1::INTEGER ORDER BY exerciseset.id DESC
2026-05-06 16:49:42,040 - sqlalchemy.engine.Engine - INFO - [cached since 0.01836s ago] (13,)
2026-05-06 16:49:42,040 - sqlalchemy.engine.Engine - INFO - SELECT planexercise.id, planexercise.plan_id, planexercise.exercise_base_id, planexercise.order_index, planexercise.created_at, base_exercise.name 
FROM planexercise JOIN base_exercise ON planexercise.exercise_base_id = base_exercise.id 
WHERE planexercise.plan_id = $1::INTEGER
2026-05-06 16:49:42,041 - sqlalchemy.engine.Engine - INFO - [cached since 0.02348s ago] (12,)
2026-05-06 16:49:42,041 - sqlalchemy.engine.Engine - INFO - SELECT exerciseset.id, exerciseset.exercise_id, exerciseset.weight, exerciseset.reps, exerciseset.peak_hr, exerciseset.rest_hr, exerciseset.score, exerciseset.created_at 
FROM exerciseset 
WHERE exerciseset.exercise_id = $1::INTEGER ORDER BY exerciseset.id DESC
2026-05-06 16:49:42,041 - sqlalchemy.engine.Engine - INFO - [cached since 0.01961s ago] (14,)
2026-05-06 16:49:42,042 - sqlalchemy.engine.Engine - INFO - SELECT exerciseset.id, exerciseset.exercise_id, exerciseset.weight, exerciseset.reps, exerciseset.peak_hr, exerciseset.rest_hr, exerciseset.score, exerciseset.created_at 
FROM exerciseset 
WHERE exerciseset.exercise_id = $1::INTEGER ORDER BY exerciseset.id DESC
2026-05-06 16:49:42,042 - sqlalchemy.engine.Engine - INFO - [cached since 0.02022s ago] (15,)
2026-05-06 16:49:42,042 - sqlalchemy.engine.Engine - INFO - SELECT planexercise.id, planexercise.plan_id, planexercise.exercise_base_id, planexercise.order_index, planexercise.created_at, base_exercise.name 
FROM planexercise JOIN base_exercise ON planexercise.exercise_base_id = base_exercise.id 
WHERE planexercise.plan_id = $1::INTEGER
2026-05-06 16:49:42,042 - sqlalchemy.engine.Engine - INFO - [cached since 0.02535s ago] (13,)
2026-05-06 16:49:42,043 - sqlalchemy.engine.Engine - INFO - SELECT exerciseset.id, exerciseset.exercise_id, exerciseset.weight, exerciseset.reps, exerciseset.peak_hr, exerciseset.rest_hr, exerciseset.score, exerciseset.created_at 
FROM exerciseset 
WHERE exerciseset.exercise_id = $1::INTEGER ORDER BY exerciseset.id DESC
2026-05-06 16:49:42,043 - sqlalchemy.engine.Engine - INFO - [cached since 0.02145s ago] (17,)
2026-05-06 16:49:42,044 - sqlalchemy.engine.Engine - INFO - SELECT exerciseset.id, exerciseset.exercise_id, exerciseset.weight, exerciseset.reps, exerciseset.peak_hr, exerciseset.rest_hr, exerciseset.score, exerciseset.created_at 
FROM exerciseset 
WHERE exerciseset.exercise_id = $1::INTEGER ORDER BY exerciseset.id DESC
2026-05-06 16:49:42,044 - sqlalchemy.engine.Engine - INFO - [cached since 0.02228s ago] (16,)
2026-05-06 16:49:42,045 - sqlalchemy.engine.Engine - INFO - SELECT planexercise.id, planexercise.plan_id, planexercise.exercise_base_id, planexercise.order_index, planexercise.created_at, base_exercise.name 
FROM planexercise JOIN base_exercise ON planexercise.exercise_base_id = base_exercise.id 
WHERE planexercise.plan_id = $1::INTEGER
2026-05-06 16:49:42,045 - sqlalchemy.engine.Engine - INFO - [cached since 0.02764s ago] (14,)
2026-05-06 16:49:42,045 - sqlalchemy.engine.Engine - INFO - SELECT exerciseset.id, exerciseset.exercise_id, exerciseset.weight, exerciseset.reps, exerciseset.peak_hr, exerciseset.rest_hr, exerciseset.score, exerciseset.created_at 
FROM exerciseset 
WHERE exerciseset.exercise_id = $1::INTEGER ORDER BY exerciseset.id DESC
2026-05-06 16:49:42,045 - sqlalchemy.engine.Engine - INFO - [cached since 0.02381s ago] (18,)
2026-05-06 16:49:42,046 - sqlalchemy.engine.Engine - INFO - SELECT exerciseset.id, exerciseset.exercise_id, exerciseset.weight, exerciseset.reps, exerciseset.peak_hr, exerciseset.rest_hr, exerciseset.score, exerciseset.created_at 
FROM exerciseset 
WHERE exerciseset.exercise_id = $1::INTEGER ORDER BY exerciseset.id DESC
2026-05-06 16:49:42,046 - sqlalchemy.engine.Engine - INFO - [cached since 0.0244s ago] (19,)
2026-05-06 16:49:42,047 - sqlalchemy.engine.Engine - INFO - SELECT planexercise.id, planexercise.plan_id, planexercise.exercise_base_id, planexercise.order_index, planexercise.created_at, base_exercise.name 
FROM planexercise JOIN base_exercise ON planexercise.exercise_base_id = base_exercise.id 
WHERE planexercise.plan_id = $1::INTEGER
2026-05-06 16:49:42,047 - sqlalchemy.engine.Engine - INFO - [cached since 0.02952s ago] (15,)
2026-05-06 16:49:42,047 - sqlalchemy.engine.Engine - INFO - SELECT exerciseset.id, exerciseset.exercise_id, exerciseset.weight, exerciseset.reps, exerciseset.peak_hr, exerciseset.rest_hr, exerciseset.score, exerciseset.created_at 
FROM exerciseset 
WHERE exerciseset.exercise_id = $1::INTEGER ORDER BY exerciseset.id DESC
2026-05-06 16:49:42,047 - sqlalchemy.engine.Engine - INFO - [cached since 0.02563s ago] (21,)
2026-05-06 16:49:42,048 - sqlalchemy.engine.Engine - INFO - SELECT exerciseset.id, exerciseset.exercise_id, exerciseset.weight, exerciseset.reps, exerciseset.peak_hr, exerciseset.rest_hr, exerciseset.score, exerciseset.created_at 
FROM exerciseset 
WHERE exerciseset.exercise_id = $1::INTEGER ORDER BY exerciseset.id DESC
2026-05-06 16:49:42,048 - sqlalchemy.engine.Engine - INFO - [cached since 0.02619s ago] (20,)
2026-05-06 16:49:42,048 - sqlalchemy.engine.Engine - INFO - SELECT planexercise.id, planexercise.plan_id, planexercise.exercise_base_id, planexercise.order_index, planexercise.created_at, base_exercise.name 
FROM planexercise JOIN base_exercise ON planexercise.exercise_base_id = base_exercise.id 
WHERE planexercise.plan_id = $1::INTEGER
2026-05-06 16:49:42,048 - sqlalchemy.engine.Engine - INFO - [cached since 0.03132s ago] (16,)
2026-05-06 16:49:42,049 - sqlalchemy.engine.Engine - INFO - SELECT exerciseset.id, exerciseset.exercise_id, exerciseset.weight, exerciseset.reps, exerciseset.peak_hr, exerciseset.rest_hr, exerciseset.score, exerciseset.created_at 
FROM exerciseset 
WHERE exerciseset.exercise_id = $1::INTEGER ORDER BY exerciseset.id DESC
2026-05-06 16:49:42,049 - sqlalchemy.engine.Engine - INFO - [cached since 0.02741s ago] (22,)
2026-05-06 16:49:42,049 - sqlalchemy.engine.Engine - INFO - SELECT exerciseset.id, exerciseset.exercise_id, exerciseset.weight, exerciseset.reps, exerciseset.peak_hr, exerciseset.rest_hr, exerciseset.score, exerciseset.created_at 
FROM exerciseset 
WHERE exerciseset.exercise_id = $1::INTEGER ORDER BY exerciseset.id DESC
2026-05-06 16:49:42,050 - sqlalchemy.engine.Engine - INFO - [cached since 0.02799s ago] (23,)
2026-05-06 16:49:42,050 - sqlalchemy.engine.Engine - INFO - SELECT planexercise.id, planexercise.plan_id, planexercise.exercise_base_id, planexercise.order_index, planexercise.created_at, base_exercise.name 
FROM planexercise JOIN base_exercise ON planexercise.exercise_base_id = base_exercise.id 
WHERE planexercise.plan_id = $1::INTEGER
2026-05-06 16:49:42,050 - sqlalchemy.engine.Engine - INFO - [cached since 0.03316s ago] (17,)
2026-05-06 16:49:42,051 - sqlalchemy.engine.Engine - INFO - SELECT exerciseset.id, exerciseset.exercise_id, exerciseset.weight, exerciseset.reps, exerciseset.peak_hr, exerciseset.rest_hr, exerciseset.score, exerciseset.created_at 
FROM exerciseset 
WHERE exerciseset.exercise_id = $1::INTEGER ORDER BY exerciseset.id DESC
2026-05-06 16:49:42,051 - sqlalchemy.engine.Engine - INFO - [cached since 0.02944s ago] (25,)
2026-05-06 16:49:42,052 - sqlalchemy.engine.Engine - INFO - SELECT exerciseset.id, exerciseset.exercise_id, exerciseset.weight, exerciseset.reps, exerciseset.peak_hr, exerciseset.rest_hr, exerciseset.score, exerciseset.created_at 
FROM exerciseset 
WHERE exerciseset.exercise_id = $1::INTEGER ORDER BY exerciseset.id DESC
2026-05-06 16:49:42,052 - sqlalchemy.engine.Engine - INFO - [cached since 0.03003s ago] (24,)
2026-05-06 16:49:42,052 - sqlalchemy.engine.Engine - INFO - SELECT planexercise.id, planexercise.plan_id, planexercise.exercise_base_id, planexercise.order_index, planexercise.created_at, base_exercise.name 
FROM planexercise JOIN base_exercise ON planexercise.exercise_base_id = base_exercise.id 
WHERE planexercise.plan_id = $1::INTEGER
2026-05-06 16:49:42,052 - sqlalchemy.engine.Engine - INFO - [cached since 0.0352s ago] (18,)
2026-05-06 16:49:42,053 - sqlalchemy.engine.Engine - INFO - SELECT exerciseset.id, exerciseset.exercise_id, exerciseset.weight, exerciseset.reps, exerciseset.peak_hr, exerciseset.rest_hr, exerciseset.score, exerciseset.created_at 
FROM exerciseset 
WHERE exerciseset.exercise_id = $1::INTEGER ORDER BY exerciseset.id DESC
2026-05-06 16:49:42,053 - sqlalchemy.engine.Engine - INFO - [cached since 0.0313s ago] (26,)
2026-05-06 16:49:42,053 - sqlalchemy.engine.Engine - INFO - SELECT exerciseset.id, exerciseset.exercise_id, exerciseset.weight, exerciseset.reps, exerciseset.peak_hr, exerciseset.rest_hr, exerciseset.score, exerciseset.created_at 
FROM exerciseset 
WHERE exerciseset.exercise_id = $1::INTEGER ORDER BY exerciseset.id DESC
2026-05-06 16:49:42,054 - sqlalchemy.engine.Engine - INFO - [cached since 0.03193s ago] (27,)
2026-05-06 16:49:42,054 - sqlalchemy.engine.Engine - INFO - SELECT planexercise.id, planexercise.plan_id, planexercise.exercise_base_id, planexercise.order_index, planexercise.created_at, base_exercise.name 
FROM planexercise JOIN base_exercise ON planexercise.exercise_base_id = base_exercise.id 
WHERE planexercise.plan_id = $1::INTEGER
2026-05-06 16:49:42,054 - sqlalchemy.engine.Engine - INFO - [cached since 0.03705s ago] (19,)
2026-05-06 16:49:42,055 - sqlalchemy.engine.Engine - INFO - SELECT exerciseset.id, exerciseset.exercise_id, exerciseset.weight, exerciseset.reps, exerciseset.peak_hr, exerciseset.rest_hr, exerciseset.score, exerciseset.created_at 
FROM exerciseset 
WHERE exerciseset.exercise_id = $1::INTEGER ORDER BY exerciseset.id DESC
2026-05-06 16:49:42,055 - sqlalchemy.engine.Engine - INFO - [cached since 0.03312s ago] (28,)
2026-05-06 16:49:42,055 - sqlalchemy.engine.Engine - INFO - SELECT planexercise.id, planexercise.plan_id, planexercise.exercise_base_id, planexercise.order_index, planexercise.created_at, base_exercise.name 
FROM planexercise JOIN base_exercise ON planexercise.exercise_base_id = base_exercise.id 
WHERE planexercise.plan_id = $1::INTEGER
2026-05-06 16:49:42,055 - sqlalchemy.engine.Engine - INFO - [cached since 0.03826s ago] (20,)
2026-05-06 16:49:42,056 - sqlalchemy.engine.Engine - INFO - SELECT exerciseset.id, exerciseset.exercise_id, exerciseset.weight, exerciseset.reps, exerciseset.peak_hr, exerciseset.rest_hr, exerciseset.score, exerciseset.created_at 
FROM exerciseset 
WHERE exerciseset.exercise_id = $1::INTEGER ORDER BY exerciseset.id DESC
2026-05-06 16:49:42,056 - sqlalchemy.engine.Engine - INFO - [cached since 0.03435s ago] (29,)
2026-05-06 16:49:42,056 - sqlalchemy.engine.Engine - INFO - SELECT planexercise.id, planexercise.plan_id, planexercise.exercise_base_id, planexercise.order_index, planexercise.created_at, base_exercise.name 
FROM planexercise JOIN base_exercise ON planexercise.exercise_base_id = base_exercise.id 
WHERE planexercise.plan_id = $1::INTEGER
2026-05-06 16:49:42,057 - sqlalchemy.engine.Engine - INFO - [cached since 0.03949s ago] (21,)
2026-05-06 16:49:42,057 - sqlalchemy.engine.Engine - INFO - SELECT exerciseset.id, exerciseset.exercise_id, exerciseset.weight, exerciseset.reps, exerciseset.peak_hr, exerciseset.rest_hr, exerciseset.score, exerciseset.created_at 
FROM exerciseset 
WHERE exerciseset.exercise_id = $1::INTEGER ORDER BY exerciseset.id DESC
2026-05-06 16:49:42,057 - sqlalchemy.engine.Engine - INFO - [cached since 0.03564s ago] (30,)
2026-05-06 16:49:42,058 - sqlalchemy.engine.Engine - INFO - SELECT planexercise.id, planexercise.plan_id, planexercise.exercise_base_id, planexercise.order_index, planexercise.created_at, base_exercise.name 
FROM planexercise JOIN base_exercise ON planexercise.exercise_base_id = base_exercise.id 
WHERE planexercise.plan_id = $1::INTEGER
2026-05-06 16:49:42,058 - sqlalchemy.engine.Engine - INFO - [cached since 0.04095s ago] (22,)
2026-05-06 16:49:42,058 - sqlalchemy.engine.Engine - INFO - SELECT exerciseset.id, exerciseset.exercise_id, exerciseset.weight, exerciseset.reps, exerciseset.peak_hr, exerciseset.rest_hr, exerciseset.score, exerciseset.created_at 
FROM exerciseset 
WHERE exerciseset.exercise_id = $1::INTEGER ORDER BY exerciseset.id DESC
2026-05-06 16:49:42,059 - sqlalchemy.engine.Engine - INFO - [cached since 0.0371s ago] (31,)
2026-05-06 16:49:42,059 - sqlalchemy.engine.Engine - INFO - SELECT planexercise.id, planexercise.plan_id, planexercise.exercise_base_id, planexercise.order_index, planexercise.created_at, base_exercise.name 
FROM planexercise JOIN base_exercise ON planexercise.exercise_base_id = base_exercise.id 
WHERE planexercise.plan_id = $1::INTEGER
2026-05-06 16:49:42,059 - sqlalchemy.engine.Engine - INFO - [cached since 0.04237s ago] (23,)
2026-05-06 16:49:42,059 - sqlalchemy.engine.Engine - INFO - SELECT exerciseset.id, exerciseset.exercise_id, exerciseset.weight, exerciseset.reps, exerciseset.peak_hr, exerciseset.rest_hr, exerciseset.score, exerciseset.created_at 
FROM exerciseset 
WHERE exerciseset.exercise_id = $1::INTEGER ORDER BY exerciseset.id DESC
2026-05-06 16:49:42,059 - sqlalchemy.engine.Engine - INFO - [cached since 0.03855s ago] (32,)
2026-05-06 16:49:42,061 - sqlalchemy.engine.Engine - INFO - SELECT exerciseset.id, exerciseset.exercise_id, exerciseset.weight, exerciseset.reps, exerciseset.peak_hr, exerciseset.rest_hr, exerciseset.score, exerciseset.created_at 
FROM exerciseset 
WHERE exerciseset.exercise_id = $1::INTEGER ORDER BY exerciseset.id DESC
2026-05-06 16:49:42,061 - sqlalchemy.engine.Engine - INFO - [cached since 0.03919s ago] (33,)
2026-05-06 16:49:42,061 - sqlalchemy.engine.Engine - INFO - SELECT planexercise.id, planexercise.plan_id, planexercise.exercise_base_id, planexercise.order_index, planexercise.created_at, base_exercise.name 
FROM planexercise JOIN base_exercise ON planexercise.exercise_base_id = base_exercise.id 
WHERE planexercise.plan_id = $1::INTEGER
2026-05-06 16:49:42,062 - sqlalchemy.engine.Engine - INFO - [cached since 0.04433s ago] (24,)
2026-05-06 16:49:42,062 - sqlalchemy.engine.Engine - INFO - SELECT exerciseset.id, exerciseset.exercise_id, exerciseset.weight, exerciseset.reps, exerciseset.peak_hr, exerciseset.rest_hr, exerciseset.score, exerciseset.created_at 
FROM exerciseset 
WHERE exerciseset.exercise_id = $1::INTEGER ORDER BY exerciseset.id DESC
2026-05-06 16:49:42,062 - sqlalchemy.engine.Engine - INFO - [cached since 0.04042s ago] (34,)
2026-05-06 16:49:42,063 - sqlalchemy.engine.Engine - INFO - SELECT planexercise.id, planexercise.plan_id, planexercise.exercise_base_id, planexercise.order_index, planexercise.created_at, base_exercise.name 
FROM planexercise JOIN base_exercise ON planexercise.exercise_base_id = base_exercise.id 
WHERE planexercise.plan_id = $1::INTEGER
2026-05-06 16:49:42,063 - sqlalchemy.engine.Engine - INFO - [cached since 0.04555s ago] (25,)
2026-05-06 16:49:42,063 - sqlalchemy.engine.Engine - INFO - SELECT exerciseset.id, exerciseset.exercise_id, exerciseset.weight, exerciseset.reps, exerciseset.peak_hr, exerciseset.rest_hr, exerciseset.score, exerciseset.created_at 
FROM exerciseset 
WHERE exerciseset.exercise_id = $1::INTEGER ORDER BY exerciseset.id DESC
2026-05-06 16:49:42,063 - sqlalchemy.engine.Engine - INFO - [cached since 0.04166s ago] (35,)
2026-05-06 16:49:42,064 - sqlalchemy.engine.Engine - INFO - SELECT planexercise.id, planexercise.plan_id, planexercise.exercise_base_id, planexercise.order_index, planexercise.created_at, base_exercise.name 
FROM planexercise JOIN base_exercise ON planexercise.exercise_base_id = base_exercise.id 
WHERE planexercise.plan_id = $1::INTEGER
2026-05-06 16:49:42,064 - sqlalchemy.engine.Engine - INFO - [cached since 0.04716s ago] (26,)
2026-05-06 16:49:42,065 - sqlalchemy.engine.Engine - INFO - SELECT exerciseset.id, exerciseset.exercise_id, exerciseset.weight, exerciseset.reps, exerciseset.peak_hr, exerciseset.rest_hr, exerciseset.score, exerciseset.created_at 
FROM exerciseset 
WHERE exerciseset.exercise_id = $1::INTEGER ORDER BY exerciseset.id DESC
2026-05-06 16:49:42,066 - sqlalchemy.engine.Engine - INFO - [cached since 0.04377s ago] (36,)
2026-05-06 16:49:42,066 - sqlalchemy.engine.Engine - INFO - SELECT planexercise.id, planexercise.plan_id, planexercise.exercise_base_id, planexercise.order_index, planexercise.created_at, base_exercise.name 
FROM planexercise JOIN base_exercise ON planexercise.exercise_base_id = base_exercise.id 
WHERE planexercise.plan_id = $1::INTEGER
2026-05-06 16:49:42,066 - sqlalchemy.engine.Engine - INFO - [cached since 0.04897s ago] (27,)
2026-05-06 16:49:42,067 - sqlalchemy.engine.Engine - INFO - SELECT exerciseset.id, exerciseset.exercise_id, exerciseset.weight, exerciseset.reps, exerciseset.peak_hr, exerciseset.rest_hr, exerciseset.score, exerciseset.created_at 
FROM exerciseset 
WHERE exerciseset.exercise_id = $1::INTEGER ORDER BY exerciseset.id DESC
2026-05-06 16:49:42,067 - sqlalchemy.engine.Engine - INFO - [cached since 0.04508s ago] (37,)
2026-05-06 16:49:42,067 - sqlalchemy.engine.Engine - INFO - SELECT planexercise.id, planexercise.plan_id, planexercise.exercise_base_id, planexercise.order_index, planexercise.created_at, base_exercise.name 
FROM planexercise JOIN base_exercise ON planexercise.exercise_base_id = base_exercise.id 
WHERE planexercise.plan_id = $1::INTEGER
2026-05-06 16:49:42,067 - sqlalchemy.engine.Engine - INFO - [cached since 0.05027s ago] (28,)
2026-05-06 16:49:42,068 - sqlalchemy.engine.Engine - INFO - SELECT exerciseset.id, exerciseset.exercise_id, exerciseset.weight, exerciseset.reps, exerciseset.peak_hr, exerciseset.rest_hr, exerciseset.score, exerciseset.created_at 
FROM exerciseset 
WHERE exerciseset.exercise_id = $1::INTEGER ORDER BY exerciseset.id DESC
2026-05-06 16:49:42,068 - sqlalchemy.engine.Engine - INFO - [cached since 0.0464s ago] (38,)
2026-05-06 16:49:42,069 - sqlalchemy.engine.Engine - INFO - SELECT planexercise.id, planexercise.plan_id, planexercise.exercise_base_id, planexercise.order_index, planexercise.created_at, base_exercise.name 
FROM planexercise JOIN base_exercise ON planexercise.exercise_base_id = base_exercise.id 
WHERE planexercise.plan_id = $1::INTEGER
2026-05-06 16:49:42,069 - sqlalchemy.engine.Engine - INFO - [cached since 0.05152s ago] (29,)
2026-05-06 16:49:42,069 - sqlalchemy.engine.Engine - INFO - SELECT exerciseset.id, exerciseset.exercise_id, exerciseset.weight, exerciseset.reps, exerciseset.peak_hr, exerciseset.rest_hr, exerciseset.score, exerciseset.created_at 
FROM exerciseset 
WHERE exerciseset.exercise_id = $1::INTEGER ORDER BY exerciseset.id DESC
2026-05-06 16:49:42,069 - sqlalchemy.engine.Engine - INFO - [cached since 0.04763s ago] (39,)
2026-05-06 16:49:42,070 - sqlalchemy.engine.Engine - INFO - ROLLBACK
2026-05-06 16:49:47,210 - sqlalchemy.engine.Engine - INFO - BEGIN (implicit)
2026-05-06 16:49:47,211 - sqlalchemy.engine.Engine - INFO - INSERT INTO workoutplan (session_id, plan_name, created_at) VALUES ($1::VARCHAR, $2::VARCHAR, $3::TIMESTAMP WITHOUT TIME ZONE) RETURNING workoutplan.id
2026-05-06 16:49:47,211 - sqlalchemy.engine.Engine - INFO - [generated in 0.00018s] ('12A3C', '胸部训练', datetime.datetime(2026, 5, 6, 16, 49, 47, 209765))
2026-05-06 16:49:47,213 - sqlalchemy.engine.Engine - INFO - COMMIT
2026-05-06 16:49:47,216 - sqlalchemy.engine.Engine - INFO - BEGIN (implicit)
2026-05-06 16:49:47,216 - sqlalchemy.engine.Engine - INFO - SELECT workoutplan.id, workoutplan.session_id, workoutplan.plan_name, workoutplan.created_at 
FROM workoutplan 
WHERE workoutplan.id = $1::INTEGER
2026-05-06 16:49:47,216 - sqlalchemy.engine.Engine - INFO - [generated in 0.00018s] (30,)
2026-05-06 16:49:47,219 - sqlalchemy.engine.Engine - INFO - ROLLBACK
2026-05-06 16:49:47,234 - sqlalchemy.engine.Engine - INFO - BEGIN (implicit)
2026-05-06 16:49:47,235 - sqlalchemy.engine.Engine - INFO - 
                SELECT DISTINCT muscle 
                FROM (
                    SELECT jsonb_array_elements_text(primary_muscles) as muscle FROM base_exercise
                    UNION
                    SELECT jsonb_array_elements_text(secondary_muscles) as muscle FROM base_exercise
                ) as combined_muscles
                WHERE muscle IS NOT NULL
                ORDER BY muscle;
            
2026-05-06 16:49:47,235 - sqlalchemy.engine.Engine - INFO - [generated in 0.00025s] ()
2026-05-06 16:49:47,237 - sqlalchemy.engine.Engine - INFO - ROLLBACK
2026-05-06 16:49:47,243 - sqlalchemy.engine.Engine - INFO - BEGIN (implicit)
2026-05-06 16:49:47,243 - sqlalchemy.engine.Engine - INFO - 
                SELECT DISTINCT muscle 
                FROM (
                    SELECT jsonb_array_elements_text(primary_muscles) as muscle FROM base_exercise
                    UNION
                    SELECT jsonb_array_elements_text(secondary_muscles) as muscle FROM base_exercise
                ) as combined_muscles
                WHERE muscle IS NOT NULL
                ORDER BY muscle;
            
2026-05-06 16:49:47,243 - sqlalchemy.engine.Engine - INFO - [cached since 0.00876s ago] ()
2026-05-06 16:49:47,244 - sqlalchemy.engine.Engine - INFO - ROLLBACK
2026-05-06 16:49:50,934 - sqlalchemy.engine.Engine - INFO - BEGIN (implicit)
2026-05-06 16:49:50,936 - sqlalchemy.engine.Engine - INFO - SELECT base_exercise.id, base_exercise.name, base_exercise.force, base_exercise.level, base_exercise.mechanic, base_exercise.equipment, base_exercise.category, base_exercise.primary_muscles, base_exercise.secondary_muscles, base_exercise.instructions, base_exercise.images 
FROM base_exercise 
WHERE (base_exercise.primary_muscles @> $1::JSONB) OR (base_exercise.secondary_muscles @> $2::JSONB)
2026-05-06 16:49:50,936 - sqlalchemy.engine.Engine - INFO - [generated in 0.00028s] ('["\\u80f8\\u808c"]', '["\\u80f8\\u808c"]')
2026-05-06 16:49:50,938 - sqlalchemy.engine.Engine - INFO - ROLLBACK
2026-05-06 16:49:50,944 - sqlalchemy.engine.Engine - INFO - BEGIN (implicit)
2026-05-06 16:49:50,944 - sqlalchemy.engine.Engine - INFO - SELECT base_exercise.id, base_exercise.name, base_exercise.force, base_exercise.level, base_exercise.mechanic, base_exercise.equipment, base_exercise.category, base_exercise.primary_muscles, base_exercise.secondary_muscles, base_exercise.instructions, base_exercise.images 
FROM base_exercise 
WHERE (base_exercise.primary_muscles @> $1::JSONB) OR (base_exercise.secondary_muscles @> $2::JSONB)
2026-05-06 16:49:50,944 - sqlalchemy.engine.Engine - INFO - [cached since 0.009041s ago] ('["\\u80f8\\u808c"]', '["\\u80f8\\u808c"]')
2026-05-06 16:49:50,946 - sqlalchemy.engine.Engine - INFO - ROLLBACK
2026-05-06 16:49:58,837 - sqlalchemy.engine.Engine - INFO - BEGIN (implicit)
2026-05-06 16:49:58,838 - sqlalchemy.engine.Engine - INFO - INSERT INTO planexercise (plan_id, exercise_base_id, order_index, created_at) VALUES ($1::INTEGER, $2::VARCHAR, $3::INTEGER, $4::TIMESTAMP WITHOUT TIME ZONE) RETURNING planexercise.id
2026-05-06 16:49:58,838 - sqlalchemy.engine.Engine - INFO - [generated in 0.00018s] (30, 'Pushups', None, datetime.datetime(2026, 5, 6, 16, 49, 58, 835812))
2026-05-06 16:49:58,840 - sqlalchemy.engine.Engine - INFO - COMMIT
2026-05-06 16:49:58,840 - sqlalchemy.engine.Engine - INFO - BEGIN (implicit)
2026-05-06 16:49:58,841 - sqlalchemy.engine.Engine - INFO - SELECT planexercise.id, planexercise.plan_id, planexercise.exercise_base_id, planexercise.order_index, planexercise.created_at 
FROM planexercise 
WHERE planexercise.id = $1::INTEGER
2026-05-06 16:49:58,841 - sqlalchemy.engine.Engine - INFO - [generated in 0.00019s] (40,)
2026-05-06 16:49:58,843 - sqlalchemy.engine.Engine - INFO - ROLLBACK
2026-05-06 16:49:58,853 - sqlalchemy.engine.Engine - INFO - BEGIN (implicit)
2026-05-06 16:49:58,853 - sqlalchemy.engine.Engine - INFO - INSERT INTO planexercise (plan_id, exercise_base_id, order_index, created_at) VALUES ($1::INTEGER, $2::VARCHAR, $3::INTEGER, $4::TIMESTAMP WITHOUT TIME ZONE) RETURNING planexercise.id
2026-05-06 16:49:58,854 - sqlalchemy.engine.Engine - INFO - [cached since 0.01674s ago] (30, 'Close-Grip_Barbell_Bench_Press', None, datetime.datetime(2026, 5, 6, 16, 49, 58, 853825))
2026-05-06 16:49:58,855 - sqlalchemy.engine.Engine - INFO - COMMIT
2026-05-06 16:49:58,856 - sqlalchemy.engine.Engine - INFO - BEGIN (implicit)
2026-05-06 16:49:58,856 - sqlalchemy.engine.Engine - INFO - SELECT planexercise.id, planexercise.plan_id, planexercise.exercise_base_id, planexercise.order_index, planexercise.created_at 
FROM planexercise 
WHERE planexercise.id = $1::INTEGER
2026-05-06 16:49:58,856 - sqlalchemy.engine.Engine - INFO - [cached since 0.01558s ago] (41,)
2026-05-06 16:49:58,858 - sqlalchemy.engine.Engine - INFO - ROLLBACK
2026-05-06 16:50:04,706 - httpx - INFO - HTTP Request: GET https://rest.hyperate.io/12A3C "HTTP/1.1 200 OK"
2026-05-06 16:50:06,936 - httpx - INFO - HTTP Request: GET https://rest.hyperate.io/12A3C "HTTP/1.1 200 OK"
2026-05-06 16:50:09,163 - httpx - INFO - HTTP Request: GET https://rest.hyperate.io/12A3C "HTTP/1.1 200 OK"
2026-05-06 16:50:11,382 - httpx - INFO - HTTP Request: GET https://rest.hyperate.io/12A3C "HTTP/1.1 200 OK"
2026-05-06 16:50:13,604 - httpx - INFO - HTTP Request: GET https://rest.hyperate.io/12A3C "HTTP/1.1 200 OK"
2026-05-06 16:50:15,835 - httpx - INFO - HTTP Request: GET https://rest.hyperate.io/12A3C "HTTP/1.1 200 OK"
2026-05-06 16:50:18,053 - httpx - INFO - HTTP Request: GET https://rest.hyperate.io/12A3C "HTTP/1.1 200 OK"
2026-05-06 16:50:20,258 - httpx - INFO - HTTP Request: GET https://rest.hyperate.io/12A3C "HTTP/1.1 200 OK"
2026-05-06 16:50:22,503 - httpx - INFO - HTTP Request: GET https://rest.hyperate.io/12A3C "HTTP/1.1 200 OK"
2026-05-06 16:50:24,724 - httpx - INFO - HTTP Request: GET https://rest.hyperate.io/12A3C "HTTP/1.1 200 OK"
2026-05-06 16:50:26,969 - httpx - INFO - HTTP Request: GET https://rest.hyperate.io/12A3C "HTTP/1.1 200 OK"
2026-05-06 16:50:29,188 - httpx - INFO - HTTP Request: GET https://rest.hyperate.io/12A3C "HTTP/1.1 200 OK"
2026-05-06 16:50:31,395 - httpx - INFO - HTTP Request: GET https://rest.hyperate.io/12A3C "HTTP/1.1 200 OK"
2026-05-06 16:50:33,615 - httpx - INFO - HTTP Request: GET https://rest.hyperate.io/12A3C "HTTP/1.1 200 OK"
2026-05-06 16:50:35,835 - httpx - INFO - HTTP Request: GET https://rest.hyperate.io/12A3C "HTTP/1.1 200 OK"
2026-05-06 16:50:38,022 - httpx - INFO - HTTP Request: GET https://rest.hyperate.io/12A3C "HTTP/1.1 200 OK"
2026-05-06 16:50:40,251 - httpx - INFO - HTTP Request: GET https://rest.hyperate.io/12A3C "HTTP/1.1 200 OK"
2026-05-06 16:50:42,470 - httpx - INFO - HTTP Request: GET https://rest.hyperate.io/12A3C "HTTP/1.1 200 OK"
2026-05-06 16:50:44,694 - httpx - INFO - HTTP Request: GET https://rest.hyperate.io/12A3C "HTTP/1.1 200 OK"
2026-05-06 16:50:46,920 - httpx - INFO - HTTP Request: GET https://rest.hyperate.io/12A3C "HTTP/1.1 200 OK"
2026-05-06 16:50:49,143 - httpx - INFO - HTTP Request: GET https://rest.hyperate.io/12A3C "HTTP/1.1 200 OK"
2026-05-06 16:50:51,373 - httpx - INFO - HTTP Request: GET https://rest.hyperate.io/12A3C "HTTP/1.1 200 OK"
2026-05-06 16:50:53,612 - httpx - INFO - HTTP Request: GET https://rest.hyperate.io/12A3C "HTTP/1.1 200 OK"
2026-05-06 16:50:55,845 - httpx - INFO - HTTP Request: GET https://rest.hyperate.io/12A3C "HTTP/1.1 200 OK"
2026-05-06 16:50:58,062 - httpx - INFO - HTTP Request: GET https://rest.hyperate.io/12A3C "HTTP/1.1 200 OK"
2026-05-06 16:51:00,290 - httpx - INFO - HTTP Request: GET https://rest.hyperate.io/12A3C "HTTP/1.1 200 OK"
2026-05-06 16:51:02,516 - httpx - INFO - HTTP Request: GET https://rest.hyperate.io/12A3C "HTTP/1.1 200 OK"
2026-05-06 16:51:04,741 - httpx - INFO - HTTP Request: GET https://rest.hyperate.io/12A3C "HTTP/1.1 200 OK"
2026-05-06 16:51:06,961 - httpx - INFO - HTTP Request: GET https://rest.hyperate.io/12A3C "HTTP/1.1 200 OK"
2026-05-06 16:51:09,185 - httpx - INFO - HTTP Request: GET https://rest.hyperate.io/12A3C "HTTP/1.1 200 OK"
2026-05-06 16:51:11,425 - httpx - INFO - HTTP Request: GET https://rest.hyperate.io/12A3C "HTTP/1.1 200 OK"
2026-05-06 16:51:13,626 - httpx - INFO - HTTP Request: GET https://rest.hyperate.io/12A3C "HTTP/1.1 200 OK"
2026-05-06 16:51:15,883 - httpx - INFO - HTTP Request: GET https://rest.hyperate.io/12A3C "HTTP/1.1 200 OK"
2026-05-06 16:51:18,124 - httpx - INFO - HTTP Request: GET https://rest.hyperate.io/12A3C "HTTP/1.1 200 OK"
2026-05-06 16:51:20,361 - httpx - INFO - HTTP Request: GET https://rest.hyperate.io/12A3C "HTTP/1.1 200 OK"
2026-05-06 16:51:22,574 - httpx - INFO - HTTP Request: GET https://rest.hyperate.io/12A3C "HTTP/1.1 200 OK"
2026-05-06 16:51:24,793 - httpx - INFO - HTTP Request: GET https://rest.hyperate.io/12A3C "HTTP/1.1 200 OK"
2026-05-06 16:51:27,033 - httpx - INFO - HTTP Request: GET https://rest.hyperate.io/12A3C "HTTP/1.1 200 OK"
2026-05-06 16:51:29,262 - httpx - INFO - HTTP Request: GET https://rest.hyperate.io/12A3C "HTTP/1.1 200 OK"
2026-05-06 16:51:31,480 - httpx - INFO - HTTP Request: GET https://rest.hyperate.io/12A3C "HTTP/1.1 200 OK"
2026-05-06 16:51:33,715 - httpx - INFO - HTTP Request: GET https://rest.hyperate.io/12A3C "HTTP/1.1 200 OK"
2026-05-06 16:51:35,953 - httpx - INFO - HTTP Request: GET https://rest.hyperate.io/12A3C "HTTP/1.1 200 OK"
2026-05-06 16:51:38,164 - httpx - INFO - HTTP Request: GET https://rest.hyperate.io/12A3C "HTTP/1.1 200 OK"
2026-05-06 16:51:40,420 - httpx - INFO - HTTP Request: GET https://rest.hyperate.io/12A3C "HTTP/1.1 200 OK"
2026-05-06 16:51:42,618 - httpx - INFO - HTTP Request: GET https://rest.hyperate.io/12A3C "HTTP/1.1 200 OK"
2026-05-06 16:51:44,860 - httpx - INFO - HTTP Request: GET https://rest.hyperate.io/12A3C "HTTP/1.1 200 OK"
2026-05-06 16:51:47,091 - httpx - INFO - HTTP Request: GET https://rest.hyperate.io/12A3C "HTTP/1.1 200 OK"
2026-05-06 16:51:49,324 - httpx - INFO - HTTP Request: GET https://rest.hyperate.io/12A3C "HTTP/1.1 200 OK"
2026-05-06 16:51:51,542 - httpx - INFO - HTTP Request: GET https://rest.hyperate.io/12A3C "HTTP/1.1 200 OK"
2026-05-06 16:51:53,775 - httpx - INFO - HTTP Request: GET https://rest.hyperate.io/12A3C "HTTP/1.1 200 OK"
2026-05-06 16:51:56,004 - httpx - INFO - HTTP Request: GET https://rest.hyperate.io/12A3C "HTTP/1.1 200 OK"
2026-05-06 16:51:58,224 - httpx - INFO - HTTP Request: GET https://rest.hyperate.io/12A3C "HTTP/1.1 200 OK"
2026-05-06 16:52:00,432 - httpx - INFO - HTTP Request: GET https://rest.hyperate.io/12A3C "HTTP/1.1 200 OK"
2026-05-06 16:52:02,654 - httpx - INFO - HTTP Request: GET https://rest.hyperate.io/12A3C "HTTP/1.1 200 OK"
2026-05-06 16:52:04,886 - httpx - INFO - HTTP Request: GET https://rest.hyperate.io/12A3C "HTTP/1.1 200 OK"
2026-05-06 16:52:07,107 - httpx - INFO - HTTP Request: GET https://rest.hyperate.io/12A3C "HTTP/1.1 200 OK"
2026-05-06 16:52:09,331 - httpx - INFO - HTTP Request: GET https://rest.hyperate.io/12A3C "HTTP/1.1 200 OK"
2026-05-06 16:52:11,541 - httpx - INFO - HTTP Request: GET https://rest.hyperate.io/12A3C "HTTP/1.1 200 OK"
2026-05-06 16:52:13,778 - httpx - INFO - HTTP Request: GET https://rest.hyperate.io/12A3C "HTTP/1.1 200 OK"
2026-05-06 16:52:16,021 - httpx - INFO - HTTP Request: GET https://rest.hyperate.io/12A3C "HTTP/1.1 200 OK"
2026-05-06 16:52:18,230 - httpx - INFO - HTTP Request: GET https://rest.hyperate.io/12A3C "HTTP/1.1 200 OK"
2026-05-06 16:52:20,461 - httpx - INFO - HTTP Request: GET https://rest.hyperate.io/12A3C "HTTP/1.1 200 OK"
2026-05-06 16:52:22,664 - httpx - INFO - HTTP Request: GET https://rest.hyperate.io/12A3C "HTTP/1.1 200 OK"
2026-05-06 16:52:24,892 - httpx - INFO - HTTP Request: GET https://rest.hyperate.io/12A3C "HTTP/1.1 200 OK"
2026-05-06 16:52:27,126 - httpx - INFO - HTTP Request: GET https://rest.hyperate.io/12A3C "HTTP/1.1 200 OK"
2026-05-06 16:52:29,334 - httpx - INFO - HTTP Request: GET https://rest.hyperate.io/12A3C "HTTP/1.1 200 OK"
2026-05-06 16:52:31,557 - httpx - INFO - HTTP Request: GET https://rest.hyperate.io/12A3C "HTTP/1.1 200 OK"
2026-05-06 16:52:33,780 - httpx - INFO - HTTP Request: GET https://rest.hyperate.io/12A3C "HTTP/1.1 200 OK"
2026-05-06 16:52:36,009 - httpx - INFO - HTTP Request: GET https://rest.hyperate.io/12A3C "HTTP/1.1 200 OK"
2026-05-06 16:52:38,211 - httpx - INFO - HTTP Request: GET https://rest.hyperate.io/12A3C "HTTP/1.1 200 OK"
2026-05-06 16:52:40,422 - httpx - INFO - HTTP Request: GET https://rest.hyperate.io/12A3C "HTTP/1.1 200 OK"
2026-05-06 16:52:42,633 - httpx - INFO - HTTP Request: GET https://rest.hyperate.io/12A3C "HTTP/1.1 200 OK"
2026-05-06 16:52:44,862 - httpx - INFO - HTTP Request: GET https://rest.hyperate.io/12A3C "HTTP/1.1 200 OK"
2026-05-06 16:52:47,071 - httpx - INFO - HTTP Request: GET https://rest.hyperate.io/12A3C "HTTP/1.1 200 OK"
2026-05-06 16:52:49,274 - httpx - INFO - HTTP Request: GET https://rest.hyperate.io/12A3C "HTTP/1.1 200 OK"
2026-05-06 16:52:50,113 - sqlalchemy.engine.Engine - INFO - BEGIN (implicit)
2026-05-06 16:52:50,114 - sqlalchemy.engine.Engine - INFO - SELECT workoutplan.session_id, planexercise.exercise_base_id 
FROM planexercise JOIN workoutplan ON planexercise.plan_id = workoutplan.id 
WHERE planexercise.id = $1::INTEGER
2026-05-06 16:52:50,114 - sqlalchemy.engine.Engine - INFO - [generated in 0.00033s] (40,)
2026-05-06 16:52:50,117 - sqlalchemy.engine.Engine - INFO - SELECT exerciseset.id, exerciseset.exercise_id, exerciseset.weight, exerciseset.reps, exerciseset.peak_hr, exerciseset.rest_hr, exerciseset.score, exerciseset.created_at 
FROM exerciseset JOIN planexercise ON exerciseset.exercise_id = planexercise.id JOIN workoutplan ON planexercise.plan_id = workoutplan.id JOIN base_exercise ON planexercise.exercise_base_id = base_exercise.id 
WHERE workoutplan.session_id = $1::VARCHAR AND planexercise.exercise_base_id = $2::VARCHAR ORDER BY exerciseset.id DESC
 LIMIT ALL OFFSET $3::INTEGER
2026-05-06 16:52:50,117 - sqlalchemy.engine.Engine - INFO - [generated in 0.00023s] ('12A3C', 'Pushups', 1)
2026-05-06 16:52:50,122 - sqlalchemy.engine.Engine - INFO - INSERT INTO exerciseset (exercise_id, weight, reps, peak_hr, rest_hr, score, created_at) VALUES ($1::INTEGER, $2::FLOAT, $3::INTEGER, $4::INTEGER, $5::INTEGER, $6::INTEGER, $7::TIMESTAMP WITHOUT TIME ZONE) RETURNING exerciseset.id
2026-05-06 16:52:50,122 - sqlalchemy.engine.Engine - INFO - [generated in 0.00026s] (40, 85.0, 13, 104, 85, 40, datetime.datetime(2026, 5, 6, 16, 52, 50, 120397))
2026-05-06 16:52:50,124 - sqlalchemy.engine.Engine - INFO - COMMIT
2026-05-06 16:52:50,126 - sqlalchemy.engine.Engine - INFO - BEGIN (implicit)
2026-05-06 16:52:50,126 - sqlalchemy.engine.Engine - INFO - SELECT exerciseset.id, exerciseset.exercise_id, exerciseset.weight, exerciseset.reps, exerciseset.peak_hr, exerciseset.rest_hr, exerciseset.score, exerciseset.created_at 
FROM exerciseset 
WHERE exerciseset.id = $1::INTEGER
2026-05-06 16:52:50,126 - sqlalchemy.engine.Engine - INFO - [generated in 0.00014s] (34,)
2026-05-06 16:52:50,128 - sqlalchemy.engine.Engine - INFO - SELECT planexercise.plan_id 
FROM planexercise 
WHERE planexercise.id = $1::INTEGER
2026-05-06 16:52:50,129 - sqlalchemy.engine.Engine - INFO - [generated in 0.00023s] (40,)
2026-05-06 16:52:50,141 - sqlalchemy.engine.Engine - INFO - SELECT "user".session_id, "user".name, "user".age, "user".height, "user".weight 
FROM "user" 
WHERE "user".session_id = $1::VARCHAR
2026-05-06 16:52:50,141 - sqlalchemy.engine.Engine - INFO - [cached since 190.9s ago] ('12A3C',)
2026-05-06 16:52:50,798 - httpx - INFO - HTTP Request: POST https://api.deepseek.com/v1/chat/completions "HTTP/1.1 200 OK"
2026-05-06 16:52:52,129 - sqlalchemy.engine.Engine - INFO - SELECT exerciseset.id, exerciseset.exercise_id, exerciseset.weight, exerciseset.reps, exerciseset.peak_hr, exerciseset.rest_hr, exerciseset.score, exerciseset.created_at 
FROM exerciseset 
WHERE exerciseset.exercise_id = $1::INTEGER ORDER BY exerciseset.id DESC
2026-05-06 16:52:52,130 - sqlalchemy.engine.Engine - INFO - [cached since 190.1s ago] (40,)
2026-05-06 16:52:52,131 - sqlalchemy.engine.Engine - INFO - SELECT workoutplan.session_id, planexercise.exercise_base_id 
FROM planexercise JOIN workoutplan ON planexercise.plan_id = workoutplan.id 
WHERE planexercise.id = $1::INTEGER
2026-05-06 16:52:52,131 - sqlalchemy.engine.Engine - INFO - [cached since 2.018s ago] (40,)
2026-05-06 16:52:52,132 - sqlalchemy.engine.Engine - INFO - SELECT exerciseset.id, exerciseset.exercise_id, exerciseset.weight, exerciseset.reps, exerciseset.peak_hr, exerciseset.rest_hr, exerciseset.score, exerciseset.created_at 
FROM exerciseset JOIN planexercise ON exerciseset.exercise_id = planexercise.id JOIN workoutplan ON planexercise.plan_id = workoutplan.id JOIN base_exercise ON planexercise.exercise_base_id = base_exercise.id 
WHERE workoutplan.session_id = $1::VARCHAR AND planexercise.exercise_base_id = $2::VARCHAR ORDER BY exerciseset.id DESC
 LIMIT ALL OFFSET $3::INTEGER
2026-05-06 16:52:52,132 - sqlalchemy.engine.Engine - INFO - [cached since 2.016s ago] ('12A3C', 'Pushups', 1)
2026-05-06 16:52:52,362 - httpx - INFO - HTTP Request: POST https://api.deepseek.com/v1/chat/completions "HTTP/1.1 200 OK"
2026-05-06 16:53:00,582 - sqlalchemy.engine.Engine - INFO - ROLLBACK
2026-05-08 13:51:07,019 - sqlalchemy.engine.Engine - INFO - select pg_catalog.version()
2026-05-08 13:51:07,019 - sqlalchemy.engine.Engine - INFO - [raw sql] ()
2026-05-08 13:51:07,021 - sqlalchemy.engine.Engine - INFO - select current_schema()
2026-05-08 13:51:07,022 - sqlalchemy.engine.Engine - INFO - [raw sql] ()
2026-05-08 13:51:07,023 - sqlalchemy.engine.Engine - INFO - show standard_conforming_strings
2026-05-08 13:51:07,023 - sqlalchemy.engine.Engine - INFO - [raw sql] ()
2026-05-08 13:51:07,024 - sqlalchemy.engine.Engine - INFO - BEGIN (implicit)
2026-05-08 13:51:07,026 - sqlalchemy.engine.Engine - INFO - SELECT pg_catalog.pg_class.relname 
FROM pg_catalog.pg_class JOIN pg_catalog.pg_namespace ON pg_catalog.pg_namespace.oid = pg_catalog.pg_class.relnamespace 
WHERE pg_catalog.pg_class.relname = $1::VARCHAR AND pg_catalog.pg_class.relkind = ANY (ARRAY[$2::VARCHAR, $3::VARCHAR, $4::VARCHAR, $5::VARCHAR, $6::VARCHAR]) AND pg_catalog.pg_table_is_visible(pg_catalog.pg_class.oid) AND pg_catalog.pg_namespace.nspname != $7::VARCHAR
2026-05-08 13:51:07,027 - sqlalchemy.engine.Engine - INFO - [generated in 0.00021s] ('base_exercise', 'r', 'p', 'f', 'v', 'm', 'pg_catalog')
2026-05-08 13:51:07,039 - sqlalchemy.engine.Engine - INFO - SELECT pg_catalog.pg_class.relname 
FROM pg_catalog.pg_class JOIN pg_catalog.pg_namespace ON pg_catalog.pg_namespace.oid = pg_catalog.pg_class.relnamespace 
WHERE pg_catalog.pg_class.relname = $1::VARCHAR AND pg_catalog.pg_class.relkind = ANY (ARRAY[$2::VARCHAR, $3::VARCHAR, $4::VARCHAR, $5::VARCHAR, $6::VARCHAR]) AND pg_catalog.pg_table_is_visible(pg_catalog.pg_class.oid) AND pg_catalog.pg_namespace.nspname != $7::VARCHAR
2026-05-08 13:51:07,039 - sqlalchemy.engine.Engine - INFO - [cached since 0.01339s ago] ('workoutplan', 'r', 'p', 'f', 'v', 'm', 'pg_catalog')
2026-05-08 13:51:07,039 - sqlalchemy.engine.Engine - INFO - SELECT pg_catalog.pg_class.relname 
FROM pg_catalog.pg_class JOIN pg_catalog.pg_namespace ON pg_catalog.pg_namespace.oid = pg_catalog.pg_class.relnamespace 
WHERE pg_catalog.pg_class.relname = $1::VARCHAR AND pg_catalog.pg_class.relkind = ANY (ARRAY[$2::VARCHAR, $3::VARCHAR, $4::VARCHAR, $5::VARCHAR, $6::VARCHAR]) AND pg_catalog.pg_table_is_visible(pg_catalog.pg_class.oid) AND pg_catalog.pg_namespace.nspname != $7::VARCHAR
2026-05-08 13:51:07,039 - sqlalchemy.engine.Engine - INFO - [cached since 0.01407s ago] ('planexercise', 'r', 'p', 'f', 'v', 'm', 'pg_catalog')
2026-05-08 13:51:07,041 - sqlalchemy.engine.Engine - INFO - SELECT pg_catalog.pg_class.relname 
FROM pg_catalog.pg_class JOIN pg_catalog.pg_namespace ON pg_catalog.pg_namespace.oid = pg_catalog.pg_class.relnamespace 
WHERE pg_catalog.pg_class.relname = $1::VARCHAR AND pg_catalog.pg_class.relkind = ANY (ARRAY[$2::VARCHAR, $3::VARCHAR, $4::VARCHAR, $5::VARCHAR, $6::VARCHAR]) AND pg_catalog.pg_table_is_visible(pg_catalog.pg_class.oid) AND pg_catalog.pg_namespace.nspname != $7::VARCHAR
2026-05-08 13:51:07,041 - sqlalchemy.engine.Engine - INFO - [cached since 0.01482s ago] ('exerciseset', 'r', 'p', 'f', 'v', 'm', 'pg_catalog')
2026-05-08 13:51:07,041 - sqlalchemy.engine.Engine - INFO - SELECT pg_catalog.pg_class.relname 
FROM pg_catalog.pg_class JOIN pg_catalog.pg_namespace ON pg_catalog.pg_namespace.oid = pg_catalog.pg_class.relnamespace 
WHERE pg_catalog.pg_class.relname = $1::VARCHAR AND pg_catalog.pg_class.relkind = ANY (ARRAY[$2::VARCHAR, $3::VARCHAR, $4::VARCHAR, $5::VARCHAR, $6::VARCHAR]) AND pg_catalog.pg_table_is_visible(pg_catalog.pg_class.oid) AND pg_catalog.pg_namespace.nspname != $7::VARCHAR
2026-05-08 13:51:07,041 - sqlalchemy.engine.Engine - INFO - [cached since 0.01564s ago] ('user', 'r', 'p', 'f', 'v', 'm', 'pg_catalog')
2026-05-08 13:51:07,042 - sqlalchemy.engine.Engine - INFO - SELECT pg_catalog.pg_class.relname 
FROM pg_catalog.pg_class JOIN pg_catalog.pg_namespace ON pg_catalog.pg_namespace.oid = pg_catalog.pg_class.relnamespace 
WHERE pg_catalog.pg_class.relname = $1::VARCHAR AND pg_catalog.pg_class.relkind = ANY (ARRAY[$2::VARCHAR, $3::VARCHAR, $4::VARCHAR, $5::VARCHAR, $6::VARCHAR]) AND pg_catalog.pg_table_is_visible(pg_catalog.pg_class.oid) AND pg_catalog.pg_namespace.nspname != $7::VARCHAR
2026-05-08 13:51:07,042 - sqlalchemy.engine.Engine - INFO - [cached since 0.0162s ago] ('memory_summary', 'r', 'p', 'f', 'v', 'm', 'pg_catalog')
2026-05-08 13:51:07,042 - sqlalchemy.engine.Engine - INFO - COMMIT
2026-05-08 13:51:21,462 - sqlalchemy.engine.Engine - INFO - BEGIN (implicit)
2026-05-08 13:51:21,474 - sqlalchemy.engine.Engine - INFO - SELECT "user".session_id, "user".name, "user".age, "user".height, "user".weight 
FROM "user" 
WHERE "user".session_id = $1::VARCHAR
2026-05-08 13:51:21,474 - sqlalchemy.engine.Engine - INFO - [generated in 0.00024s] ('12A3C',)
2026-05-08 13:51:21,478 - sqlalchemy.engine.Engine - INFO - ROLLBACK
2026-05-08 13:51:26,172 - sqlalchemy.engine.Engine - INFO - BEGIN (implicit)
2026-05-08 13:51:26,173 - sqlalchemy.engine.Engine - INFO - INSERT INTO workoutplan (session_id, plan_name, created_at) VALUES ($1::VARCHAR, $2::VARCHAR, $3::TIMESTAMP WITHOUT TIME ZONE) RETURNING workoutplan.id
2026-05-08 13:51:26,174 - sqlalchemy.engine.Engine - INFO - [generated in 0.00020s] ('12A3C', '胸部训练', datetime.datetime(2026, 5, 8, 13, 51, 26, 171381))
2026-05-08 13:51:26,177 - sqlalchemy.engine.Engine - INFO - COMMIT
2026-05-08 13:51:26,179 - sqlalchemy.engine.Engine - INFO - BEGIN (implicit)
2026-05-08 13:51:26,180 - sqlalchemy.engine.Engine - INFO - SELECT workoutplan.id, workoutplan.session_id, workoutplan.plan_name, workoutplan.created_at 
FROM workoutplan 
WHERE workoutplan.id = $1::INTEGER
2026-05-08 13:51:26,180 - sqlalchemy.engine.Engine - INFO - [generated in 0.00018s] (31,)
2026-05-08 13:51:26,182 - sqlalchemy.engine.Engine - INFO - ROLLBACK
2026-05-08 13:51:26,201 - sqlalchemy.engine.Engine - INFO - BEGIN (implicit)
2026-05-08 13:51:26,201 - sqlalchemy.engine.Engine - INFO - 
                SELECT DISTINCT muscle 
                FROM (
                    SELECT jsonb_array_elements_text(primary_muscles) as muscle FROM base_exercise
                    UNION
                    SELECT jsonb_array_elements_text(secondary_muscles) as muscle FROM base_exercise
                ) as combined_muscles
                WHERE muscle IS NOT NULL
                ORDER BY muscle;
            
2026-05-08 13:51:26,201 - sqlalchemy.engine.Engine - INFO - [generated in 0.00020s] ()
2026-05-08 13:51:26,206 - sqlalchemy.engine.Engine - INFO - ROLLBACK
2026-05-08 13:51:26,212 - sqlalchemy.engine.Engine - INFO - BEGIN (implicit)
2026-05-08 13:51:26,213 - sqlalchemy.engine.Engine - INFO - 
                SELECT DISTINCT muscle 
                FROM (
                    SELECT jsonb_array_elements_text(primary_muscles) as muscle FROM base_exercise
                    UNION
                    SELECT jsonb_array_elements_text(secondary_muscles) as muscle FROM base_exercise
                ) as combined_muscles
                WHERE muscle IS NOT NULL
                ORDER BY muscle;
            
2026-05-08 13:51:26,213 - sqlalchemy.engine.Engine - INFO - [cached since 0.01189s ago] ()
2026-05-08 13:51:26,214 - sqlalchemy.engine.Engine - INFO - ROLLBACK
2026-05-08 13:51:30,901 - sqlalchemy.engine.Engine - INFO - BEGIN (implicit)
2026-05-08 13:51:30,902 - sqlalchemy.engine.Engine - INFO - SELECT base_exercise.id, base_exercise.name, base_exercise.force, base_exercise.level, base_exercise.mechanic, base_exercise.equipment, base_exercise.category, base_exercise.primary_muscles, base_exercise.secondary_muscles, base_exercise.instructions, base_exercise.images 
FROM base_exercise 
WHERE (base_exercise.primary_muscles @> $1::JSONB) OR (base_exercise.secondary_muscles @> $2::JSONB)
2026-05-08 13:51:30,902 - sqlalchemy.engine.Engine - INFO - [generated in 0.00020s] ('["\\u80f8\\u808c"]', '["\\u80f8\\u808c"]')
2026-05-08 13:51:30,905 - sqlalchemy.engine.Engine - INFO - ROLLBACK
2026-05-08 13:51:30,911 - sqlalchemy.engine.Engine - INFO - BEGIN (implicit)
2026-05-08 13:51:30,912 - sqlalchemy.engine.Engine - INFO - SELECT base_exercise.id, base_exercise.name, base_exercise.force, base_exercise.level, base_exercise.mechanic, base_exercise.equipment, base_exercise.category, base_exercise.primary_muscles, base_exercise.secondary_muscles, base_exercise.instructions, base_exercise.images 
FROM base_exercise 
WHERE (base_exercise.primary_muscles @> $1::JSONB) OR (base_exercise.secondary_muscles @> $2::JSONB)
2026-05-08 13:51:30,912 - sqlalchemy.engine.Engine - INFO - [cached since 0.01002s ago] ('["\\u80f8\\u808c"]', '["\\u80f8\\u808c"]')
2026-05-08 13:51:30,914 - sqlalchemy.engine.Engine - INFO - ROLLBACK
2026-05-08 13:51:34,882 - sqlalchemy.engine.Engine - INFO - BEGIN (implicit)
2026-05-08 13:51:34,883 - sqlalchemy.engine.Engine - INFO - INSERT INTO planexercise (plan_id, exercise_base_id, order_index, created_at) VALUES ($1::INTEGER, $2::VARCHAR, $3::INTEGER, $4::TIMESTAMP WITHOUT TIME ZONE) RETURNING planexercise.id
2026-05-08 13:51:34,883 - sqlalchemy.engine.Engine - INFO - [generated in 0.00017s] (31, 'Dumbbell_Bench_Press', None, datetime.datetime(2026, 5, 8, 13, 51, 34, 881090))
2026-05-08 13:51:34,885 - sqlalchemy.engine.Engine - INFO - COMMIT
2026-05-08 13:51:34,886 - sqlalchemy.engine.Engine - INFO - BEGIN (implicit)
2026-05-08 13:51:34,887 - sqlalchemy.engine.Engine - INFO - SELECT planexercise.id, planexercise.plan_id, planexercise.exercise_base_id, planexercise.order_index, planexercise.created_at 
FROM planexercise 
WHERE planexercise.id = $1::INTEGER
2026-05-08 13:51:34,887 - sqlalchemy.engine.Engine - INFO - [generated in 0.00038s] (42,)
2026-05-08 13:51:34,890 - sqlalchemy.engine.Engine - INFO - ROLLBACK
2026-05-08 13:51:39,885 - httpx - INFO - HTTP Request: GET https://rest.hyperate.io/12A3C "HTTP/1.1 200 OK"
2026-05-08 13:51:42,110 - httpx - INFO - HTTP Request: GET https://rest.hyperate.io/12A3C "HTTP/1.1 200 OK"
2026-05-08 13:51:44,333 - httpx - INFO - HTTP Request: GET https://rest.hyperate.io/12A3C "HTTP/1.1 200 OK"
2026-05-08 13:51:46,564 - httpx - INFO - HTTP Request: GET https://rest.hyperate.io/12A3C "HTTP/1.1 200 OK"
2026-05-08 13:51:48,780 - httpx - INFO - HTTP Request: GET https://rest.hyperate.io/12A3C "HTTP/1.1 200 OK"
2026-05-08 13:51:51,006 - httpx - INFO - HTTP Request: GET https://rest.hyperate.io/12A3C "HTTP/1.1 200 OK"
2026-05-08 13:51:53,242 - httpx - INFO - HTTP Request: GET https://rest.hyperate.io/12A3C "HTTP/1.1 200 OK"
2026-05-08 13:51:55,457 - httpx - INFO - HTTP Request: GET https://rest.hyperate.io/12A3C "HTTP/1.1 200 OK"
2026-05-08 13:51:57,670 - httpx - INFO - HTTP Request: GET https://rest.hyperate.io/12A3C "HTTP/1.1 200 OK"
2026-05-08 13:51:59,892 - httpx - INFO - HTTP Request: GET https://rest.hyperate.io/12A3C "HTTP/1.1 200 OK"
2026-05-08 13:52:02,109 - httpx - INFO - HTTP Request: GET https://rest.hyperate.io/12A3C "HTTP/1.1 200 OK"
2026-05-08 13:52:04,335 - httpx - INFO - HTTP Request: GET https://rest.hyperate.io/12A3C "HTTP/1.1 200 OK"
2026-05-08 13:52:06,547 - httpx - INFO - HTTP Request: GET https://rest.hyperate.io/12A3C "HTTP/1.1 200 OK"
2026-05-08 13:52:08,768 - httpx - INFO - HTTP Request: GET https://rest.hyperate.io/12A3C "HTTP/1.1 200 OK"
2026-05-08 13:52:10,986 - httpx - INFO - HTTP Request: GET https://rest.hyperate.io/12A3C "HTTP/1.1 200 OK"
2026-05-08 13:52:13,192 - httpx - INFO - HTTP Request: GET https://rest.hyperate.io/12A3C "HTTP/1.1 200 OK"
2026-05-08 13:52:15,433 - httpx - INFO - HTTP Request: GET https://rest.hyperate.io/12A3C "HTTP/1.1 200 OK"
2026-05-08 13:52:17,656 - httpx - INFO - HTTP Request: GET https://rest.hyperate.io/12A3C "HTTP/1.1 200 OK"
2026-05-08 13:52:19,886 - httpx - INFO - HTTP Request: GET https://rest.hyperate.io/12A3C "HTTP/1.1 200 OK"
2026-05-08 13:52:22,093 - httpx - INFO - HTTP Request: GET https://rest.hyperate.io/12A3C "HTTP/1.1 200 OK"
2026-05-08 13:52:24,319 - httpx - INFO - HTTP Request: GET https://rest.hyperate.io/12A3C "HTTP/1.1 200 OK"
2026-05-08 13:52:26,538 - httpx - INFO - HTTP Request: GET https://rest.hyperate.io/12A3C "HTTP/1.1 200 OK"
2026-05-08 13:52:28,760 - httpx - INFO - HTTP Request: GET https://rest.hyperate.io/12A3C "HTTP/1.1 200 OK"
2026-05-08 13:52:30,979 - httpx - INFO - HTTP Request: GET https://rest.hyperate.io/12A3C "HTTP/1.1 200 OK"
2026-05-08 13:52:33,214 - httpx - INFO - HTTP Request: GET https://rest.hyperate.io/12A3C "HTTP/1.1 200 OK"
2026-05-08 13:52:35,440 - httpx - INFO - HTTP Request: GET https://rest.hyperate.io/12A3C "HTTP/1.1 200 OK"
2026-05-08 13:52:37,668 - httpx - INFO - HTTP Request: GET https://rest.hyperate.io/12A3C "HTTP/1.1 200 OK"
2026-05-08 13:52:39,888 - httpx - INFO - HTTP Request: GET https://rest.hyperate.io/12A3C "HTTP/1.1 200 OK"
2026-05-08 13:52:42,097 - httpx - INFO - HTTP Request: GET https://rest.hyperate.io/12A3C "HTTP/1.1 200 OK"
2026-05-08 13:52:43,979 - sqlalchemy.engine.Engine - INFO - BEGIN (implicit)
2026-05-08 13:52:43,980 - sqlalchemy.engine.Engine - INFO - SELECT workoutplan.session_id, planexercise.exercise_base_id 
FROM planexercise JOIN workoutplan ON planexercise.plan_id = workoutplan.id 
WHERE planexercise.id = $1::INTEGER
2026-05-08 13:52:43,980 - sqlalchemy.engine.Engine - INFO - [generated in 0.00019s] (42,)
2026-05-08 13:52:43,983 - sqlalchemy.engine.Engine - INFO - SELECT exerciseset.id, exerciseset.exercise_id, exerciseset.weight, exerciseset.reps, exerciseset.peak_hr, exerciseset.rest_hr, exerciseset.score, exerciseset.created_at 
FROM exerciseset JOIN planexercise ON exerciseset.exercise_id = planexercise.id JOIN workoutplan ON planexercise.plan_id = workoutplan.id JOIN base_exercise ON planexercise.exercise_base_id = base_exercise.id 
WHERE workoutplan.session_id = $1::VARCHAR AND planexercise.exercise_base_id = $2::VARCHAR ORDER BY exerciseset.id DESC
 LIMIT ALL OFFSET $3::INTEGER
2026-05-08 13:52:43,984 - sqlalchemy.engine.Engine - INFO - [generated in 0.00028s] ('12A3C', 'Dumbbell_Bench_Press', 1)
2026-05-08 13:52:43,988 - sqlalchemy.engine.Engine - INFO - INSERT INTO exerciseset (exercise_id, weight, reps, peak_hr, rest_hr, score, created_at) VALUES ($1::INTEGER, $2::FLOAT, $3::INTEGER, $4::INTEGER, $5::INTEGER, $6::INTEGER, $7::TIMESTAMP WITHOUT TIME ZONE) RETURNING exerciseset.id
2026-05-08 13:52:43,988 - sqlalchemy.engine.Engine - INFO - [generated in 0.00022s] (42, 80.0, 1, 0, 0, 0, datetime.datetime(2026, 5, 8, 13, 52, 43, 987924))
2026-05-08 13:52:43,989 - sqlalchemy.engine.Engine - INFO - COMMIT
2026-05-08 13:52:43,990 - sqlalchemy.engine.Engine - INFO - BEGIN (implicit)
2026-05-08 13:52:43,991 - sqlalchemy.engine.Engine - INFO - SELECT exerciseset.id, exerciseset.exercise_id, exerciseset.weight, exerciseset.reps, exerciseset.peak_hr, exerciseset.rest_hr, exerciseset.score, exerciseset.created_at 
FROM exerciseset 
WHERE exerciseset.id = $1::INTEGER
2026-05-08 13:52:43,991 - sqlalchemy.engine.Engine - INFO - [generated in 0.00016s] (35,)
2026-05-08 13:52:43,993 - sqlalchemy.engine.Engine - INFO - SELECT planexercise.plan_id 
FROM planexercise 
WHERE planexercise.id = $1::INTEGER
2026-05-08 13:52:43,993 - sqlalchemy.engine.Engine - INFO - [generated in 0.00018s] (42,)
2026-05-08 13:52:44,004 - sqlalchemy.engine.Engine - INFO - SELECT "user".session_id, "user".name, "user".age, "user".height, "user".weight 
FROM "user" 
WHERE "user".session_id = $1::VARCHAR
2026-05-08 13:52:44,004 - sqlalchemy.engine.Engine - INFO - [cached since 82.53s ago] ('12A3C',)
2026-05-08 13:52:44,552 - httpx - INFO - HTTP Request: POST https://api.deepseek.com/v1/chat/completions "HTTP/1.1 200 OK"
2026-05-08 13:52:45,966 - sqlalchemy.engine.Engine - INFO - SELECT exerciseset.id, exerciseset.exercise_id, exerciseset.weight, exerciseset.reps, exerciseset.peak_hr, exerciseset.rest_hr, exerciseset.score, exerciseset.created_at 
FROM exerciseset 
WHERE exerciseset.exercise_id = $1::INTEGER ORDER BY exerciseset.id DESC
2026-05-08 13:52:45,966 - sqlalchemy.engine.Engine - INFO - [generated in 0.00024s] (42,)
2026-05-08 13:52:45,967 - sqlalchemy.engine.Engine - INFO - SELECT workoutplan.session_id, planexercise.exercise_base_id 
FROM planexercise JOIN workoutplan ON planexercise.plan_id = workoutplan.id 
WHERE planexercise.id = $1::INTEGER
2026-05-08 13:52:45,967 - sqlalchemy.engine.Engine - INFO - [cached since 1.987s ago] (42,)
2026-05-08 13:52:45,968 - sqlalchemy.engine.Engine - INFO - SELECT exerciseset.id, exerciseset.exercise_id, exerciseset.weight, exerciseset.reps, exerciseset.peak_hr, exerciseset.rest_hr, exerciseset.score, exerciseset.created_at 
FROM exerciseset JOIN planexercise ON exerciseset.exercise_id = planexercise.id JOIN workoutplan ON planexercise.plan_id = workoutplan.id JOIN base_exercise ON planexercise.exercise_base_id = base_exercise.id 
WHERE workoutplan.session_id = $1::VARCHAR AND planexercise.exercise_base_id = $2::VARCHAR ORDER BY exerciseset.id DESC
 LIMIT ALL OFFSET $3::INTEGER
2026-05-08 13:52:45,968 - sqlalchemy.engine.Engine - INFO - [cached since 1.985s ago] ('12A3C', 'Dumbbell_Bench_Press', 1)
2026-05-08 13:52:46,185 - httpx - INFO - HTTP Request: POST https://api.deepseek.com/v1/chat/completions "HTTP/1.1 200 OK"
2026-05-08 13:52:51,384 - sqlalchemy.engine.Engine - INFO - ROLLBACK
2026-05-08 13:53:09,932 - FitnessAgent - INFO - 📊 [Training Summary] Plan 31 开始生成总结，消息数: 4
2026-05-08 13:53:10,256 - httpx - INFO - HTTP Request: POST https://api.deepseek.com/v1/chat/completions "HTTP/1.1 200 OK"
2026-05-08 13:53:15,454 - sqlalchemy.engine.Engine - INFO - BEGIN (implicit)
2026-05-08 13:53:15,455 - sqlalchemy.engine.Engine - INFO - INSERT INTO memory_summary (session_id, thread_id, scope, source_message_count, summary_text, summary_json, created_at) VALUES ($1::VARCHAR, $2::VARCHAR, $3::VARCHAR, $4::INTEGER, $5::VARCHAR, $6::JSONB, $7::TIMESTAMP WITHOUT TIME ZONE) RETURNING memory_summary.id
2026-05-08 13:53:15,456 - sqlalchemy.engine.Engine - INFO - [generated in 0.00021s] ('12A3C', '31', 'training', 4, "标题：首次训练数据采集与设备检查\n摘要：['本组为80kg×1次的试举，可能是1RM测试或极限重量尝试。', '峰值心率为0 BPM，数据缺失，无法进行强度与疲劳评估。', '该动作无历史记录，本组数据将作为今后基准。', '建议检查心率设备佩戴与连接，确保后续数据准确。', '若为1RM测试， ... (66 characters truncated) ... 78cm。；本组训练：重量80kg，完成1次，峰值心率0 BPM。；该动作（exercise_id: 42）无历史记录。\n风险：心率数据缺失，可能因设备故障或佩戴不当，需警惕数据采集问题。\n后续关注：确认心率监测设备正常工作。；明确本组训练目的（1RM测试或正式训练），调整后续组次重量与次数。", '{"summary": ["\\u672c\\u7ec4\\u4e3a80kg\\u00d71\\u6b21\\u7684\\u8bd5\\u4e3e\\uff0c\\u53ef\\u80fd\\u662f1RM\\u6d4b\\u8bd5\\u6216\\u6781\\u9650\\u91cd\ ... (1628 characters truncated) ... \u6d4b\\u8bd5\\u6216\\u6b63\\u5f0f\\u8bad\\u7ec3\\uff09\\uff0c\\u8c03\\u6574\\u540e\\u7eed\\u7ec4\\u6b21\\u91cd\\u91cf\\u4e0e\\u6b21\\u6570\\u3002"]}', datetime.datetime(2026, 5, 8, 13, 53, 15, 454038))
2026-05-08 13:53:15,470 - sqlalchemy.engine.Engine - INFO - COMMIT
2026-05-08 13:53:15,471 - sqlalchemy.engine.Engine - INFO - BEGIN (implicit)
2026-05-08 13:53:15,472 - sqlalchemy.engine.Engine - INFO - SELECT memory_summary.id, memory_summary.session_id, memory_summary.thread_id, memory_summary.scope, memory_summary.source_message_count, memory_summary.summary_text, memory_summary.summary_json, memory_summary.created_at 
FROM memory_summary 
WHERE memory_summary.id = $1::INTEGER
2026-05-08 13:53:15,472 - sqlalchemy.engine.Engine - INFO - [generated in 0.00015s] (14,)
2026-05-08 13:53:15,810 - FitnessAgent - INFO - ✅ [Training Summary] Plan 31 总结完成，ID: 14
2026-05-08 13:53:15,811 - sqlalchemy.engine.Engine - INFO - ROLLBACK
2026-05-08 13:53:32,577 - sqlalchemy.engine.Engine - INFO - BEGIN (implicit)
2026-05-08 13:53:32,578 - sqlalchemy.engine.Engine - INFO - SELECT workoutplan.id, workoutplan.session_id, workoutplan.plan_name, workoutplan.created_at 
FROM workoutplan 
WHERE workoutplan.session_id = $1::VARCHAR
2026-05-08 13:53:32,578 - sqlalchemy.engine.Engine - INFO - [generated in 0.00016s] ('12A3C',)
2026-05-08 13:53:32,580 - sqlalchemy.engine.Engine - INFO - SELECT planexercise.id, planexercise.plan_id, planexercise.exercise_base_id, planexercise.order_index, planexercise.created_at, base_exercise.name 
FROM planexercise JOIN base_exercise ON planexercise.exercise_base_id = base_exercise.id 
WHERE planexercise.plan_id = $1::INTEGER
2026-05-08 13:53:32,580 - sqlalchemy.engine.Engine - INFO - [generated in 0.00021s] (1,)
2026-05-08 13:53:32,582 - sqlalchemy.engine.Engine - INFO - SELECT exerciseset.id, exerciseset.exercise_id, exerciseset.weight, exerciseset.reps, exerciseset.peak_hr, exerciseset.rest_hr, exerciseset.score, exerciseset.created_at 
FROM exerciseset 
WHERE exerciseset.exercise_id = $1::INTEGER ORDER BY exerciseset.id DESC
2026-05-08 13:53:32,582 - sqlalchemy.engine.Engine - INFO - [cached since 46.62s ago] (1,)
2026-05-08 13:53:32,583 - sqlalchemy.engine.Engine - INFO - SELECT planexercise.id, planexercise.plan_id, planexercise.exercise_base_id, planexercise.order_index, planexercise.created_at, base_exercise.name 
FROM planexercise JOIN base_exercise ON planexercise.exercise_base_id = base_exercise.id 
WHERE planexercise.plan_id = $1::INTEGER
2026-05-08 13:53:32,583 - sqlalchemy.engine.Engine - INFO - [cached since 0.002445s ago] (2,)
2026-05-08 13:53:32,584 - sqlalchemy.engine.Engine - INFO - SELECT exerciseset.id, exerciseset.exercise_id, exerciseset.weight, exerciseset.reps, exerciseset.peak_hr, exerciseset.rest_hr, exerciseset.score, exerciseset.created_at 
FROM exerciseset 
WHERE exerciseset.exercise_id = $1::INTEGER ORDER BY exerciseset.id DESC
2026-05-08 13:53:32,584 - sqlalchemy.engine.Engine - INFO - [cached since 46.62s ago] (2,)
2026-05-08 13:53:32,584 - sqlalchemy.engine.Engine - INFO - SELECT planexercise.id, planexercise.plan_id, planexercise.exercise_base_id, planexercise.order_index, planexercise.created_at, base_exercise.name 
FROM planexercise JOIN base_exercise ON planexercise.exercise_base_id = base_exercise.id 
WHERE planexercise.plan_id = $1::INTEGER
2026-05-08 13:53:32,584 - sqlalchemy.engine.Engine - INFO - [cached since 0.003892s ago] (3,)
2026-05-08 13:53:32,585 - sqlalchemy.engine.Engine - INFO - SELECT exerciseset.id, exerciseset.exercise_id, exerciseset.weight, exerciseset.reps, exerciseset.peak_hr, exerciseset.rest_hr, exerciseset.score, exerciseset.created_at 
FROM exerciseset 
WHERE exerciseset.exercise_id = $1::INTEGER ORDER BY exerciseset.id DESC
2026-05-08 13:53:32,585 - sqlalchemy.engine.Engine - INFO - [cached since 46.62s ago] (3,)
2026-05-08 13:53:32,586 - sqlalchemy.engine.Engine - INFO - SELECT planexercise.id, planexercise.plan_id, planexercise.exercise_base_id, planexercise.order_index, planexercise.created_at, base_exercise.name 
FROM planexercise JOIN base_exercise ON planexercise.exercise_base_id = base_exercise.id 
WHERE planexercise.plan_id = $1::INTEGER
2026-05-08 13:53:32,586 - sqlalchemy.engine.Engine - INFO - [cached since 0.005284s ago] (4,)
2026-05-08 13:53:32,586 - sqlalchemy.engine.Engine - INFO - SELECT exerciseset.id, exerciseset.exercise_id, exerciseset.weight, exerciseset.reps, exerciseset.peak_hr, exerciseset.rest_hr, exerciseset.score, exerciseset.created_at 
FROM exerciseset 
WHERE exerciseset.exercise_id = $1::INTEGER ORDER BY exerciseset.id DESC
2026-05-08 13:53:32,587 - sqlalchemy.engine.Engine - INFO - [cached since 46.62s ago] (4,)
2026-05-08 13:53:32,587 - sqlalchemy.engine.Engine - INFO - SELECT planexercise.id, planexercise.plan_id, planexercise.exercise_base_id, planexercise.order_index, planexercise.created_at, base_exercise.name 
FROM planexercise JOIN base_exercise ON planexercise.exercise_base_id = base_exercise.id 
WHERE planexercise.plan_id = $1::INTEGER
2026-05-08 13:53:32,589 - sqlalchemy.engine.Engine - INFO - [cached since 0.008297s ago] (5,)
2026-05-08 13:53:32,590 - sqlalchemy.engine.Engine - INFO - SELECT exerciseset.id, exerciseset.exercise_id, exerciseset.weight, exerciseset.reps, exerciseset.peak_hr, exerciseset.rest_hr, exerciseset.score, exerciseset.created_at 
FROM exerciseset 
WHERE exerciseset.exercise_id = $1::INTEGER ORDER BY exerciseset.id DESC
2026-05-08 13:53:32,590 - sqlalchemy.engine.Engine - INFO - [cached since 46.62s ago] (5,)
2026-05-08 13:53:32,591 - sqlalchemy.engine.Engine - INFO - SELECT planexercise.id, planexercise.plan_id, planexercise.exercise_base_id, planexercise.order_index, planexercise.created_at, base_exercise.name 
FROM planexercise JOIN base_exercise ON planexercise.exercise_base_id = base_exercise.id 
WHERE planexercise.plan_id = $1::INTEGER
2026-05-08 13:53:32,591 - sqlalchemy.engine.Engine - INFO - [cached since 0.01047s ago] (6,)
2026-05-08 13:53:32,592 - sqlalchemy.engine.Engine - INFO - SELECT exerciseset.id, exerciseset.exercise_id, exerciseset.weight, exerciseset.reps, exerciseset.peak_hr, exerciseset.rest_hr, exerciseset.score, exerciseset.created_at 
FROM exerciseset 
WHERE exerciseset.exercise_id = $1::INTEGER ORDER BY exerciseset.id DESC
2026-05-08 13:53:32,592 - sqlalchemy.engine.Engine - INFO - [cached since 46.63s ago] (6,)
2026-05-08 13:53:32,592 - sqlalchemy.engine.Engine - INFO - SELECT planexercise.id, planexercise.plan_id, planexercise.exercise_base_id, planexercise.order_index, planexercise.created_at, base_exercise.name 
FROM planexercise JOIN base_exercise ON planexercise.exercise_base_id = base_exercise.id 
WHERE planexercise.plan_id = $1::INTEGER
2026-05-08 13:53:32,592 - sqlalchemy.engine.Engine - INFO - [cached since 0.0119s ago] (7,)
2026-05-08 13:53:32,593 - sqlalchemy.engine.Engine - INFO - SELECT exerciseset.id, exerciseset.exercise_id, exerciseset.weight, exerciseset.reps, exerciseset.peak_hr, exerciseset.rest_hr, exerciseset.score, exerciseset.created_at 
FROM exerciseset 
WHERE exerciseset.exercise_id = $1::INTEGER ORDER BY exerciseset.id DESC
2026-05-08 13:53:32,593 - sqlalchemy.engine.Engine - INFO - [cached since 46.63s ago] (7,)
2026-05-08 13:53:32,593 - sqlalchemy.engine.Engine - INFO - SELECT planexercise.id, planexercise.plan_id, planexercise.exercise_base_id, planexercise.order_index, planexercise.created_at, base_exercise.name 
FROM planexercise JOIN base_exercise ON planexercise.exercise_base_id = base_exercise.id 
WHERE planexercise.plan_id = $1::INTEGER
2026-05-08 13:53:32,594 - sqlalchemy.engine.Engine - INFO - [cached since 0.01315s ago] (8,)
2026-05-08 13:53:32,594 - sqlalchemy.engine.Engine - INFO - SELECT exerciseset.id, exerciseset.exercise_id, exerciseset.weight, exerciseset.reps, exerciseset.peak_hr, exerciseset.rest_hr, exerciseset.score, exerciseset.created_at 
FROM exerciseset 
WHERE exerciseset.exercise_id = $1::INTEGER ORDER BY exerciseset.id DESC
2026-05-08 13:53:32,594 - sqlalchemy.engine.Engine - INFO - [cached since 46.63s ago] (8,)
2026-05-08 13:53:32,596 - sqlalchemy.engine.Engine - INFO - SELECT planexercise.id, planexercise.plan_id, planexercise.exercise_base_id, planexercise.order_index, planexercise.created_at, base_exercise.name 
FROM planexercise JOIN base_exercise ON planexercise.exercise_base_id = base_exercise.id 
WHERE planexercise.plan_id = $1::INTEGER
2026-05-08 13:53:32,596 - sqlalchemy.engine.Engine - INFO - [cached since 0.0148s ago] (9,)
2026-05-08 13:53:32,596 - sqlalchemy.engine.Engine - INFO - SELECT exerciseset.id, exerciseset.exercise_id, exerciseset.weight, exerciseset.reps, exerciseset.peak_hr, exerciseset.rest_hr, exerciseset.score, exerciseset.created_at 
FROM exerciseset 
WHERE exerciseset.exercise_id = $1::INTEGER ORDER BY exerciseset.id DESC
2026-05-08 13:53:32,596 - sqlalchemy.engine.Engine - INFO - [cached since 46.63s ago] (9,)
2026-05-08 13:53:32,597 - sqlalchemy.engine.Engine - INFO - SELECT planexercise.id, planexercise.plan_id, planexercise.exercise_base_id, planexercise.order_index, planexercise.created_at, base_exercise.name 
FROM planexercise JOIN base_exercise ON planexercise.exercise_base_id = base_exercise.id 
WHERE planexercise.plan_id = $1::INTEGER
2026-05-08 13:53:32,606 - sqlalchemy.engine.Engine - INFO - [cached since 0.0248s ago] (10,)
2026-05-08 13:53:32,607 - sqlalchemy.engine.Engine - INFO - SELECT exerciseset.id, exerciseset.exercise_id, exerciseset.weight, exerciseset.reps, exerciseset.peak_hr, exerciseset.rest_hr, exerciseset.score, exerciseset.created_at 
FROM exerciseset 
WHERE exerciseset.exercise_id = $1::INTEGER ORDER BY exerciseset.id DESC
2026-05-08 13:53:32,607 - sqlalchemy.engine.Engine - INFO - [cached since 46.64s ago] (10,)
2026-05-08 13:53:32,607 - sqlalchemy.engine.Engine - INFO - SELECT exerciseset.id, exerciseset.exercise_id, exerciseset.weight, exerciseset.reps, exerciseset.peak_hr, exerciseset.rest_hr, exerciseset.score, exerciseset.created_at 
FROM exerciseset 
WHERE exerciseset.exercise_id = $1::INTEGER ORDER BY exerciseset.id DESC
2026-05-08 13:53:32,607 - sqlalchemy.engine.Engine - INFO - [cached since 46.64s ago] (11,)
2026-05-08 13:53:32,608 - sqlalchemy.engine.Engine - INFO - SELECT planexercise.id, planexercise.plan_id, planexercise.exercise_base_id, planexercise.order_index, planexercise.created_at, base_exercise.name 
FROM planexercise JOIN base_exercise ON planexercise.exercise_base_id = base_exercise.id 
WHERE planexercise.plan_id = $1::INTEGER
2026-05-08 13:53:32,608 - sqlalchemy.engine.Engine - INFO - [cached since 0.02741s ago] (11,)
2026-05-08 13:53:32,609 - sqlalchemy.engine.Engine - INFO - SELECT exerciseset.id, exerciseset.exercise_id, exerciseset.weight, exerciseset.reps, exerciseset.peak_hr, exerciseset.rest_hr, exerciseset.score, exerciseset.created_at 
FROM exerciseset 
WHERE exerciseset.exercise_id = $1::INTEGER ORDER BY exerciseset.id DESC
2026-05-08 13:53:32,609 - sqlalchemy.engine.Engine - INFO - [cached since 46.64s ago] (12,)
2026-05-08 13:53:32,610 - sqlalchemy.engine.Engine - INFO - SELECT exerciseset.id, exerciseset.exercise_id, exerciseset.weight, exerciseset.reps, exerciseset.peak_hr, exerciseset.rest_hr, exerciseset.score, exerciseset.created_at 
FROM exerciseset 
WHERE exerciseset.exercise_id = $1::INTEGER ORDER BY exerciseset.id DESC
2026-05-08 13:53:32,610 - sqlalchemy.engine.Engine - INFO - [cached since 46.64s ago] (13,)
2026-05-08 13:53:32,610 - sqlalchemy.engine.Engine - INFO - SELECT planexercise.id, planexercise.plan_id, planexercise.exercise_base_id, planexercise.order_index, planexercise.created_at, base_exercise.name 
FROM planexercise JOIN base_exercise ON planexercise.exercise_base_id = base_exercise.id 
WHERE planexercise.plan_id = $1::INTEGER
2026-05-08 13:53:32,611 - sqlalchemy.engine.Engine - INFO - [cached since 0.03007s ago] (12,)
2026-05-08 13:53:32,611 - sqlalchemy.engine.Engine - INFO - SELECT exerciseset.id, exerciseset.exercise_id, exerciseset.weight, exerciseset.reps, exerciseset.peak_hr, exerciseset.rest_hr, exerciseset.score, exerciseset.created_at 
FROM exerciseset 
WHERE exerciseset.exercise_id = $1::INTEGER ORDER BY exerciseset.id DESC
2026-05-08 13:53:32,611 - sqlalchemy.engine.Engine - INFO - [cached since 46.65s ago] (14,)
2026-05-08 13:53:32,612 - sqlalchemy.engine.Engine - INFO - SELECT exerciseset.id, exerciseset.exercise_id, exerciseset.weight, exerciseset.reps, exerciseset.peak_hr, exerciseset.rest_hr, exerciseset.score, exerciseset.created_at 
FROM exerciseset 
WHERE exerciseset.exercise_id = $1::INTEGER ORDER BY exerciseset.id DESC
2026-05-08 13:53:32,612 - sqlalchemy.engine.Engine - INFO - [cached since 46.65s ago] (15,)
2026-05-08 13:53:32,612 - sqlalchemy.engine.Engine - INFO - SELECT planexercise.id, planexercise.plan_id, planexercise.exercise_base_id, planexercise.order_index, planexercise.created_at, base_exercise.name 
FROM planexercise JOIN base_exercise ON planexercise.exercise_base_id = base_exercise.id 
WHERE planexercise.plan_id = $1::INTEGER
2026-05-08 13:53:32,612 - sqlalchemy.engine.Engine - INFO - [cached since 0.03201s ago] (13,)
2026-05-08 13:53:32,613 - sqlalchemy.engine.Engine - INFO - SELECT exerciseset.id, exerciseset.exercise_id, exerciseset.weight, exerciseset.reps, exerciseset.peak_hr, exerciseset.rest_hr, exerciseset.score, exerciseset.created_at 
FROM exerciseset 
WHERE exerciseset.exercise_id = $1::INTEGER ORDER BY exerciseset.id DESC
2026-05-08 13:53:32,621 - sqlalchemy.engine.Engine - INFO - [cached since 46.66s ago] (17,)
2026-05-08 13:53:32,622 - sqlalchemy.engine.Engine - INFO - SELECT exerciseset.id, exerciseset.exercise_id, exerciseset.weight, exerciseset.reps, exerciseset.peak_hr, exerciseset.rest_hr, exerciseset.score, exerciseset.created_at 
FROM exerciseset 
WHERE exerciseset.exercise_id = $1::INTEGER ORDER BY exerciseset.id DESC
2026-05-08 13:53:32,622 - sqlalchemy.engine.Engine - INFO - [cached since 46.66s ago] (16,)
2026-05-08 13:53:32,623 - sqlalchemy.engine.Engine - INFO - SELECT planexercise.id, planexercise.plan_id, planexercise.exercise_base_id, planexercise.order_index, planexercise.created_at, base_exercise.name 
FROM planexercise JOIN base_exercise ON planexercise.exercise_base_id = base_exercise.id 
WHERE planexercise.plan_id = $1::INTEGER
2026-05-08 13:53:32,623 - sqlalchemy.engine.Engine - INFO - [cached since 0.04336s ago] (14,)
2026-05-08 13:53:32,624 - sqlalchemy.engine.Engine - INFO - SELECT exerciseset.id, exerciseset.exercise_id, exerciseset.weight, exerciseset.reps, exerciseset.peak_hr, exerciseset.rest_hr, exerciseset.score, exerciseset.created_at 
FROM exerciseset 
WHERE exerciseset.exercise_id = $1::INTEGER ORDER BY exerciseset.id DESC
2026-05-08 13:53:32,624 - sqlalchemy.engine.Engine - INFO - [cached since 46.66s ago] (18,)
2026-05-08 13:53:32,624 - sqlalchemy.engine.Engine - INFO - SELECT exerciseset.id, exerciseset.exercise_id, exerciseset.weight, exerciseset.reps, exerciseset.peak_hr, exerciseset.rest_hr, exerciseset.score, exerciseset.created_at 
FROM exerciseset 
WHERE exerciseset.exercise_id = $1::INTEGER ORDER BY exerciseset.id DESC
2026-05-08 13:53:32,624 - sqlalchemy.engine.Engine - INFO - [cached since 46.66s ago] (19,)
2026-05-08 13:53:32,626 - sqlalchemy.engine.Engine - INFO - SELECT planexercise.id, planexercise.plan_id, planexercise.exercise_base_id, planexercise.order_index, planexercise.created_at, base_exercise.name 
FROM planexercise JOIN base_exercise ON planexercise.exercise_base_id = base_exercise.id 
WHERE planexercise.plan_id = $1::INTEGER
2026-05-08 13:53:32,626 - sqlalchemy.engine.Engine - INFO - [cached since 0.04541s ago] (15,)
2026-05-08 13:53:32,627 - sqlalchemy.engine.Engine - INFO - SELECT exerciseset.id, exerciseset.exercise_id, exerciseset.weight, exerciseset.reps, exerciseset.peak_hr, exerciseset.rest_hr, exerciseset.score, exerciseset.created_at 
FROM exerciseset 
WHERE exerciseset.exercise_id = $1::INTEGER ORDER BY exerciseset.id DESC
2026-05-08 13:53:32,627 - sqlalchemy.engine.Engine - INFO - [cached since 46.66s ago] (21,)
2026-05-08 13:53:32,627 - sqlalchemy.engine.Engine - INFO - SELECT exerciseset.id, exerciseset.exercise_id, exerciseset.weight, exerciseset.reps, exerciseset.peak_hr, exerciseset.rest_hr, exerciseset.score, exerciseset.created_at 
FROM exerciseset 
WHERE exerciseset.exercise_id = $1::INTEGER ORDER BY exerciseset.id DESC
2026-05-08 13:53:32,628 - sqlalchemy.engine.Engine - INFO - [cached since 46.66s ago] (20,)
2026-05-08 13:53:32,628 - sqlalchemy.engine.Engine - INFO - SELECT planexercise.id, planexercise.plan_id, planexercise.exercise_base_id, planexercise.order_index, planexercise.created_at, base_exercise.name 
FROM planexercise JOIN base_exercise ON planexercise.exercise_base_id = base_exercise.id 
WHERE planexercise.plan_id = $1::INTEGER
2026-05-08 13:53:32,628 - sqlalchemy.engine.Engine - INFO - [cached since 0.04773s ago] (16,)
2026-05-08 13:53:32,629 - sqlalchemy.engine.Engine - INFO - SELECT exerciseset.id, exerciseset.exercise_id, exerciseset.weight, exerciseset.reps, exerciseset.peak_hr, exerciseset.rest_hr, exerciseset.score, exerciseset.created_at 
FROM exerciseset 
WHERE exerciseset.exercise_id = $1::INTEGER ORDER BY exerciseset.id DESC
2026-05-08 13:53:32,629 - sqlalchemy.engine.Engine - INFO - [cached since 46.66s ago] (22,)
2026-05-08 13:53:32,630 - sqlalchemy.engine.Engine - INFO - SELECT exerciseset.id, exerciseset.exercise_id, exerciseset.weight, exerciseset.reps, exerciseset.peak_hr, exerciseset.rest_hr, exerciseset.score, exerciseset.created_at 
FROM exerciseset 
WHERE exerciseset.exercise_id = $1::INTEGER ORDER BY exerciseset.id DESC
2026-05-08 13:53:32,636 - sqlalchemy.engine.Engine - INFO - [cached since 46.67s ago] (23,)
2026-05-08 13:53:32,637 - sqlalchemy.engine.Engine - INFO - SELECT planexercise.id, planexercise.plan_id, planexercise.exercise_base_id, planexercise.order_index, planexercise.created_at, base_exercise.name 
FROM planexercise JOIN base_exercise ON planexercise.exercise_base_id = base_exercise.id 
WHERE planexercise.plan_id = $1::INTEGER
2026-05-08 13:53:32,637 - sqlalchemy.engine.Engine - INFO - [cached since 0.05735s ago] (17,)
2026-05-08 13:53:32,638 - sqlalchemy.engine.Engine - INFO - SELECT exerciseset.id, exerciseset.exercise_id, exerciseset.weight, exerciseset.reps, exerciseset.peak_hr, exerciseset.rest_hr, exerciseset.score, exerciseset.created_at 
FROM exerciseset 
WHERE exerciseset.exercise_id = $1::INTEGER ORDER BY exerciseset.id DESC
2026-05-08 13:53:32,638 - sqlalchemy.engine.Engine - INFO - [cached since 46.67s ago] (25,)
2026-05-08 13:53:32,639 - sqlalchemy.engine.Engine - INFO - SELECT exerciseset.id, exerciseset.exercise_id, exerciseset.weight, exerciseset.reps, exerciseset.peak_hr, exerciseset.rest_hr, exerciseset.score, exerciseset.created_at 
FROM exerciseset 
WHERE exerciseset.exercise_id = $1::INTEGER ORDER BY exerciseset.id DESC
2026-05-08 13:53:32,639 - sqlalchemy.engine.Engine - INFO - [cached since 46.67s ago] (24,)
2026-05-08 13:53:32,640 - sqlalchemy.engine.Engine - INFO - SELECT planexercise.id, planexercise.plan_id, planexercise.exercise_base_id, planexercise.order_index, planexercise.created_at, base_exercise.name 
FROM planexercise JOIN base_exercise ON planexercise.exercise_base_id = base_exercise.id 
WHERE planexercise.plan_id = $1::INTEGER
2026-05-08 13:53:32,640 - sqlalchemy.engine.Engine - INFO - [cached since 0.05982s ago] (18,)
2026-05-08 13:53:32,640 - sqlalchemy.engine.Engine - INFO - SELECT exerciseset.id, exerciseset.exercise_id, exerciseset.weight, exerciseset.reps, exerciseset.peak_hr, exerciseset.rest_hr, exerciseset.score, exerciseset.created_at 
FROM exerciseset 
WHERE exerciseset.exercise_id = $1::INTEGER ORDER BY exerciseset.id DESC
2026-05-08 13:53:32,641 - sqlalchemy.engine.Engine - INFO - [cached since 46.68s ago] (26,)
2026-05-08 13:53:32,641 - sqlalchemy.engine.Engine - INFO - SELECT exerciseset.id, exerciseset.exercise_id, exerciseset.weight, exerciseset.reps, exerciseset.peak_hr, exerciseset.rest_hr, exerciseset.score, exerciseset.created_at 
FROM exerciseset 
WHERE exerciseset.exercise_id = $1::INTEGER ORDER BY exerciseset.id DESC
2026-05-08 13:53:32,641 - sqlalchemy.engine.Engine - INFO - [cached since 46.68s ago] (27,)
2026-05-08 13:53:32,642 - sqlalchemy.engine.Engine - INFO - SELECT planexercise.id, planexercise.plan_id, planexercise.exercise_base_id, planexercise.order_index, planexercise.created_at, base_exercise.name 
FROM planexercise JOIN base_exercise ON planexercise.exercise_base_id = base_exercise.id 
WHERE planexercise.plan_id = $1::INTEGER
2026-05-08 13:53:32,642 - sqlalchemy.engine.Engine - INFO - [cached since 0.06189s ago] (19,)
2026-05-08 13:53:32,643 - sqlalchemy.engine.Engine - INFO - SELECT exerciseset.id, exerciseset.exercise_id, exerciseset.weight, exerciseset.reps, exerciseset.peak_hr, exerciseset.rest_hr, exerciseset.score, exerciseset.created_at 
FROM exerciseset 
WHERE exerciseset.exercise_id = $1::INTEGER ORDER BY exerciseset.id DESC
2026-05-08 13:53:32,643 - sqlalchemy.engine.Engine - INFO - [cached since 46.68s ago] (28,)
2026-05-08 13:53:32,644 - sqlalchemy.engine.Engine - INFO - SELECT planexercise.id, planexercise.plan_id, planexercise.exercise_base_id, planexercise.order_index, planexercise.created_at, base_exercise.name 
FROM planexercise JOIN base_exercise ON planexercise.exercise_base_id = base_exercise.id 
WHERE planexercise.plan_id = $1::INTEGER
2026-05-08 13:53:32,644 - sqlalchemy.engine.Engine - INFO - [cached since 0.06421s ago] (20,)
2026-05-08 13:53:32,646 - sqlalchemy.engine.Engine - INFO - SELECT exerciseset.id, exerciseset.exercise_id, exerciseset.weight, exerciseset.reps, exerciseset.peak_hr, exerciseset.rest_hr, exerciseset.score, exerciseset.created_at 
FROM exerciseset 
WHERE exerciseset.exercise_id = $1::INTEGER ORDER BY exerciseset.id DESC
2026-05-08 13:53:32,652 - sqlalchemy.engine.Engine - INFO - [cached since 46.69s ago] (29,)
2026-05-08 13:53:32,653 - sqlalchemy.engine.Engine - INFO - SELECT planexercise.id, planexercise.plan_id, planexercise.exercise_base_id, planexercise.order_index, planexercise.created_at, base_exercise.name 
FROM planexercise JOIN base_exercise ON planexercise.exercise_base_id = base_exercise.id 
WHERE planexercise.plan_id = $1::INTEGER
2026-05-08 13:53:32,653 - sqlalchemy.engine.Engine - INFO - [cached since 0.07248s ago] (21,)
2026-05-08 13:53:32,654 - sqlalchemy.engine.Engine - INFO - SELECT exerciseset.id, exerciseset.exercise_id, exerciseset.weight, exerciseset.reps, exerciseset.peak_hr, exerciseset.rest_hr, exerciseset.score, exerciseset.created_at 
FROM exerciseset 
WHERE exerciseset.exercise_id = $1::INTEGER ORDER BY exerciseset.id DESC
2026-05-08 13:53:32,654 - sqlalchemy.engine.Engine - INFO - [cached since 46.69s ago] (30,)
2026-05-08 13:53:32,654 - sqlalchemy.engine.Engine - INFO - SELECT planexercise.id, planexercise.plan_id, planexercise.exercise_base_id, planexercise.order_index, planexercise.created_at, base_exercise.name 
FROM planexercise JOIN base_exercise ON planexercise.exercise_base_id = base_exercise.id 
WHERE planexercise.plan_id = $1::INTEGER
2026-05-08 13:53:32,654 - sqlalchemy.engine.Engine - INFO - [cached since 0.07388s ago] (22,)
2026-05-08 13:53:32,655 - sqlalchemy.engine.Engine - INFO - SELECT exerciseset.id, exerciseset.exercise_id, exerciseset.weight, exerciseset.reps, exerciseset.peak_hr, exerciseset.rest_hr, exerciseset.score, exerciseset.created_at 
FROM exerciseset 
WHERE exerciseset.exercise_id = $1::INTEGER ORDER BY exerciseset.id DESC
2026-05-08 13:53:32,655 - sqlalchemy.engine.Engine - INFO - [cached since 46.69s ago] (31,)
2026-05-08 13:53:32,656 - sqlalchemy.engine.Engine - INFO - SELECT planexercise.id, planexercise.plan_id, planexercise.exercise_base_id, planexercise.order_index, planexercise.created_at, base_exercise.name 
FROM planexercise JOIN base_exercise ON planexercise.exercise_base_id = base_exercise.id 
WHERE planexercise.plan_id = $1::INTEGER
2026-05-08 13:53:32,656 - sqlalchemy.engine.Engine - INFO - [cached since 0.07517s ago] (23,)
2026-05-08 13:53:32,656 - sqlalchemy.engine.Engine - INFO - SELECT exerciseset.id, exerciseset.exercise_id, exerciseset.weight, exerciseset.reps, exerciseset.peak_hr, exerciseset.rest_hr, exerciseset.score, exerciseset.created_at 
FROM exerciseset 
WHERE exerciseset.exercise_id = $1::INTEGER ORDER BY exerciseset.id DESC
2026-05-08 13:53:32,656 - sqlalchemy.engine.Engine - INFO - [cached since 46.69s ago] (32,)
2026-05-08 13:53:32,657 - sqlalchemy.engine.Engine - INFO - SELECT exerciseset.id, exerciseset.exercise_id, exerciseset.weight, exerciseset.reps, exerciseset.peak_hr, exerciseset.rest_hr, exerciseset.score, exerciseset.created_at 
FROM exerciseset 
WHERE exerciseset.exercise_id = $1::INTEGER ORDER BY exerciseset.id DESC
2026-05-08 13:53:32,657 - sqlalchemy.engine.Engine - INFO - [cached since 46.69s ago] (33,)
2026-05-08 13:53:32,658 - sqlalchemy.engine.Engine - INFO - SELECT planexercise.id, planexercise.plan_id, planexercise.exercise_base_id, planexercise.order_index, planexercise.created_at, base_exercise.name 
FROM planexercise JOIN base_exercise ON planexercise.exercise_base_id = base_exercise.id 
WHERE planexercise.plan_id = $1::INTEGER
2026-05-08 13:53:32,658 - sqlalchemy.engine.Engine - INFO - [cached since 0.07775s ago] (24,)
2026-05-08 13:53:32,658 - sqlalchemy.engine.Engine - INFO - SELECT exerciseset.id, exerciseset.exercise_id, exerciseset.weight, exerciseset.reps, exerciseset.peak_hr, exerciseset.rest_hr, exerciseset.score, exerciseset.created_at 
FROM exerciseset 
WHERE exerciseset.exercise_id = $1::INTEGER ORDER BY exerciseset.id DESC
2026-05-08 13:53:32,659 - sqlalchemy.engine.Engine - INFO - [cached since 46.69s ago] (34,)
2026-05-08 13:53:32,659 - sqlalchemy.engine.Engine - INFO - SELECT planexercise.id, planexercise.plan_id, planexercise.exercise_base_id, planexercise.order_index, planexercise.created_at, base_exercise.name 
FROM planexercise JOIN base_exercise ON planexercise.exercise_base_id = base_exercise.id 
WHERE planexercise.plan_id = $1::INTEGER
2026-05-08 13:53:32,668 - sqlalchemy.engine.Engine - INFO - [cached since 0.08719s ago] (25,)
2026-05-08 13:53:32,669 - sqlalchemy.engine.Engine - INFO - SELECT exerciseset.id, exerciseset.exercise_id, exerciseset.weight, exerciseset.reps, exerciseset.peak_hr, exerciseset.rest_hr, exerciseset.score, exerciseset.created_at 
FROM exerciseset 
WHERE exerciseset.exercise_id = $1::INTEGER ORDER BY exerciseset.id DESC
2026-05-08 13:53:32,669 - sqlalchemy.engine.Engine - INFO - [cached since 46.7s ago] (35,)
2026-05-08 13:53:32,670 - sqlalchemy.engine.Engine - INFO - SELECT planexercise.id, planexercise.plan_id, planexercise.exercise_base_id, planexercise.order_index, planexercise.created_at, base_exercise.name 
FROM planexercise JOIN base_exercise ON planexercise.exercise_base_id = base_exercise.id 
WHERE planexercise.plan_id = $1::INTEGER
2026-05-08 13:53:32,670 - sqlalchemy.engine.Engine - INFO - [cached since 0.08956s ago] (26,)
2026-05-08 13:53:32,671 - sqlalchemy.engine.Engine - INFO - SELECT exerciseset.id, exerciseset.exercise_id, exerciseset.weight, exerciseset.reps, exerciseset.peak_hr, exerciseset.rest_hr, exerciseset.score, exerciseset.created_at 
FROM exerciseset 
WHERE exerciseset.exercise_id = $1::INTEGER ORDER BY exerciseset.id DESC
2026-05-08 13:53:32,671 - sqlalchemy.engine.Engine - INFO - [cached since 46.71s ago] (36,)
2026-05-08 13:53:32,672 - sqlalchemy.engine.Engine - INFO - SELECT planexercise.id, planexercise.plan_id, planexercise.exercise_base_id, planexercise.order_index, planexercise.created_at, base_exercise.name 
FROM planexercise JOIN base_exercise ON planexercise.exercise_base_id = base_exercise.id 
WHERE planexercise.plan_id = $1::INTEGER
2026-05-08 13:53:32,672 - sqlalchemy.engine.Engine - INFO - [cached since 0.09165s ago] (27,)
2026-05-08 13:53:32,673 - sqlalchemy.engine.Engine - INFO - SELECT exerciseset.id, exerciseset.exercise_id, exerciseset.weight, exerciseset.reps, exerciseset.peak_hr, exerciseset.rest_hr, exerciseset.score, exerciseset.created_at 
FROM exerciseset 
WHERE exerciseset.exercise_id = $1::INTEGER ORDER BY exerciseset.id DESC
2026-05-08 13:53:32,673 - sqlalchemy.engine.Engine - INFO - [cached since 46.71s ago] (37,)
2026-05-08 13:53:32,674 - sqlalchemy.engine.Engine - INFO - SELECT planexercise.id, planexercise.plan_id, planexercise.exercise_base_id, planexercise.order_index, planexercise.created_at, base_exercise.name 
FROM planexercise JOIN base_exercise ON planexercise.exercise_base_id = base_exercise.id 
WHERE planexercise.plan_id = $1::INTEGER
2026-05-08 13:53:32,674 - sqlalchemy.engine.Engine - INFO - [cached since 0.09335s ago] (28,)
2026-05-08 13:53:32,674 - sqlalchemy.engine.Engine - INFO - SELECT exerciseset.id, exerciseset.exercise_id, exerciseset.weight, exerciseset.reps, exerciseset.peak_hr, exerciseset.rest_hr, exerciseset.score, exerciseset.created_at 
FROM exerciseset 
WHERE exerciseset.exercise_id = $1::INTEGER ORDER BY exerciseset.id DESC
2026-05-08 13:53:32,675 - sqlalchemy.engine.Engine - INFO - [cached since 46.71s ago] (38,)
2026-05-08 13:53:32,675 - sqlalchemy.engine.Engine - INFO - SELECT planexercise.id, planexercise.plan_id, planexercise.exercise_base_id, planexercise.order_index, planexercise.created_at, base_exercise.name 
FROM planexercise JOIN base_exercise ON planexercise.exercise_base_id = base_exercise.id 
WHERE planexercise.plan_id = $1::INTEGER
2026-05-08 13:53:32,675 - sqlalchemy.engine.Engine - INFO - [cached since 0.09471s ago] (29,)
2026-05-08 13:53:32,676 - sqlalchemy.engine.Engine - INFO - SELECT exerciseset.id, exerciseset.exercise_id, exerciseset.weight, exerciseset.reps, exerciseset.peak_hr, exerciseset.rest_hr, exerciseset.score, exerciseset.created_at 
FROM exerciseset 
WHERE exerciseset.exercise_id = $1::INTEGER ORDER BY exerciseset.id DESC
2026-05-08 13:53:32,676 - sqlalchemy.engine.Engine - INFO - [cached since 46.71s ago] (39,)
2026-05-08 13:53:32,676 - sqlalchemy.engine.Engine - INFO - SELECT planexercise.id, planexercise.plan_id, planexercise.exercise_base_id, planexercise.order_index, planexercise.created_at, base_exercise.name 
FROM planexercise JOIN base_exercise ON planexercise.exercise_base_id = base_exercise.id 
WHERE planexercise.plan_id = $1::INTEGER
2026-05-08 13:53:32,683 - sqlalchemy.engine.Engine - INFO - [cached since 0.1027s ago] (30,)
2026-05-08 13:53:32,684 - sqlalchemy.engine.Engine - INFO - SELECT exerciseset.id, exerciseset.exercise_id, exerciseset.weight, exerciseset.reps, exerciseset.peak_hr, exerciseset.rest_hr, exerciseset.score, exerciseset.created_at 
FROM exerciseset 
WHERE exerciseset.exercise_id = $1::INTEGER ORDER BY exerciseset.id DESC
2026-05-08 13:53:32,684 - sqlalchemy.engine.Engine - INFO - [cached since 46.72s ago] (40,)
2026-05-08 13:53:32,686 - sqlalchemy.engine.Engine - INFO - SELECT exerciseset.id, exerciseset.exercise_id, exerciseset.weight, exerciseset.reps, exerciseset.peak_hr, exerciseset.rest_hr, exerciseset.score, exerciseset.created_at 
FROM exerciseset 
WHERE exerciseset.exercise_id = $1::INTEGER ORDER BY exerciseset.id DESC
2026-05-08 13:53:32,686 - sqlalchemy.engine.Engine - INFO - [cached since 46.72s ago] (41,)
2026-05-08 13:53:32,687 - sqlalchemy.engine.Engine - INFO - SELECT planexercise.id, planexercise.plan_id, planexercise.exercise_base_id, planexercise.order_index, planexercise.created_at, base_exercise.name 
FROM planexercise JOIN base_exercise ON planexercise.exercise_base_id = base_exercise.id 
WHERE planexercise.plan_id = $1::INTEGER
2026-05-08 13:53:32,687 - sqlalchemy.engine.Engine - INFO - [cached since 0.1062s ago] (31,)
2026-05-08 13:53:32,687 - sqlalchemy.engine.Engine - INFO - SELECT exerciseset.id, exerciseset.exercise_id, exerciseset.weight, exerciseset.reps, exerciseset.peak_hr, exerciseset.rest_hr, exerciseset.score, exerciseset.created_at 
FROM exerciseset 
WHERE exerciseset.exercise_id = $1::INTEGER ORDER BY exerciseset.id DESC
2026-05-08 13:53:32,687 - sqlalchemy.engine.Engine - INFO - [cached since 46.72s ago] (42,)
2026-05-08 13:53:32,688 - sqlalchemy.engine.Engine - INFO - ROLLBACK
2026-05-08 13:53:35,501 - sqlalchemy.engine.Engine - INFO - BEGIN (implicit)
2026-05-08 13:53:35,501 - sqlalchemy.engine.Engine - INFO - SELECT workoutplan.id, workoutplan.session_id, workoutplan.plan_name, workoutplan.created_at 
FROM workoutplan 
WHERE workoutplan.session_id = $1::VARCHAR
2026-05-08 13:53:35,501 - sqlalchemy.engine.Engine - INFO - [cached since 2.923s ago] ('12A3C',)
2026-05-08 13:53:35,503 - sqlalchemy.engine.Engine - INFO - SELECT planexercise.id, planexercise.plan_id, planexercise.exercise_base_id, planexercise.order_index, planexercise.created_at, base_exercise.name 
FROM planexercise JOIN base_exercise ON planexercise.exercise_base_id = base_exercise.id 
WHERE planexercise.plan_id = $1::INTEGER
2026-05-08 13:53:35,503 - sqlalchemy.engine.Engine - INFO - [cached since 2.922s ago] (1,)
2026-05-08 13:53:35,503 - sqlalchemy.engine.Engine - INFO - SELECT exerciseset.id, exerciseset.exercise_id, exerciseset.weight, exerciseset.reps, exerciseset.peak_hr, exerciseset.rest_hr, exerciseset.score, exerciseset.created_at 
FROM exerciseset 
WHERE exerciseset.exercise_id = $1::INTEGER ORDER BY exerciseset.id DESC
2026-05-08 13:53:35,503 - sqlalchemy.engine.Engine - INFO - [cached since 49.54s ago] (1,)
2026-05-08 13:53:35,504 - sqlalchemy.engine.Engine - INFO - SELECT planexercise.id, planexercise.plan_id, planexercise.exercise_base_id, planexercise.order_index, planexercise.created_at, base_exercise.name 
FROM planexercise JOIN base_exercise ON planexercise.exercise_base_id = base_exercise.id 
WHERE planexercise.plan_id = $1::INTEGER
2026-05-08 13:53:35,504 - sqlalchemy.engine.Engine - INFO - [cached since 2.923s ago] (2,)
2026-05-08 13:53:35,505 - sqlalchemy.engine.Engine - INFO - SELECT exerciseset.id, exerciseset.exercise_id, exerciseset.weight, exerciseset.reps, exerciseset.peak_hr, exerciseset.rest_hr, exerciseset.score, exerciseset.created_at 
FROM exerciseset 
WHERE exerciseset.exercise_id = $1::INTEGER ORDER BY exerciseset.id DESC
2026-05-08 13:53:35,505 - sqlalchemy.engine.Engine - INFO - [cached since 49.54s ago] (2,)
2026-05-08 13:53:35,506 - sqlalchemy.engine.Engine - INFO - SELECT planexercise.id, planexercise.plan_id, planexercise.exercise_base_id, planexercise.order_index, planexercise.created_at, base_exercise.name 
FROM planexercise JOIN base_exercise ON planexercise.exercise_base_id = base_exercise.id 
WHERE planexercise.plan_id = $1::INTEGER
2026-05-08 13:53:35,506 - sqlalchemy.engine.Engine - INFO - [cached since 2.925s ago] (3,)
2026-05-08 13:53:35,507 - sqlalchemy.engine.Engine - INFO - SELECT exerciseset.id, exerciseset.exercise_id, exerciseset.weight, exerciseset.reps, exerciseset.peak_hr, exerciseset.rest_hr, exerciseset.score, exerciseset.created_at 
FROM exerciseset 
WHERE exerciseset.exercise_id = $1::INTEGER ORDER BY exerciseset.id DESC
2026-05-08 13:53:35,507 - sqlalchemy.engine.Engine - INFO - [cached since 49.54s ago] (3,)
2026-05-08 13:53:35,507 - sqlalchemy.engine.Engine - INFO - SELECT planexercise.id, planexercise.plan_id, planexercise.exercise_base_id, planexercise.order_index, planexercise.created_at, base_exercise.name 
FROM planexercise JOIN base_exercise ON planexercise.exercise_base_id = base_exercise.id 
WHERE planexercise.plan_id = $1::INTEGER
2026-05-08 13:53:35,508 - sqlalchemy.engine.Engine - INFO - [cached since 2.927s ago] (4,)
2026-05-08 13:53:35,508 - sqlalchemy.engine.Engine - INFO - SELECT exerciseset.id, exerciseset.exercise_id, exerciseset.weight, exerciseset.reps, exerciseset.peak_hr, exerciseset.rest_hr, exerciseset.score, exerciseset.created_at 
FROM exerciseset 
WHERE exerciseset.exercise_id = $1::INTEGER ORDER BY exerciseset.id DESC
2026-05-08 13:53:35,508 - sqlalchemy.engine.Engine - INFO - [cached since 49.54s ago] (4,)
2026-05-08 13:53:35,509 - sqlalchemy.engine.Engine - INFO - SELECT planexercise.id, planexercise.plan_id, planexercise.exercise_base_id, planexercise.order_index, planexercise.created_at, base_exercise.name 
FROM planexercise JOIN base_exercise ON planexercise.exercise_base_id = base_exercise.id 
WHERE planexercise.plan_id = $1::INTEGER
2026-05-08 13:53:35,514 - sqlalchemy.engine.Engine - INFO - [cached since 2.933s ago] (5,)
2026-05-08 13:53:35,515 - sqlalchemy.engine.Engine - INFO - SELECT exerciseset.id, exerciseset.exercise_id, exerciseset.weight, exerciseset.reps, exerciseset.peak_hr, exerciseset.rest_hr, exerciseset.score, exerciseset.created_at 
FROM exerciseset 
WHERE exerciseset.exercise_id = $1::INTEGER ORDER BY exerciseset.id DESC
2026-05-08 13:53:35,515 - sqlalchemy.engine.Engine - INFO - [cached since 49.55s ago] (5,)
2026-05-08 13:53:35,516 - sqlalchemy.engine.Engine - INFO - SELECT planexercise.id, planexercise.plan_id, planexercise.exercise_base_id, planexercise.order_index, planexercise.created_at, base_exercise.name 
FROM planexercise JOIN base_exercise ON planexercise.exercise_base_id = base_exercise.id 
WHERE planexercise.plan_id = $1::INTEGER
2026-05-08 13:53:35,516 - sqlalchemy.engine.Engine - INFO - [cached since 2.935s ago] (6,)
2026-05-08 13:53:35,516 - sqlalchemy.engine.Engine - INFO - SELECT exerciseset.id, exerciseset.exercise_id, exerciseset.weight, exerciseset.reps, exerciseset.peak_hr, exerciseset.rest_hr, exerciseset.score, exerciseset.created_at 
FROM exerciseset 
WHERE exerciseset.exercise_id = $1::INTEGER ORDER BY exerciseset.id DESC
2026-05-08 13:53:35,517 - sqlalchemy.engine.Engine - INFO - [cached since 49.55s ago] (6,)
2026-05-08 13:53:35,517 - sqlalchemy.engine.Engine - INFO - SELECT planexercise.id, planexercise.plan_id, planexercise.exercise_base_id, planexercise.order_index, planexercise.created_at, base_exercise.name 
FROM planexercise JOIN base_exercise ON planexercise.exercise_base_id = base_exercise.id 
WHERE planexercise.plan_id = $1::INTEGER
2026-05-08 13:53:35,517 - sqlalchemy.engine.Engine - INFO - [cached since 2.937s ago] (7,)
2026-05-08 13:53:35,517 - sqlalchemy.engine.Engine - INFO - SELECT exerciseset.id, exerciseset.exercise_id, exerciseset.weight, exerciseset.reps, exerciseset.peak_hr, exerciseset.rest_hr, exerciseset.score, exerciseset.created_at 
FROM exerciseset 
WHERE exerciseset.exercise_id = $1::INTEGER ORDER BY exerciseset.id DESC
2026-05-08 13:53:35,517 - sqlalchemy.engine.Engine - INFO - [cached since 49.55s ago] (7,)
2026-05-08 13:53:35,518 - sqlalchemy.engine.Engine - INFO - SELECT planexercise.id, planexercise.plan_id, planexercise.exercise_base_id, planexercise.order_index, planexercise.created_at, base_exercise.name 
FROM planexercise JOIN base_exercise ON planexercise.exercise_base_id = base_exercise.id 
WHERE planexercise.plan_id = $1::INTEGER
2026-05-08 13:53:35,518 - sqlalchemy.engine.Engine - INFO - [cached since 2.938s ago] (8,)
2026-05-08 13:53:35,519 - sqlalchemy.engine.Engine - INFO - SELECT exerciseset.id, exerciseset.exercise_id, exerciseset.weight, exerciseset.reps, exerciseset.peak_hr, exerciseset.rest_hr, exerciseset.score, exerciseset.created_at 
FROM exerciseset 
WHERE exerciseset.exercise_id = $1::INTEGER ORDER BY exerciseset.id DESC
2026-05-08 13:53:35,519 - sqlalchemy.engine.Engine - INFO - [cached since 49.55s ago] (8,)
2026-05-08 13:53:35,520 - sqlalchemy.engine.Engine - INFO - SELECT planexercise.id, planexercise.plan_id, planexercise.exercise_base_id, planexercise.order_index, planexercise.created_at, base_exercise.name 
FROM planexercise JOIN base_exercise ON planexercise.exercise_base_id = base_exercise.id 
WHERE planexercise.plan_id = $1::INTEGER
2026-05-08 13:53:35,520 - sqlalchemy.engine.Engine - INFO - [cached since 2.94s ago] (9,)
2026-05-08 13:53:35,521 - sqlalchemy.engine.Engine - INFO - SELECT exerciseset.id, exerciseset.exercise_id, exerciseset.weight, exerciseset.reps, exerciseset.peak_hr, exerciseset.rest_hr, exerciseset.score, exerciseset.created_at 
FROM exerciseset 
WHERE exerciseset.exercise_id = $1::INTEGER ORDER BY exerciseset.id DESC
2026-05-08 13:53:35,521 - sqlalchemy.engine.Engine - INFO - [cached since 49.56s ago] (9,)
2026-05-08 13:53:35,521 - sqlalchemy.engine.Engine - INFO - SELECT planexercise.id, planexercise.plan_id, planexercise.exercise_base_id, planexercise.order_index, planexercise.created_at, base_exercise.name 
FROM planexercise JOIN base_exercise ON planexercise.exercise_base_id = base_exercise.id 
WHERE planexercise.plan_id = $1::INTEGER
2026-05-08 13:53:35,529 - sqlalchemy.engine.Engine - INFO - [cached since 2.949s ago] (10,)
2026-05-08 13:53:35,530 - sqlalchemy.engine.Engine - INFO - SELECT exerciseset.id, exerciseset.exercise_id, exerciseset.weight, exerciseset.reps, exerciseset.peak_hr, exerciseset.rest_hr, exerciseset.score, exerciseset.created_at 
FROM exerciseset 
WHERE exerciseset.exercise_id = $1::INTEGER ORDER BY exerciseset.id DESC
2026-05-08 13:53:35,530 - sqlalchemy.engine.Engine - INFO - [cached since 49.56s ago] (10,)
2026-05-08 13:53:35,531 - sqlalchemy.engine.Engine - INFO - SELECT exerciseset.id, exerciseset.exercise_id, exerciseset.weight, exerciseset.reps, exerciseset.peak_hr, exerciseset.rest_hr, exerciseset.score, exerciseset.created_at 
FROM exerciseset 
WHERE exerciseset.exercise_id = $1::INTEGER ORDER BY exerciseset.id DESC
2026-05-08 13:53:35,531 - sqlalchemy.engine.Engine - INFO - [cached since 49.57s ago] (11,)
2026-05-08 13:53:35,531 - sqlalchemy.engine.Engine - INFO - SELECT planexercise.id, planexercise.plan_id, planexercise.exercise_base_id, planexercise.order_index, planexercise.created_at, base_exercise.name 
FROM planexercise JOIN base_exercise ON planexercise.exercise_base_id = base_exercise.id 
WHERE planexercise.plan_id = $1::INTEGER
2026-05-08 13:53:35,532 - sqlalchemy.engine.Engine - INFO - [cached since 2.951s ago] (11,)
2026-05-08 13:53:35,532 - sqlalchemy.engine.Engine - INFO - SELECT exerciseset.id, exerciseset.exercise_id, exerciseset.weight, exerciseset.reps, exerciseset.peak_hr, exerciseset.rest_hr, exerciseset.score, exerciseset.created_at 
FROM exerciseset 
WHERE exerciseset.exercise_id = $1::INTEGER ORDER BY exerciseset.id DESC
2026-05-08 13:53:35,532 - sqlalchemy.engine.Engine - INFO - [cached since 49.57s ago] (12,)
2026-05-08 13:53:35,533 - sqlalchemy.engine.Engine - INFO - SELECT exerciseset.id, exerciseset.exercise_id, exerciseset.weight, exerciseset.reps, exerciseset.peak_hr, exerciseset.rest_hr, exerciseset.score, exerciseset.created_at 
FROM exerciseset 
WHERE exerciseset.exercise_id = $1::INTEGER ORDER BY exerciseset.id DESC
2026-05-08 13:53:35,533 - sqlalchemy.engine.Engine - INFO - [cached since 49.57s ago] (13,)
2026-05-08 13:53:35,534 - sqlalchemy.engine.Engine - INFO - SELECT planexercise.id, planexercise.plan_id, planexercise.exercise_base_id, planexercise.order_index, planexercise.created_at, base_exercise.name 
FROM planexercise JOIN base_exercise ON planexercise.exercise_base_id = base_exercise.id 
WHERE planexercise.plan_id = $1::INTEGER
2026-05-08 13:53:35,534 - sqlalchemy.engine.Engine - INFO - [cached since 2.954s ago] (12,)
2026-05-08 13:53:35,534 - sqlalchemy.engine.Engine - INFO - SELECT exerciseset.id, exerciseset.exercise_id, exerciseset.weight, exerciseset.reps, exerciseset.peak_hr, exerciseset.rest_hr, exerciseset.score, exerciseset.created_at 
FROM exerciseset 
WHERE exerciseset.exercise_id = $1::INTEGER ORDER BY exerciseset.id DESC
2026-05-08 13:53:35,534 - sqlalchemy.engine.Engine - INFO - [cached since 49.57s ago] (14,)
2026-05-08 13:53:35,534 - sqlalchemy.engine.Engine - INFO - SELECT exerciseset.id, exerciseset.exercise_id, exerciseset.weight, exerciseset.reps, exerciseset.peak_hr, exerciseset.rest_hr, exerciseset.score, exerciseset.created_at 
FROM exerciseset 
WHERE exerciseset.exercise_id = $1::INTEGER ORDER BY exerciseset.id DESC
2026-05-08 13:53:35,536 - sqlalchemy.engine.Engine - INFO - [cached since 49.57s ago] (15,)
2026-05-08 13:53:35,536 - sqlalchemy.engine.Engine - INFO - SELECT planexercise.id, planexercise.plan_id, planexercise.exercise_base_id, planexercise.order_index, planexercise.created_at, base_exercise.name 
FROM planexercise JOIN base_exercise ON planexercise.exercise_base_id = base_exercise.id 
WHERE planexercise.plan_id = $1::INTEGER
2026-05-08 13:53:35,545 - sqlalchemy.engine.Engine - INFO - [cached since 2.964s ago] (13,)
2026-05-08 13:53:35,546 - sqlalchemy.engine.Engine - INFO - SELECT exerciseset.id, exerciseset.exercise_id, exerciseset.weight, exerciseset.reps, exerciseset.peak_hr, exerciseset.rest_hr, exerciseset.score, exerciseset.created_at 
FROM exerciseset 
WHERE exerciseset.exercise_id = $1::INTEGER ORDER BY exerciseset.id DESC
2026-05-08 13:53:35,546 - sqlalchemy.engine.Engine - INFO - [cached since 49.58s ago] (17,)
2026-05-08 13:53:35,547 - sqlalchemy.engine.Engine - INFO - SELECT exerciseset.id, exerciseset.exercise_id, exerciseset.weight, exerciseset.reps, exerciseset.peak_hr, exerciseset.rest_hr, exerciseset.score, exerciseset.created_at 
FROM exerciseset 
WHERE exerciseset.exercise_id = $1::INTEGER ORDER BY exerciseset.id DESC
2026-05-08 13:53:35,548 - sqlalchemy.engine.Engine - INFO - [cached since 49.58s ago] (16,)
2026-05-08 13:53:35,549 - sqlalchemy.engine.Engine - INFO - SELECT planexercise.id, planexercise.plan_id, planexercise.exercise_base_id, planexercise.order_index, planexercise.created_at, base_exercise.name 
FROM planexercise JOIN base_exercise ON planexercise.exercise_base_id = base_exercise.id 
WHERE planexercise.plan_id = $1::INTEGER
2026-05-08 13:53:35,549 - sqlalchemy.engine.Engine - INFO - [cached since 2.968s ago] (14,)
2026-05-08 13:53:35,549 - sqlalchemy.engine.Engine - INFO - SELECT exerciseset.id, exerciseset.exercise_id, exerciseset.weight, exerciseset.reps, exerciseset.peak_hr, exerciseset.rest_hr, exerciseset.score, exerciseset.created_at 
FROM exerciseset 
WHERE exerciseset.exercise_id = $1::INTEGER ORDER BY exerciseset.id DESC
2026-05-08 13:53:35,549 - sqlalchemy.engine.Engine - INFO - [cached since 49.58s ago] (18,)
2026-05-08 13:53:35,550 - sqlalchemy.engine.Engine - INFO - SELECT exerciseset.id, exerciseset.exercise_id, exerciseset.weight, exerciseset.reps, exerciseset.peak_hr, exerciseset.rest_hr, exerciseset.score, exerciseset.created_at 
FROM exerciseset 
WHERE exerciseset.exercise_id = $1::INTEGER ORDER BY exerciseset.id DESC
2026-05-08 13:53:35,550 - sqlalchemy.engine.Engine - INFO - [cached since 49.58s ago] (19,)
2026-05-08 13:53:35,551 - sqlalchemy.engine.Engine - INFO - SELECT planexercise.id, planexercise.plan_id, planexercise.exercise_base_id, planexercise.order_index, planexercise.created_at, base_exercise.name 
FROM planexercise JOIN base_exercise ON planexercise.exercise_base_id = base_exercise.id 
WHERE planexercise.plan_id = $1::INTEGER
2026-05-08 13:53:35,551 - sqlalchemy.engine.Engine - INFO - [cached since 2.97s ago] (15,)
2026-05-08 13:53:35,551 - sqlalchemy.engine.Engine - INFO - SELECT exerciseset.id, exerciseset.exercise_id, exerciseset.weight, exerciseset.reps, exerciseset.peak_hr, exerciseset.rest_hr, exerciseset.score, exerciseset.created_at 
FROM exerciseset 
WHERE exerciseset.exercise_id = $1::INTEGER ORDER BY exerciseset.id DESC
2026-05-08 13:53:35,551 - sqlalchemy.engine.Engine - INFO - [cached since 49.59s ago] (21,)
2026-05-08 13:53:35,552 - sqlalchemy.engine.Engine - INFO - SELECT exerciseset.id, exerciseset.exercise_id, exerciseset.weight, exerciseset.reps, exerciseset.peak_hr, exerciseset.rest_hr, exerciseset.score, exerciseset.created_at 
FROM exerciseset 
WHERE exerciseset.exercise_id = $1::INTEGER ORDER BY exerciseset.id DESC
2026-05-08 13:53:35,552 - sqlalchemy.engine.Engine - INFO - [cached since 49.59s ago] (20,)
2026-05-08 13:53:35,553 - sqlalchemy.engine.Engine - INFO - SELECT planexercise.id, planexercise.plan_id, planexercise.exercise_base_id, planexercise.order_index, planexercise.created_at, base_exercise.name 
FROM planexercise JOIN base_exercise ON planexercise.exercise_base_id = base_exercise.id 
WHERE planexercise.plan_id = $1::INTEGER
2026-05-08 13:53:35,553 - sqlalchemy.engine.Engine - INFO - [cached since 2.972s ago] (16,)
2026-05-08 13:53:35,553 - sqlalchemy.engine.Engine - INFO - SELECT exerciseset.id, exerciseset.exercise_id, exerciseset.weight, exerciseset.reps, exerciseset.peak_hr, exerciseset.rest_hr, exerciseset.score, exerciseset.created_at 
FROM exerciseset 
WHERE exerciseset.exercise_id = $1::INTEGER ORDER BY exerciseset.id DESC
2026-05-08 13:53:35,560 - sqlalchemy.engine.Engine - INFO - [cached since 49.59s ago] (22,)
2026-05-08 13:53:35,561 - sqlalchemy.engine.Engine - INFO - SELECT exerciseset.id, exerciseset.exercise_id, exerciseset.weight, exerciseset.reps, exerciseset.peak_hr, exerciseset.rest_hr, exerciseset.score, exerciseset.created_at 
FROM exerciseset 
WHERE exerciseset.exercise_id = $1::INTEGER ORDER BY exerciseset.id DESC
2026-05-08 13:53:35,562 - sqlalchemy.engine.Engine - INFO - [cached since 49.6s ago] (23,)
2026-05-08 13:53:35,562 - sqlalchemy.engine.Engine - INFO - SELECT planexercise.id, planexercise.plan_id, planexercise.exercise_base_id, planexercise.order_index, planexercise.created_at, base_exercise.name 
FROM planexercise JOIN base_exercise ON planexercise.exercise_base_id = base_exercise.id 
WHERE planexercise.plan_id = $1::INTEGER
2026-05-08 13:53:35,563 - sqlalchemy.engine.Engine - INFO - [cached since 2.982s ago] (17,)
2026-05-08 13:53:35,563 - sqlalchemy.engine.Engine - INFO - SELECT exerciseset.id, exerciseset.exercise_id, exerciseset.weight, exerciseset.reps, exerciseset.peak_hr, exerciseset.rest_hr, exerciseset.score, exerciseset.created_at 
FROM exerciseset 
WHERE exerciseset.exercise_id = $1::INTEGER ORDER BY exerciseset.id DESC
2026-05-08 13:53:35,563 - sqlalchemy.engine.Engine - INFO - [cached since 49.6s ago] (25,)
2026-05-08 13:53:35,564 - sqlalchemy.engine.Engine - INFO - SELECT exerciseset.id, exerciseset.exercise_id, exerciseset.weight, exerciseset.reps, exerciseset.peak_hr, exerciseset.rest_hr, exerciseset.score, exerciseset.created_at 
FROM exerciseset 
WHERE exerciseset.exercise_id = $1::INTEGER ORDER BY exerciseset.id DESC
2026-05-08 13:53:35,564 - sqlalchemy.engine.Engine - INFO - [cached since 49.6s ago] (24,)
2026-05-08 13:53:35,565 - sqlalchemy.engine.Engine - INFO - SELECT planexercise.id, planexercise.plan_id, planexercise.exercise_base_id, planexercise.order_index, planexercise.created_at, base_exercise.name 
FROM planexercise JOIN base_exercise ON planexercise.exercise_base_id = base_exercise.id 
WHERE planexercise.plan_id = $1::INTEGER
2026-05-08 13:53:35,565 - sqlalchemy.engine.Engine - INFO - [cached since 2.984s ago] (18,)
2026-05-08 13:53:35,565 - sqlalchemy.engine.Engine - INFO - SELECT exerciseset.id, exerciseset.exercise_id, exerciseset.weight, exerciseset.reps, exerciseset.peak_hr, exerciseset.rest_hr, exerciseset.score, exerciseset.created_at 
FROM exerciseset 
WHERE exerciseset.exercise_id = $1::INTEGER ORDER BY exerciseset.id DESC
2026-05-08 13:53:35,565 - sqlalchemy.engine.Engine - INFO - [cached since 49.6s ago] (26,)
2026-05-08 13:53:35,566 - sqlalchemy.engine.Engine - INFO - SELECT exerciseset.id, exerciseset.exercise_id, exerciseset.weight, exerciseset.reps, exerciseset.peak_hr, exerciseset.rest_hr, exerciseset.score, exerciseset.created_at 
FROM exerciseset 
WHERE exerciseset.exercise_id = $1::INTEGER ORDER BY exerciseset.id DESC
2026-05-08 13:53:35,566 - sqlalchemy.engine.Engine - INFO - [cached since 49.6s ago] (27,)
2026-05-08 13:53:35,566 - sqlalchemy.engine.Engine - INFO - SELECT planexercise.id, planexercise.plan_id, planexercise.exercise_base_id, planexercise.order_index, planexercise.created_at, base_exercise.name 
FROM planexercise JOIN base_exercise ON planexercise.exercise_base_id = base_exercise.id 
WHERE planexercise.plan_id = $1::INTEGER
2026-05-08 13:53:35,566 - sqlalchemy.engine.Engine - INFO - [cached since 2.986s ago] (19,)
2026-05-08 13:53:35,567 - sqlalchemy.engine.Engine - INFO - SELECT exerciseset.id, exerciseset.exercise_id, exerciseset.weight, exerciseset.reps, exerciseset.peak_hr, exerciseset.rest_hr, exerciseset.score, exerciseset.created_at 
FROM exerciseset 
WHERE exerciseset.exercise_id = $1::INTEGER ORDER BY exerciseset.id DESC
2026-05-08 13:53:35,567 - sqlalchemy.engine.Engine - INFO - [cached since 49.6s ago] (28,)
2026-05-08 13:53:35,567 - sqlalchemy.engine.Engine - INFO - SELECT planexercise.id, planexercise.plan_id, planexercise.exercise_base_id, planexercise.order_index, planexercise.created_at, base_exercise.name 
FROM planexercise JOIN base_exercise ON planexercise.exercise_base_id = base_exercise.id 
WHERE planexercise.plan_id = $1::INTEGER
2026-05-08 13:53:35,576 - sqlalchemy.engine.Engine - INFO - [cached since 2.995s ago] (20,)
2026-05-08 13:53:35,577 - sqlalchemy.engine.Engine - INFO - SELECT exerciseset.id, exerciseset.exercise_id, exerciseset.weight, exerciseset.reps, exerciseset.peak_hr, exerciseset.rest_hr, exerciseset.score, exerciseset.created_at 
FROM exerciseset 
WHERE exerciseset.exercise_id = $1::INTEGER ORDER BY exerciseset.id DESC
2026-05-08 13:53:35,577 - sqlalchemy.engine.Engine - INFO - [cached since 49.61s ago] (29,)
2026-05-08 13:53:35,578 - sqlalchemy.engine.Engine - INFO - SELECT planexercise.id, planexercise.plan_id, planexercise.exercise_base_id, planexercise.order_index, planexercise.created_at, base_exercise.name 
FROM planexercise JOIN base_exercise ON planexercise.exercise_base_id = base_exercise.id 
WHERE planexercise.plan_id = $1::INTEGER
2026-05-08 13:53:35,578 - sqlalchemy.engine.Engine - INFO - [cached since 2.997s ago] (21,)
2026-05-08 13:53:35,578 - sqlalchemy.engine.Engine - INFO - SELECT exerciseset.id, exerciseset.exercise_id, exerciseset.weight, exerciseset.reps, exerciseset.peak_hr, exerciseset.rest_hr, exerciseset.score, exerciseset.created_at 
FROM exerciseset 
WHERE exerciseset.exercise_id = $1::INTEGER ORDER BY exerciseset.id DESC
2026-05-08 13:53:35,578 - sqlalchemy.engine.Engine - INFO - [cached since 49.61s ago] (30,)
2026-05-08 13:53:35,579 - sqlalchemy.engine.Engine - INFO - SELECT planexercise.id, planexercise.plan_id, planexercise.exercise_base_id, planexercise.order_index, planexercise.created_at, base_exercise.name 
FROM planexercise JOIN base_exercise ON planexercise.exercise_base_id = base_exercise.id 
WHERE planexercise.plan_id = $1::INTEGER
2026-05-08 13:53:35,579 - sqlalchemy.engine.Engine - INFO - [cached since 2.999s ago] (22,)
2026-05-08 13:53:35,580 - sqlalchemy.engine.Engine - INFO - SELECT exerciseset.id, exerciseset.exercise_id, exerciseset.weight, exerciseset.reps, exerciseset.peak_hr, exerciseset.rest_hr, exerciseset.score, exerciseset.created_at 
FROM exerciseset 
WHERE exerciseset.exercise_id = $1::INTEGER ORDER BY exerciseset.id DESC
2026-05-08 13:53:35,580 - sqlalchemy.engine.Engine - INFO - [cached since 49.61s ago] (31,)
2026-05-08 13:53:35,580 - sqlalchemy.engine.Engine - INFO - SELECT planexercise.id, planexercise.plan_id, planexercise.exercise_base_id, planexercise.order_index, planexercise.created_at, base_exercise.name 
FROM planexercise JOIN base_exercise ON planexercise.exercise_base_id = base_exercise.id 
WHERE planexercise.plan_id = $1::INTEGER
2026-05-08 13:53:35,580 - sqlalchemy.engine.Engine - INFO - [cached since 3s ago] (23,)
2026-05-08 13:53:35,581 - sqlalchemy.engine.Engine - INFO - SELECT exerciseset.id, exerciseset.exercise_id, exerciseset.weight, exerciseset.reps, exerciseset.peak_hr, exerciseset.rest_hr, exerciseset.score, exerciseset.created_at 
FROM exerciseset 
WHERE exerciseset.exercise_id = $1::INTEGER ORDER BY exerciseset.id DESC
2026-05-08 13:53:35,581 - sqlalchemy.engine.Engine - INFO - [cached since 49.62s ago] (32,)
2026-05-08 13:53:35,581 - sqlalchemy.engine.Engine - INFO - SELECT exerciseset.id, exerciseset.exercise_id, exerciseset.weight, exerciseset.reps, exerciseset.peak_hr, exerciseset.rest_hr, exerciseset.score, exerciseset.created_at 
FROM exerciseset 
WHERE exerciseset.exercise_id = $1::INTEGER ORDER BY exerciseset.id DESC
2026-05-08 13:53:35,582 - sqlalchemy.engine.Engine - INFO - [cached since 49.62s ago] (33,)
2026-05-08 13:53:35,583 - sqlalchemy.engine.Engine - INFO - SELECT planexercise.id, planexercise.plan_id, planexercise.exercise_base_id, planexercise.order_index, planexercise.created_at, base_exercise.name 
FROM planexercise JOIN base_exercise ON planexercise.exercise_base_id = base_exercise.id 
WHERE planexercise.plan_id = $1::INTEGER
2026-05-08 13:53:35,591 - sqlalchemy.engine.Engine - INFO - [cached since 3.011s ago] (24,)
2026-05-08 13:53:35,592 - sqlalchemy.engine.Engine - INFO - SELECT exerciseset.id, exerciseset.exercise_id, exerciseset.weight, exerciseset.reps, exerciseset.peak_hr, exerciseset.rest_hr, exerciseset.score, exerciseset.created_at 
FROM exerciseset 
WHERE exerciseset.exercise_id = $1::INTEGER ORDER BY exerciseset.id DESC
2026-05-08 13:53:35,592 - sqlalchemy.engine.Engine - INFO - [cached since 49.63s ago] (34,)
2026-05-08 13:53:35,593 - sqlalchemy.engine.Engine - INFO - SELECT planexercise.id, planexercise.plan_id, planexercise.exercise_base_id, planexercise.order_index, planexercise.created_at, base_exercise.name 
FROM planexercise JOIN base_exercise ON planexercise.exercise_base_id = base_exercise.id 
WHERE planexercise.plan_id = $1::INTEGER
2026-05-08 13:53:35,593 - sqlalchemy.engine.Engine - INFO - [cached since 3.013s ago] (25,)
2026-05-08 13:53:35,593 - sqlalchemy.engine.Engine - INFO - SELECT exerciseset.id, exerciseset.exercise_id, exerciseset.weight, exerciseset.reps, exerciseset.peak_hr, exerciseset.rest_hr, exerciseset.score, exerciseset.created_at 
FROM exerciseset 
WHERE exerciseset.exercise_id = $1::INTEGER ORDER BY exerciseset.id DESC
2026-05-08 13:53:35,594 - sqlalchemy.engine.Engine - INFO - [cached since 49.63s ago] (35,)
2026-05-08 13:53:35,594 - sqlalchemy.engine.Engine - INFO - SELECT planexercise.id, planexercise.plan_id, planexercise.exercise_base_id, planexercise.order_index, planexercise.created_at, base_exercise.name 
FROM planexercise JOIN base_exercise ON planexercise.exercise_base_id = base_exercise.id 
WHERE planexercise.plan_id = $1::INTEGER
2026-05-08 13:53:35,594 - sqlalchemy.engine.Engine - INFO - [cached since 3.014s ago] (26,)
2026-05-08 13:53:35,594 - sqlalchemy.engine.Engine - INFO - SELECT exerciseset.id, exerciseset.exercise_id, exerciseset.weight, exerciseset.reps, exerciseset.peak_hr, exerciseset.rest_hr, exerciseset.score, exerciseset.created_at 
FROM exerciseset 
WHERE exerciseset.exercise_id = $1::INTEGER ORDER BY exerciseset.id DESC
2026-05-08 13:53:35,594 - sqlalchemy.engine.Engine - INFO - [cached since 49.63s ago] (36,)
2026-05-08 13:53:35,596 - sqlalchemy.engine.Engine - INFO - SELECT planexercise.id, planexercise.plan_id, planexercise.exercise_base_id, planexercise.order_index, planexercise.created_at, base_exercise.name 
FROM planexercise JOIN base_exercise ON planexercise.exercise_base_id = base_exercise.id 
WHERE planexercise.plan_id = $1::INTEGER
2026-05-08 13:53:35,596 - sqlalchemy.engine.Engine - INFO - [cached since 3.016s ago] (27,)
2026-05-08 13:53:35,597 - sqlalchemy.engine.Engine - INFO - SELECT exerciseset.id, exerciseset.exercise_id, exerciseset.weight, exerciseset.reps, exerciseset.peak_hr, exerciseset.rest_hr, exerciseset.score, exerciseset.created_at 
FROM exerciseset 
WHERE exerciseset.exercise_id = $1::INTEGER ORDER BY exerciseset.id DESC
2026-05-08 13:53:35,597 - sqlalchemy.engine.Engine - INFO - [cached since 49.63s ago] (37,)
2026-05-08 13:53:35,597 - sqlalchemy.engine.Engine - INFO - SELECT planexercise.id, planexercise.plan_id, planexercise.exercise_base_id, planexercise.order_index, planexercise.created_at, base_exercise.name 
FROM planexercise JOIN base_exercise ON planexercise.exercise_base_id = base_exercise.id 
WHERE planexercise.plan_id = $1::INTEGER
2026-05-08 13:53:35,598 - sqlalchemy.engine.Engine - INFO - [cached since 3.017s ago] (28,)
2026-05-08 13:53:35,598 - sqlalchemy.engine.Engine - INFO - SELECT exerciseset.id, exerciseset.exercise_id, exerciseset.weight, exerciseset.reps, exerciseset.peak_hr, exerciseset.rest_hr, exerciseset.score, exerciseset.created_at 
FROM exerciseset 
WHERE exerciseset.exercise_id = $1::INTEGER ORDER BY exerciseset.id DESC
2026-05-08 13:53:35,598 - sqlalchemy.engine.Engine - INFO - [cached since 49.63s ago] (38,)
2026-05-08 13:53:35,599 - sqlalchemy.engine.Engine - INFO - SELECT planexercise.id, planexercise.plan_id, planexercise.exercise_base_id, planexercise.order_index, planexercise.created_at, base_exercise.name 
FROM planexercise JOIN base_exercise ON planexercise.exercise_base_id = base_exercise.id 
WHERE planexercise.plan_id = $1::INTEGER
2026-05-08 13:53:35,607 - sqlalchemy.engine.Engine - INFO - [cached since 3.026s ago] (29,)
2026-05-08 13:53:35,608 - sqlalchemy.engine.Engine - INFO - SELECT exerciseset.id, exerciseset.exercise_id, exerciseset.weight, exerciseset.reps, exerciseset.peak_hr, exerciseset.rest_hr, exerciseset.score, exerciseset.created_at 
FROM exerciseset 
WHERE exerciseset.exercise_id = $1::INTEGER ORDER BY exerciseset.id DESC
2026-05-08 13:53:35,608 - sqlalchemy.engine.Engine - INFO - [cached since 49.64s ago] (39,)
2026-05-08 13:53:35,609 - sqlalchemy.engine.Engine - INFO - SELECT planexercise.id, planexercise.plan_id, planexercise.exercise_base_id, planexercise.order_index, planexercise.created_at, base_exercise.name 
FROM planexercise JOIN base_exercise ON planexercise.exercise_base_id = base_exercise.id 
WHERE planexercise.plan_id = $1::INTEGER
2026-05-08 13:53:35,609 - sqlalchemy.engine.Engine - INFO - [cached since 3.028s ago] (30,)
2026-05-08 13:53:35,610 - sqlalchemy.engine.Engine - INFO - SELECT exerciseset.id, exerciseset.exercise_id, exerciseset.weight, exerciseset.reps, exerciseset.peak_hr, exerciseset.rest_hr, exerciseset.score, exerciseset.created_at 
FROM exerciseset 
WHERE exerciseset.exercise_id = $1::INTEGER ORDER BY exerciseset.id DESC
2026-05-08 13:53:35,610 - sqlalchemy.engine.Engine - INFO - [cached since 49.64s ago] (40,)
2026-05-08 13:53:35,611 - sqlalchemy.engine.Engine - INFO - SELECT exerciseset.id, exerciseset.exercise_id, exerciseset.weight, exerciseset.reps, exerciseset.peak_hr, exerciseset.rest_hr, exerciseset.score, exerciseset.created_at 
FROM exerciseset 
WHERE exerciseset.exercise_id = $1::INTEGER ORDER BY exerciseset.id DESC
2026-05-08 13:53:35,611 - sqlalchemy.engine.Engine - INFO - [cached since 49.65s ago] (41,)
2026-05-08 13:53:35,612 - sqlalchemy.engine.Engine - INFO - SELECT planexercise.id, planexercise.plan_id, planexercise.exercise_base_id, planexercise.order_index, planexercise.created_at, base_exercise.name 
FROM planexercise JOIN base_exercise ON planexercise.exercise_base_id = base_exercise.id 
WHERE planexercise.plan_id = $1::INTEGER
2026-05-08 13:53:35,612 - sqlalchemy.engine.Engine - INFO - [cached since 3.031s ago] (31,)
2026-05-08 13:53:35,613 - sqlalchemy.engine.Engine - INFO - SELECT exerciseset.id, exerciseset.exercise_id, exerciseset.weight, exerciseset.reps, exerciseset.peak_hr, exerciseset.rest_hr, exerciseset.score, exerciseset.created_at 
FROM exerciseset 
WHERE exerciseset.exercise_id = $1::INTEGER ORDER BY exerciseset.id DESC
2026-05-08 13:53:35,613 - sqlalchemy.engine.Engine - INFO - [cached since 49.65s ago] (42,)
2026-05-08 13:53:35,614 - sqlalchemy.engine.Engine - INFO - ROLLBACK
2026-05-08 14:12:31,272 - sqlalchemy.engine.Engine - INFO - BEGIN (implicit)
2026-05-08 14:12:31,272 - sqlalchemy.engine.Engine - INFO - SELECT workoutplan.id, workoutplan.session_id, workoutplan.plan_name, workoutplan.created_at 
FROM workoutplan 
WHERE workoutplan.session_id = $1::VARCHAR
2026-05-08 14:12:31,272 - sqlalchemy.engine.Engine - INFO - [cached since 1139s ago] ('12A3C',)
2026-05-08 14:12:31,275 - sqlalchemy.engine.Engine - INFO - SELECT planexercise.id, planexercise.plan_id, planexercise.exercise_base_id, planexercise.order_index, planexercise.created_at, base_exercise.name 
FROM planexercise JOIN base_exercise ON planexercise.exercise_base_id = base_exercise.id 
WHERE planexercise.plan_id = $1::INTEGER
2026-05-08 14:12:31,275 - sqlalchemy.engine.Engine - INFO - [cached since 1139s ago] (1,)
2026-05-08 14:12:31,276 - sqlalchemy.engine.Engine - INFO - SELECT exerciseset.id, exerciseset.exercise_id, exerciseset.weight, exerciseset.reps, exerciseset.peak_hr, exerciseset.rest_hr, exerciseset.score, exerciseset.created_at 
FROM exerciseset 
WHERE exerciseset.exercise_id = $1::INTEGER ORDER BY exerciseset.id DESC
2026-05-08 14:12:31,276 - sqlalchemy.engine.Engine - INFO - [cached since 1185s ago] (1,)
2026-05-08 14:12:31,277 - sqlalchemy.engine.Engine - INFO - SELECT planexercise.id, planexercise.plan_id, planexercise.exercise_base_id, planexercise.order_index, planexercise.created_at, base_exercise.name 
FROM planexercise JOIN base_exercise ON planexercise.exercise_base_id = base_exercise.id 
WHERE planexercise.plan_id = $1::INTEGER
2026-05-08 14:12:31,277 - sqlalchemy.engine.Engine - INFO - [cached since 1139s ago] (2,)
2026-05-08 14:12:31,278 - sqlalchemy.engine.Engine - INFO - SELECT exerciseset.id, exerciseset.exercise_id, exerciseset.weight, exerciseset.reps, exerciseset.peak_hr, exerciseset.rest_hr, exerciseset.score, exerciseset.created_at 
FROM exerciseset 
WHERE exerciseset.exercise_id = $1::INTEGER ORDER BY exerciseset.id DESC
2026-05-08 14:12:31,278 - sqlalchemy.engine.Engine - INFO - [cached since 1185s ago] (2,)
2026-05-08 14:12:31,279 - sqlalchemy.engine.Engine - INFO - SELECT planexercise.id, planexercise.plan_id, planexercise.exercise_base_id, planexercise.order_index, planexercise.created_at, base_exercise.name 
FROM planexercise JOIN base_exercise ON planexercise.exercise_base_id = base_exercise.id 
WHERE planexercise.plan_id = $1::INTEGER
2026-05-08 14:12:31,279 - sqlalchemy.engine.Engine - INFO - [cached since 1139s ago] (3,)
2026-05-08 14:12:31,281 - sqlalchemy.engine.Engine - INFO - SELECT exerciseset.id, exerciseset.exercise_id, exerciseset.weight, exerciseset.reps, exerciseset.peak_hr, exerciseset.rest_hr, exerciseset.score, exerciseset.created_at 
FROM exerciseset 
WHERE exerciseset.exercise_id = $1::INTEGER ORDER BY exerciseset.id DESC
2026-05-08 14:12:31,282 - sqlalchemy.engine.Engine - INFO - [cached since 1185s ago] (3,)
2026-05-08 14:12:31,283 - sqlalchemy.engine.Engine - INFO - SELECT planexercise.id, planexercise.plan_id, planexercise.exercise_base_id, planexercise.order_index, planexercise.created_at, base_exercise.name 
FROM planexercise JOIN base_exercise ON planexercise.exercise_base_id = base_exercise.id 
WHERE planexercise.plan_id = $1::INTEGER
2026-05-08 14:12:31,283 - sqlalchemy.engine.Engine - INFO - [cached since 1139s ago] (4,)
2026-05-08 14:12:31,284 - sqlalchemy.engine.Engine - INFO - SELECT exerciseset.id, exerciseset.exercise_id, exerciseset.weight, exerciseset.reps, exerciseset.peak_hr, exerciseset.rest_hr, exerciseset.score, exerciseset.created_at 
FROM exerciseset 
WHERE exerciseset.exercise_id = $1::INTEGER ORDER BY exerciseset.id DESC
2026-05-08 14:12:31,284 - sqlalchemy.engine.Engine - INFO - [cached since 1185s ago] (4,)
2026-05-08 14:12:31,284 - sqlalchemy.engine.Engine - INFO - SELECT planexercise.id, planexercise.plan_id, planexercise.exercise_base_id, planexercise.order_index, planexercise.created_at, base_exercise.name 
FROM planexercise JOIN base_exercise ON planexercise.exercise_base_id = base_exercise.id 
WHERE planexercise.plan_id = $1::INTEGER
2026-05-08 14:12:31,287 - sqlalchemy.engine.Engine - INFO - [cached since 1139s ago] (5,)
2026-05-08 14:12:31,288 - sqlalchemy.engine.Engine - INFO - SELECT exerciseset.id, exerciseset.exercise_id, exerciseset.weight, exerciseset.reps, exerciseset.peak_hr, exerciseset.rest_hr, exerciseset.score, exerciseset.created_at 
FROM exerciseset 
WHERE exerciseset.exercise_id = $1::INTEGER ORDER BY exerciseset.id DESC
2026-05-08 14:12:31,288 - sqlalchemy.engine.Engine - INFO - [cached since 1185s ago] (5,)
2026-05-08 14:12:31,290 - sqlalchemy.engine.Engine - INFO - SELECT planexercise.id, planexercise.plan_id, planexercise.exercise_base_id, planexercise.order_index, planexercise.created_at, base_exercise.name 
FROM planexercise JOIN base_exercise ON planexercise.exercise_base_id = base_exercise.id 
WHERE planexercise.plan_id = $1::INTEGER
2026-05-08 14:12:31,290 - sqlalchemy.engine.Engine - INFO - [cached since 1139s ago] (6,)
2026-05-08 14:12:31,290 - sqlalchemy.engine.Engine - INFO - SELECT exerciseset.id, exerciseset.exercise_id, exerciseset.weight, exerciseset.reps, exerciseset.peak_hr, exerciseset.rest_hr, exerciseset.score, exerciseset.created_at 
FROM exerciseset 
WHERE exerciseset.exercise_id = $1::INTEGER ORDER BY exerciseset.id DESC
2026-05-08 14:12:31,291 - sqlalchemy.engine.Engine - INFO - [cached since 1185s ago] (6,)
2026-05-08 14:12:31,291 - sqlalchemy.engine.Engine - INFO - SELECT planexercise.id, planexercise.plan_id, planexercise.exercise_base_id, planexercise.order_index, planexercise.created_at, base_exercise.name 
FROM planexercise JOIN base_exercise ON planexercise.exercise_base_id = base_exercise.id 
WHERE planexercise.plan_id = $1::INTEGER
2026-05-08 14:12:31,291 - sqlalchemy.engine.Engine - INFO - [cached since 1139s ago] (7,)
2026-05-08 14:12:31,292 - sqlalchemy.engine.Engine - INFO - SELECT exerciseset.id, exerciseset.exercise_id, exerciseset.weight, exerciseset.reps, exerciseset.peak_hr, exerciseset.rest_hr, exerciseset.score, exerciseset.created_at 
FROM exerciseset 
WHERE exerciseset.exercise_id = $1::INTEGER ORDER BY exerciseset.id DESC
2026-05-08 14:12:31,292 - sqlalchemy.engine.Engine - INFO - [cached since 1185s ago] (7,)
2026-05-08 14:12:31,293 - sqlalchemy.engine.Engine - INFO - SELECT planexercise.id, planexercise.plan_id, planexercise.exercise_base_id, planexercise.order_index, planexercise.created_at, base_exercise.name 
FROM planexercise JOIN base_exercise ON planexercise.exercise_base_id = base_exercise.id 
WHERE planexercise.plan_id = $1::INTEGER
2026-05-08 14:12:31,293 - sqlalchemy.engine.Engine - INFO - [cached since 1139s ago] (8,)
2026-05-08 14:12:31,293 - sqlalchemy.engine.Engine - INFO - SELECT exerciseset.id, exerciseset.exercise_id, exerciseset.weight, exerciseset.reps, exerciseset.peak_hr, exerciseset.rest_hr, exerciseset.score, exerciseset.created_at 
FROM exerciseset 
WHERE exerciseset.exercise_id = $1::INTEGER ORDER BY exerciseset.id DESC
2026-05-08 14:12:31,294 - sqlalchemy.engine.Engine - INFO - [cached since 1185s ago] (8,)
2026-05-08 14:12:31,295 - sqlalchemy.engine.Engine - INFO - SELECT planexercise.id, planexercise.plan_id, planexercise.exercise_base_id, planexercise.order_index, planexercise.created_at, base_exercise.name 
FROM planexercise JOIN base_exercise ON planexercise.exercise_base_id = base_exercise.id 
WHERE planexercise.plan_id = $1::INTEGER
2026-05-08 14:12:31,295 - sqlalchemy.engine.Engine - INFO - [cached since 1139s ago] (9,)
2026-05-08 14:12:31,296 - sqlalchemy.engine.Engine - INFO - SELECT exerciseset.id, exerciseset.exercise_id, exerciseset.weight, exerciseset.reps, exerciseset.peak_hr, exerciseset.rest_hr, exerciseset.score, exerciseset.created_at 
FROM exerciseset 
WHERE exerciseset.exercise_id = $1::INTEGER ORDER BY exerciseset.id DESC
2026-05-08 14:12:31,296 - sqlalchemy.engine.Engine - INFO - [cached since 1185s ago] (9,)
2026-05-08 14:12:31,297 - sqlalchemy.engine.Engine - INFO - SELECT planexercise.id, planexercise.plan_id, planexercise.exercise_base_id, planexercise.order_index, planexercise.created_at, base_exercise.name 
FROM planexercise JOIN base_exercise ON planexercise.exercise_base_id = base_exercise.id 
WHERE planexercise.plan_id = $1::INTEGER
2026-05-08 14:12:31,302 - sqlalchemy.engine.Engine - INFO - [cached since 1139s ago] (10,)
2026-05-08 14:12:31,303 - sqlalchemy.engine.Engine - INFO - SELECT exerciseset.id, exerciseset.exercise_id, exerciseset.weight, exerciseset.reps, exerciseset.peak_hr, exerciseset.rest_hr, exerciseset.score, exerciseset.created_at 
FROM exerciseset 
WHERE exerciseset.exercise_id = $1::INTEGER ORDER BY exerciseset.id DESC
2026-05-08 14:12:31,303 - sqlalchemy.engine.Engine - INFO - [cached since 1185s ago] (10,)
2026-05-08 14:12:31,304 - sqlalchemy.engine.Engine - INFO - SELECT exerciseset.id, exerciseset.exercise_id, exerciseset.weight, exerciseset.reps, exerciseset.peak_hr, exerciseset.rest_hr, exerciseset.score, exerciseset.created_at 
FROM exerciseset 
WHERE exerciseset.exercise_id = $1::INTEGER ORDER BY exerciseset.id DESC
2026-05-08 14:12:31,304 - sqlalchemy.engine.Engine - INFO - [cached since 1185s ago] (11,)
2026-05-08 14:12:31,304 - sqlalchemy.engine.Engine - INFO - SELECT planexercise.id, planexercise.plan_id, planexercise.exercise_base_id, planexercise.order_index, planexercise.created_at, base_exercise.name 
FROM planexercise JOIN base_exercise ON planexercise.exercise_base_id = base_exercise.id 
WHERE planexercise.plan_id = $1::INTEGER
2026-05-08 14:12:31,305 - sqlalchemy.engine.Engine - INFO - [cached since 1139s ago] (11,)
2026-05-08 14:12:31,305 - sqlalchemy.engine.Engine - INFO - SELECT exerciseset.id, exerciseset.exercise_id, exerciseset.weight, exerciseset.reps, exerciseset.peak_hr, exerciseset.rest_hr, exerciseset.score, exerciseset.created_at 
FROM exerciseset 
WHERE exerciseset.exercise_id = $1::INTEGER ORDER BY exerciseset.id DESC
2026-05-08 14:12:31,305 - sqlalchemy.engine.Engine - INFO - [cached since 1185s ago] (12,)
2026-05-08 14:12:31,306 - sqlalchemy.engine.Engine - INFO - SELECT exerciseset.id, exerciseset.exercise_id, exerciseset.weight, exerciseset.reps, exerciseset.peak_hr, exerciseset.rest_hr, exerciseset.score, exerciseset.created_at 
FROM exerciseset 
WHERE exerciseset.exercise_id = $1::INTEGER ORDER BY exerciseset.id DESC
2026-05-08 14:12:31,306 - sqlalchemy.engine.Engine - INFO - [cached since 1185s ago] (13,)
2026-05-08 14:12:31,306 - sqlalchemy.engine.Engine - INFO - SELECT planexercise.id, planexercise.plan_id, planexercise.exercise_base_id, planexercise.order_index, planexercise.created_at, base_exercise.name 
FROM planexercise JOIN base_exercise ON planexercise.exercise_base_id = base_exercise.id 
WHERE planexercise.plan_id = $1::INTEGER
2026-05-08 14:12:31,306 - sqlalchemy.engine.Engine - INFO - [cached since 1139s ago] (12,)
2026-05-08 14:12:31,307 - sqlalchemy.engine.Engine - INFO - SELECT exerciseset.id, exerciseset.exercise_id, exerciseset.weight, exerciseset.reps, exerciseset.peak_hr, exerciseset.rest_hr, exerciseset.score, exerciseset.created_at 
FROM exerciseset 
WHERE exerciseset.exercise_id = $1::INTEGER ORDER BY exerciseset.id DESC
2026-05-08 14:12:31,308 - sqlalchemy.engine.Engine - INFO - [cached since 1185s ago] (14,)
2026-05-08 14:12:31,309 - sqlalchemy.engine.Engine - INFO - SELECT exerciseset.id, exerciseset.exercise_id, exerciseset.weight, exerciseset.reps, exerciseset.peak_hr, exerciseset.rest_hr, exerciseset.score, exerciseset.created_at 
FROM exerciseset 
WHERE exerciseset.exercise_id = $1::INTEGER ORDER BY exerciseset.id DESC
2026-05-08 14:12:31,309 - sqlalchemy.engine.Engine - INFO - [cached since 1185s ago] (15,)
2026-05-08 14:12:31,310 - sqlalchemy.engine.Engine - INFO - SELECT planexercise.id, planexercise.plan_id, planexercise.exercise_base_id, planexercise.order_index, planexercise.created_at, base_exercise.name 
FROM planexercise JOIN base_exercise ON planexercise.exercise_base_id = base_exercise.id 
WHERE planexercise.plan_id = $1::INTEGER
2026-05-08 14:12:31,310 - sqlalchemy.engine.Engine - INFO - [cached since 1139s ago] (13,)
2026-05-08 14:12:31,310 - sqlalchemy.engine.Engine - INFO - SELECT exerciseset.id, exerciseset.exercise_id, exerciseset.weight, exerciseset.reps, exerciseset.peak_hr, exerciseset.rest_hr, exerciseset.score, exerciseset.created_at 
FROM exerciseset 
WHERE exerciseset.exercise_id = $1::INTEGER ORDER BY exerciseset.id DESC
2026-05-08 14:12:31,317 - sqlalchemy.engine.Engine - INFO - [cached since 1185s ago] (17,)
2026-05-08 14:12:31,318 - sqlalchemy.engine.Engine - INFO - SELECT exerciseset.id, exerciseset.exercise_id, exerciseset.weight, exerciseset.reps, exerciseset.peak_hr, exerciseset.rest_hr, exerciseset.score, exerciseset.created_at 
FROM exerciseset 
WHERE exerciseset.exercise_id = $1::INTEGER ORDER BY exerciseset.id DESC
2026-05-08 14:12:31,318 - sqlalchemy.engine.Engine - INFO - [cached since 1185s ago] (16,)
2026-05-08 14:12:31,319 - sqlalchemy.engine.Engine - INFO - SELECT planexercise.id, planexercise.plan_id, planexercise.exercise_base_id, planexercise.order_index, planexercise.created_at, base_exercise.name 
FROM planexercise JOIN base_exercise ON planexercise.exercise_base_id = base_exercise.id 
WHERE planexercise.plan_id = $1::INTEGER
2026-05-08 14:12:31,319 - sqlalchemy.engine.Engine - INFO - [cached since 1139s ago] (14,)
2026-05-08 14:12:31,320 - sqlalchemy.engine.Engine - INFO - SELECT exerciseset.id, exerciseset.exercise_id, exerciseset.weight, exerciseset.reps, exerciseset.peak_hr, exerciseset.rest_hr, exerciseset.score, exerciseset.created_at 
FROM exerciseset 
WHERE exerciseset.exercise_id = $1::INTEGER ORDER BY exerciseset.id DESC
2026-05-08 14:12:31,320 - sqlalchemy.engine.Engine - INFO - [cached since 1185s ago] (18,)
2026-05-08 14:12:31,320 - sqlalchemy.engine.Engine - INFO - SELECT exerciseset.id, exerciseset.exercise_id, exerciseset.weight, exerciseset.reps, exerciseset.peak_hr, exerciseset.rest_hr, exerciseset.score, exerciseset.created_at 
FROM exerciseset 
WHERE exerciseset.exercise_id = $1::INTEGER ORDER BY exerciseset.id DESC
2026-05-08 14:12:31,320 - sqlalchemy.engine.Engine - INFO - [cached since 1185s ago] (19,)
2026-05-08 14:12:31,321 - sqlalchemy.engine.Engine - INFO - SELECT planexercise.id, planexercise.plan_id, planexercise.exercise_base_id, planexercise.order_index, planexercise.created_at, base_exercise.name 
FROM planexercise JOIN base_exercise ON planexercise.exercise_base_id = base_exercise.id 
WHERE planexercise.plan_id = $1::INTEGER
2026-05-08 14:12:31,321 - sqlalchemy.engine.Engine - INFO - [cached since 1139s ago] (15,)
2026-05-08 14:12:31,322 - sqlalchemy.engine.Engine - INFO - SELECT exerciseset.id, exerciseset.exercise_id, exerciseset.weight, exerciseset.reps, exerciseset.peak_hr, exerciseset.rest_hr, exerciseset.score, exerciseset.created_at 
FROM exerciseset 
WHERE exerciseset.exercise_id = $1::INTEGER ORDER BY exerciseset.id DESC
2026-05-08 14:12:31,323 - sqlalchemy.engine.Engine - INFO - [cached since 1185s ago] (21,)
2026-05-08 14:12:31,323 - sqlalchemy.engine.Engine - INFO - SELECT exerciseset.id, exerciseset.exercise_id, exerciseset.weight, exerciseset.reps, exerciseset.peak_hr, exerciseset.rest_hr, exerciseset.score, exerciseset.created_at 
FROM exerciseset 
WHERE exerciseset.exercise_id = $1::INTEGER ORDER BY exerciseset.id DESC
2026-05-08 14:12:31,324 - sqlalchemy.engine.Engine - INFO - [cached since 1185s ago] (20,)
2026-05-08 14:12:31,324 - sqlalchemy.engine.Engine - INFO - SELECT planexercise.id, planexercise.plan_id, planexercise.exercise_base_id, planexercise.order_index, planexercise.created_at, base_exercise.name 
FROM planexercise JOIN base_exercise ON planexercise.exercise_base_id = base_exercise.id 
WHERE planexercise.plan_id = $1::INTEGER
2026-05-08 14:12:31,324 - sqlalchemy.engine.Engine - INFO - [cached since 1139s ago] (16,)
2026-05-08 14:12:31,325 - sqlalchemy.engine.Engine - INFO - SELECT exerciseset.id, exerciseset.exercise_id, exerciseset.weight, exerciseset.reps, exerciseset.peak_hr, exerciseset.rest_hr, exerciseset.score, exerciseset.created_at 
FROM exerciseset 
WHERE exerciseset.exercise_id = $1::INTEGER ORDER BY exerciseset.id DESC
2026-05-08 14:12:31,325 - sqlalchemy.engine.Engine - INFO - [cached since 1185s ago] (22,)
2026-05-08 14:12:31,325 - sqlalchemy.engine.Engine - INFO - SELECT exerciseset.id, exerciseset.exercise_id, exerciseset.weight, exerciseset.reps, exerciseset.peak_hr, exerciseset.rest_hr, exerciseset.score, exerciseset.created_at 
FROM exerciseset 
WHERE exerciseset.exercise_id = $1::INTEGER ORDER BY exerciseset.id DESC
2026-05-08 14:12:31,332 - sqlalchemy.engine.Engine - INFO - [cached since 1185s ago] (23,)
2026-05-08 14:12:31,333 - sqlalchemy.engine.Engine - INFO - SELECT planexercise.id, planexercise.plan_id, planexercise.exercise_base_id, planexercise.order_index, planexercise.created_at, base_exercise.name 
FROM planexercise JOIN base_exercise ON planexercise.exercise_base_id = base_exercise.id 
WHERE planexercise.plan_id = $1::INTEGER
2026-05-08 14:12:31,333 - sqlalchemy.engine.Engine - INFO - [cached since 1139s ago] (17,)
2026-05-08 14:12:31,334 - sqlalchemy.engine.Engine - INFO - SELECT exerciseset.id, exerciseset.exercise_id, exerciseset.weight, exerciseset.reps, exerciseset.peak_hr, exerciseset.rest_hr, exerciseset.score, exerciseset.created_at 
FROM exerciseset 
WHERE exerciseset.exercise_id = $1::INTEGER ORDER BY exerciseset.id DESC
2026-05-08 14:12:31,334 - sqlalchemy.engine.Engine - INFO - [cached since 1185s ago] (25,)
2026-05-08 14:12:31,334 - sqlalchemy.engine.Engine - INFO - SELECT exerciseset.id, exerciseset.exercise_id, exerciseset.weight, exerciseset.reps, exerciseset.peak_hr, exerciseset.rest_hr, exerciseset.score, exerciseset.created_at 
FROM exerciseset 
WHERE exerciseset.exercise_id = $1::INTEGER ORDER BY exerciseset.id DESC
2026-05-08 14:12:31,334 - sqlalchemy.engine.Engine - INFO - [cached since 1185s ago] (24,)
2026-05-08 14:12:31,336 - sqlalchemy.engine.Engine - INFO - SELECT planexercise.id, planexercise.plan_id, planexercise.exercise_base_id, planexercise.order_index, planexercise.created_at, base_exercise.name 
FROM planexercise JOIN base_exercise ON planexercise.exercise_base_id = base_exercise.id 
WHERE planexercise.plan_id = $1::INTEGER
2026-05-08 14:12:31,337 - sqlalchemy.engine.Engine - INFO - [cached since 1139s ago] (18,)
2026-05-08 14:12:31,338 - sqlalchemy.engine.Engine - INFO - SELECT exerciseset.id, exerciseset.exercise_id, exerciseset.weight, exerciseset.reps, exerciseset.peak_hr, exerciseset.rest_hr, exerciseset.score, exerciseset.created_at 
FROM exerciseset 
WHERE exerciseset.exercise_id = $1::INTEGER ORDER BY exerciseset.id DESC
2026-05-08 14:12:31,338 - sqlalchemy.engine.Engine - INFO - [cached since 1185s ago] (26,)
2026-05-08 14:12:31,338 - sqlalchemy.engine.Engine - INFO - SELECT exerciseset.id, exerciseset.exercise_id, exerciseset.weight, exerciseset.reps, exerciseset.peak_hr, exerciseset.rest_hr, exerciseset.score, exerciseset.created_at 
FROM exerciseset 
WHERE exerciseset.exercise_id = $1::INTEGER ORDER BY exerciseset.id DESC
2026-05-08 14:12:31,338 - sqlalchemy.engine.Engine - INFO - [cached since 1185s ago] (27,)
2026-05-08 14:12:31,339 - sqlalchemy.engine.Engine - INFO - SELECT planexercise.id, planexercise.plan_id, planexercise.exercise_base_id, planexercise.order_index, planexercise.created_at, base_exercise.name 
FROM planexercise JOIN base_exercise ON planexercise.exercise_base_id = base_exercise.id 
WHERE planexercise.plan_id = $1::INTEGER
2026-05-08 14:12:31,339 - sqlalchemy.engine.Engine - INFO - [cached since 1139s ago] (19,)
2026-05-08 14:12:31,339 - sqlalchemy.engine.Engine - INFO - SELECT exerciseset.id, exerciseset.exercise_id, exerciseset.weight, exerciseset.reps, exerciseset.peak_hr, exerciseset.rest_hr, exerciseset.score, exerciseset.created_at 
FROM exerciseset 
WHERE exerciseset.exercise_id = $1::INTEGER ORDER BY exerciseset.id DESC
2026-05-08 14:12:31,339 - sqlalchemy.engine.Engine - INFO - [cached since 1185s ago] (28,)
2026-05-08 14:12:31,340 - sqlalchemy.engine.Engine - INFO - SELECT planexercise.id, planexercise.plan_id, planexercise.exercise_base_id, planexercise.order_index, planexercise.created_at, base_exercise.name 
FROM planexercise JOIN base_exercise ON planexercise.exercise_base_id = base_exercise.id 
WHERE planexercise.plan_id = $1::INTEGER
2026-05-08 14:12:31,340 - sqlalchemy.engine.Engine - INFO - [cached since 1139s ago] (20,)
2026-05-08 14:12:31,341 - sqlalchemy.engine.Engine - INFO - SELECT exerciseset.id, exerciseset.exercise_id, exerciseset.weight, exerciseset.reps, exerciseset.peak_hr, exerciseset.rest_hr, exerciseset.score, exerciseset.created_at 
FROM exerciseset 
WHERE exerciseset.exercise_id = $1::INTEGER ORDER BY exerciseset.id DESC
2026-05-08 14:12:31,347 - sqlalchemy.engine.Engine - INFO - [cached since 1185s ago] (29,)
2026-05-08 14:12:31,348 - sqlalchemy.engine.Engine - INFO - SELECT planexercise.id, planexercise.plan_id, planexercise.exercise_base_id, planexercise.order_index, planexercise.created_at, base_exercise.name 
FROM planexercise JOIN base_exercise ON planexercise.exercise_base_id = base_exercise.id 
WHERE planexercise.plan_id = $1::INTEGER
2026-05-08 14:12:31,348 - sqlalchemy.engine.Engine - INFO - [cached since 1139s ago] (21,)
2026-05-08 14:12:31,350 - sqlalchemy.engine.Engine - INFO - SELECT exerciseset.id, exerciseset.exercise_id, exerciseset.weight, exerciseset.reps, exerciseset.peak_hr, exerciseset.rest_hr, exerciseset.score, exerciseset.created_at 
FROM exerciseset 
WHERE exerciseset.exercise_id = $1::INTEGER ORDER BY exerciseset.id DESC
2026-05-08 14:12:31,350 - sqlalchemy.engine.Engine - INFO - [cached since 1185s ago] (30,)
2026-05-08 14:12:31,351 - sqlalchemy.engine.Engine - INFO - SELECT planexercise.id, planexercise.plan_id, planexercise.exercise_base_id, planexercise.order_index, planexercise.created_at, base_exercise.name 
FROM planexercise JOIN base_exercise ON planexercise.exercise_base_id = base_exercise.id 
WHERE planexercise.plan_id = $1::INTEGER
2026-05-08 14:12:31,351 - sqlalchemy.engine.Engine - INFO - [cached since 1139s ago] (22,)
2026-05-08 14:12:31,351 - sqlalchemy.engine.Engine - INFO - SELECT exerciseset.id, exerciseset.exercise_id, exerciseset.weight, exerciseset.reps, exerciseset.peak_hr, exerciseset.rest_hr, exerciseset.score, exerciseset.created_at 
FROM exerciseset 
WHERE exerciseset.exercise_id = $1::INTEGER ORDER BY exerciseset.id DESC
2026-05-08 14:12:31,352 - sqlalchemy.engine.Engine - INFO - [cached since 1185s ago] (31,)
2026-05-08 14:12:31,352 - sqlalchemy.engine.Engine - INFO - SELECT planexercise.id, planexercise.plan_id, planexercise.exercise_base_id, planexercise.order_index, planexercise.created_at, base_exercise.name 
FROM planexercise JOIN base_exercise ON planexercise.exercise_base_id = base_exercise.id 
WHERE planexercise.plan_id = $1::INTEGER
2026-05-08 14:12:31,352 - sqlalchemy.engine.Engine - INFO - [cached since 1139s ago] (23,)
2026-05-08 14:12:31,353 - sqlalchemy.engine.Engine - INFO - SELECT exerciseset.id, exerciseset.exercise_id, exerciseset.weight, exerciseset.reps, exerciseset.peak_hr, exerciseset.rest_hr, exerciseset.score, exerciseset.created_at 
FROM exerciseset 
WHERE exerciseset.exercise_id = $1::INTEGER ORDER BY exerciseset.id DESC
2026-05-08 14:12:31,353 - sqlalchemy.engine.Engine - INFO - [cached since 1185s ago] (32,)
2026-05-08 14:12:31,354 - sqlalchemy.engine.Engine - INFO - SELECT exerciseset.id, exerciseset.exercise_id, exerciseset.weight, exerciseset.reps, exerciseset.peak_hr, exerciseset.rest_hr, exerciseset.score, exerciseset.created_at 
FROM exerciseset 
WHERE exerciseset.exercise_id = $1::INTEGER ORDER BY exerciseset.id DESC
2026-05-08 14:12:31,354 - sqlalchemy.engine.Engine - INFO - [cached since 1185s ago] (33,)
2026-05-08 14:12:31,354 - sqlalchemy.engine.Engine - INFO - SELECT planexercise.id, planexercise.plan_id, planexercise.exercise_base_id, planexercise.order_index, planexercise.created_at, base_exercise.name 
FROM planexercise JOIN base_exercise ON planexercise.exercise_base_id = base_exercise.id 
WHERE planexercise.plan_id = $1::INTEGER
2026-05-08 14:12:31,354 - sqlalchemy.engine.Engine - INFO - [cached since 1139s ago] (24,)
2026-05-08 14:12:31,355 - sqlalchemy.engine.Engine - INFO - SELECT exerciseset.id, exerciseset.exercise_id, exerciseset.weight, exerciseset.reps, exerciseset.peak_hr, exerciseset.rest_hr, exerciseset.score, exerciseset.created_at 
FROM exerciseset 
WHERE exerciseset.exercise_id = $1::INTEGER ORDER BY exerciseset.id DESC
2026-05-08 14:12:31,355 - sqlalchemy.engine.Engine - INFO - [cached since 1185s ago] (34,)
2026-05-08 14:12:31,355 - sqlalchemy.engine.Engine - INFO - SELECT planexercise.id, planexercise.plan_id, planexercise.exercise_base_id, planexercise.order_index, planexercise.created_at, base_exercise.name 
FROM planexercise JOIN base_exercise ON planexercise.exercise_base_id = base_exercise.id 
WHERE planexercise.plan_id = $1::INTEGER
2026-05-08 14:12:31,362 - sqlalchemy.engine.Engine - INFO - [cached since 1139s ago] (25,)
2026-05-08 14:12:31,363 - sqlalchemy.engine.Engine - INFO - SELECT exerciseset.id, exerciseset.exercise_id, exerciseset.weight, exerciseset.reps, exerciseset.peak_hr, exerciseset.rest_hr, exerciseset.score, exerciseset.created_at 
FROM exerciseset 
WHERE exerciseset.exercise_id = $1::INTEGER ORDER BY exerciseset.id DESC
2026-05-08 14:12:31,363 - sqlalchemy.engine.Engine - INFO - [cached since 1185s ago] (35,)
2026-05-08 14:12:31,365 - sqlalchemy.engine.Engine - INFO - SELECT planexercise.id, planexercise.plan_id, planexercise.exercise_base_id, planexercise.order_index, planexercise.created_at, base_exercise.name 
FROM planexercise JOIN base_exercise ON planexercise.exercise_base_id = base_exercise.id 
WHERE planexercise.plan_id = $1::INTEGER
2026-05-08 14:12:31,365 - sqlalchemy.engine.Engine - INFO - [cached since 1139s ago] (26,)
2026-05-08 14:12:31,365 - sqlalchemy.engine.Engine - INFO - SELECT exerciseset.id, exerciseset.exercise_id, exerciseset.weight, exerciseset.reps, exerciseset.peak_hr, exerciseset.rest_hr, exerciseset.score, exerciseset.created_at 
FROM exerciseset 
WHERE exerciseset.exercise_id = $1::INTEGER ORDER BY exerciseset.id DESC
2026-05-08 14:12:31,366 - sqlalchemy.engine.Engine - INFO - [cached since 1185s ago] (36,)
2026-05-08 14:12:31,366 - sqlalchemy.engine.Engine - INFO - SELECT planexercise.id, planexercise.plan_id, planexercise.exercise_base_id, planexercise.order_index, planexercise.created_at, base_exercise.name 
FROM planexercise JOIN base_exercise ON planexercise.exercise_base_id = base_exercise.id 
WHERE planexercise.plan_id = $1::INTEGER
2026-05-08 14:12:31,366 - sqlalchemy.engine.Engine - INFO - [cached since 1139s ago] (27,)
2026-05-08 14:12:31,367 - sqlalchemy.engine.Engine - INFO - SELECT exerciseset.id, exerciseset.exercise_id, exerciseset.weight, exerciseset.reps, exerciseset.peak_hr, exerciseset.rest_hr, exerciseset.score, exerciseset.created_at 
FROM exerciseset 
WHERE exerciseset.exercise_id = $1::INTEGER ORDER BY exerciseset.id DESC
2026-05-08 14:12:31,367 - sqlalchemy.engine.Engine - INFO - [cached since 1185s ago] (37,)
2026-05-08 14:12:31,368 - sqlalchemy.engine.Engine - INFO - SELECT planexercise.id, planexercise.plan_id, planexercise.exercise_base_id, planexercise.order_index, planexercise.created_at, base_exercise.name 
FROM planexercise JOIN base_exercise ON planexercise.exercise_base_id = base_exercise.id 
WHERE planexercise.plan_id = $1::INTEGER
2026-05-08 14:12:31,368 - sqlalchemy.engine.Engine - INFO - [cached since 1139s ago] (28,)
2026-05-08 14:12:31,368 - sqlalchemy.engine.Engine - INFO - SELECT exerciseset.id, exerciseset.exercise_id, exerciseset.weight, exerciseset.reps, exerciseset.peak_hr, exerciseset.rest_hr, exerciseset.score, exerciseset.created_at 
FROM exerciseset 
WHERE exerciseset.exercise_id = $1::INTEGER ORDER BY exerciseset.id DESC
2026-05-08 14:12:31,368 - sqlalchemy.engine.Engine - INFO - [cached since 1185s ago] (38,)
2026-05-08 14:12:31,369 - sqlalchemy.engine.Engine - INFO - SELECT planexercise.id, planexercise.plan_id, planexercise.exercise_base_id, planexercise.order_index, planexercise.created_at, base_exercise.name 
FROM planexercise JOIN base_exercise ON planexercise.exercise_base_id = base_exercise.id 
WHERE planexercise.plan_id = $1::INTEGER
2026-05-08 14:12:31,369 - sqlalchemy.engine.Engine - INFO - [cached since 1139s ago] (29,)
2026-05-08 14:12:31,369 - sqlalchemy.engine.Engine - INFO - SELECT exerciseset.id, exerciseset.exercise_id, exerciseset.weight, exerciseset.reps, exerciseset.peak_hr, exerciseset.rest_hr, exerciseset.score, exerciseset.created_at 
FROM exerciseset 
WHERE exerciseset.exercise_id = $1::INTEGER ORDER BY exerciseset.id DESC
2026-05-08 14:12:31,369 - sqlalchemy.engine.Engine - INFO - [cached since 1185s ago] (39,)
2026-05-08 14:12:31,371 - sqlalchemy.engine.Engine - INFO - SELECT planexercise.id, planexercise.plan_id, planexercise.exercise_base_id, planexercise.order_index, planexercise.created_at, base_exercise.name 
FROM planexercise JOIN base_exercise ON planexercise.exercise_base_id = base_exercise.id 
WHERE planexercise.plan_id = $1::INTEGER
2026-05-08 14:12:31,377 - sqlalchemy.engine.Engine - INFO - [cached since 1139s ago] (30,)
2026-05-08 14:12:31,380 - sqlalchemy.engine.Engine - INFO - SELECT exerciseset.id, exerciseset.exercise_id, exerciseset.weight, exerciseset.reps, exerciseset.peak_hr, exerciseset.rest_hr, exerciseset.score, exerciseset.created_at 
FROM exerciseset 
WHERE exerciseset.exercise_id = $1::INTEGER ORDER BY exerciseset.id DESC
2026-05-08 14:12:31,380 - sqlalchemy.engine.Engine - INFO - [cached since 1185s ago] (40,)
2026-05-08 14:12:31,382 - sqlalchemy.engine.Engine - INFO - SELECT exerciseset.id, exerciseset.exercise_id, exerciseset.weight, exerciseset.reps, exerciseset.peak_hr, exerciseset.rest_hr, exerciseset.score, exerciseset.created_at 
FROM exerciseset 
WHERE exerciseset.exercise_id = $1::INTEGER ORDER BY exerciseset.id DESC
2026-05-08 14:12:31,382 - sqlalchemy.engine.Engine - INFO - [cached since 1185s ago] (41,)
2026-05-08 14:12:31,383 - sqlalchemy.engine.Engine - INFO - SELECT planexercise.id, planexercise.plan_id, planexercise.exercise_base_id, planexercise.order_index, planexercise.created_at, base_exercise.name 
FROM planexercise JOIN base_exercise ON planexercise.exercise_base_id = base_exercise.id 
WHERE planexercise.plan_id = $1::INTEGER
2026-05-08 14:12:31,383 - sqlalchemy.engine.Engine - INFO - [cached since 1139s ago] (31,)
2026-05-08 14:12:31,384 - sqlalchemy.engine.Engine - INFO - SELECT exerciseset.id, exerciseset.exercise_id, exerciseset.weight, exerciseset.reps, exerciseset.peak_hr, exerciseset.rest_hr, exerciseset.score, exerciseset.created_at 
FROM exerciseset 
WHERE exerciseset.exercise_id = $1::INTEGER ORDER BY exerciseset.id DESC
2026-05-08 14:12:31,385 - sqlalchemy.engine.Engine - INFO - [cached since 1185s ago] (42,)
2026-05-08 14:12:31,386 - sqlalchemy.engine.Engine - INFO - ROLLBACK
2026-05-08 14:12:31,498 - sqlalchemy.engine.Engine - INFO - BEGIN (implicit)
2026-05-08 14:12:31,498 - sqlalchemy.engine.Engine - INFO - SELECT workoutplan.id, workoutplan.session_id, workoutplan.plan_name, workoutplan.created_at 
FROM workoutplan 
WHERE workoutplan.session_id = $1::VARCHAR
2026-05-08 14:12:31,498 - sqlalchemy.engine.Engine - INFO - [cached since 1139s ago] ('12A3C',)
2026-05-08 14:12:31,500 - sqlalchemy.engine.Engine - INFO - SELECT planexercise.id, planexercise.plan_id, planexercise.exercise_base_id, planexercise.order_index, planexercise.created_at, base_exercise.name 
FROM planexercise JOIN base_exercise ON planexercise.exercise_base_id = base_exercise.id 
WHERE planexercise.plan_id = $1::INTEGER
2026-05-08 14:12:31,500 - sqlalchemy.engine.Engine - INFO - [cached since 1139s ago] (1,)
2026-05-08 14:12:31,501 - sqlalchemy.engine.Engine - INFO - SELECT exerciseset.id, exerciseset.exercise_id, exerciseset.weight, exerciseset.reps, exerciseset.peak_hr, exerciseset.rest_hr, exerciseset.score, exerciseset.created_at 
FROM exerciseset 
WHERE exerciseset.exercise_id = $1::INTEGER ORDER BY exerciseset.id DESC
2026-05-08 14:12:31,501 - sqlalchemy.engine.Engine - INFO - [cached since 1186s ago] (1,)
2026-05-08 14:12:31,502 - sqlalchemy.engine.Engine - INFO - SELECT planexercise.id, planexercise.plan_id, planexercise.exercise_base_id, planexercise.order_index, planexercise.created_at, base_exercise.name 
FROM planexercise JOIN base_exercise ON planexercise.exercise_base_id = base_exercise.id 
WHERE planexercise.plan_id = $1::INTEGER
2026-05-08 14:12:31,502 - sqlalchemy.engine.Engine - INFO - [cached since 1139s ago] (2,)
2026-05-08 14:12:31,503 - sqlalchemy.engine.Engine - INFO - SELECT exerciseset.id, exerciseset.exercise_id, exerciseset.weight, exerciseset.reps, exerciseset.peak_hr, exerciseset.rest_hr, exerciseset.score, exerciseset.created_at 
FROM exerciseset 
WHERE exerciseset.exercise_id = $1::INTEGER ORDER BY exerciseset.id DESC
2026-05-08 14:12:31,504 - sqlalchemy.engine.Engine - INFO - [cached since 1186s ago] (2,)
2026-05-08 14:12:31,505 - sqlalchemy.engine.Engine - INFO - SELECT planexercise.id, planexercise.plan_id, planexercise.exercise_base_id, planexercise.order_index, planexercise.created_at, base_exercise.name 
FROM planexercise JOIN base_exercise ON planexercise.exercise_base_id = base_exercise.id 
WHERE planexercise.plan_id = $1::INTEGER
2026-05-08 14:12:31,505 - sqlalchemy.engine.Engine - INFO - [cached since 1139s ago] (3,)
2026-05-08 14:12:31,506 - sqlalchemy.engine.Engine - INFO - SELECT exerciseset.id, exerciseset.exercise_id, exerciseset.weight, exerciseset.reps, exerciseset.peak_hr, exerciseset.rest_hr, exerciseset.score, exerciseset.created_at 
FROM exerciseset 
WHERE exerciseset.exercise_id = $1::INTEGER ORDER BY exerciseset.id DESC
2026-05-08 14:12:31,506 - sqlalchemy.engine.Engine - INFO - [cached since 1186s ago] (3,)
2026-05-08 14:12:31,507 - sqlalchemy.engine.Engine - INFO - SELECT planexercise.id, planexercise.plan_id, planexercise.exercise_base_id, planexercise.order_index, planexercise.created_at, base_exercise.name 
FROM planexercise JOIN base_exercise ON planexercise.exercise_base_id = base_exercise.id 
WHERE planexercise.plan_id = $1::INTEGER
2026-05-08 14:12:31,507 - sqlalchemy.engine.Engine - INFO - [cached since 1139s ago] (4,)
2026-05-08 14:12:31,508 - sqlalchemy.engine.Engine - INFO - SELECT exerciseset.id, exerciseset.exercise_id, exerciseset.weight, exerciseset.reps, exerciseset.peak_hr, exerciseset.rest_hr, exerciseset.score, exerciseset.created_at 
FROM exerciseset 
WHERE exerciseset.exercise_id = $1::INTEGER ORDER BY exerciseset.id DESC
2026-05-08 14:12:31,508 - sqlalchemy.engine.Engine - INFO - [cached since 1186s ago] (4,)
2026-05-08 14:12:31,508 - sqlalchemy.engine.Engine - INFO - SELECT planexercise.id, planexercise.plan_id, planexercise.exercise_base_id, planexercise.order_index, planexercise.created_at, base_exercise.name 
FROM planexercise JOIN base_exercise ON planexercise.exercise_base_id = base_exercise.id 
WHERE planexercise.plan_id = $1::INTEGER
2026-05-08 14:12:31,508 - sqlalchemy.engine.Engine - INFO - [cached since 1139s ago] (5,)
2026-05-08 14:12:31,509 - sqlalchemy.engine.Engine - INFO - SELECT exerciseset.id, exerciseset.exercise_id, exerciseset.weight, exerciseset.reps, exerciseset.peak_hr, exerciseset.rest_hr, exerciseset.score, exerciseset.created_at 
FROM exerciseset 
WHERE exerciseset.exercise_id = $1::INTEGER ORDER BY exerciseset.id DESC
2026-05-08 14:12:31,515 - sqlalchemy.engine.Engine - INFO - [cached since 1186s ago] (5,)
2026-05-08 14:12:31,516 - sqlalchemy.engine.Engine - INFO - SELECT planexercise.id, planexercise.plan_id, planexercise.exercise_base_id, planexercise.order_index, planexercise.created_at, base_exercise.name 
FROM planexercise JOIN base_exercise ON planexercise.exercise_base_id = base_exercise.id 
WHERE planexercise.plan_id = $1::INTEGER
2026-05-08 14:12:31,516 - sqlalchemy.engine.Engine - INFO - [cached since 1139s ago] (6,)
2026-05-08 14:12:31,517 - sqlalchemy.engine.Engine - INFO - SELECT exerciseset.id, exerciseset.exercise_id, exerciseset.weight, exerciseset.reps, exerciseset.peak_hr, exerciseset.rest_hr, exerciseset.score, exerciseset.created_at 
FROM exerciseset 
WHERE exerciseset.exercise_id = $1::INTEGER ORDER BY exerciseset.id DESC
2026-05-08 14:12:31,517 - sqlalchemy.engine.Engine - INFO - [cached since 1186s ago] (6,)
2026-05-08 14:12:31,518 - sqlalchemy.engine.Engine - INFO - SELECT planexercise.id, planexercise.plan_id, planexercise.exercise_base_id, planexercise.order_index, planexercise.created_at, base_exercise.name 
FROM planexercise JOIN base_exercise ON planexercise.exercise_base_id = base_exercise.id 
WHERE planexercise.plan_id = $1::INTEGER
2026-05-08 14:12:31,518 - sqlalchemy.engine.Engine - INFO - [cached since 1139s ago] (7,)
2026-05-08 14:12:31,520 - sqlalchemy.engine.Engine - INFO - SELECT exerciseset.id, exerciseset.exercise_id, exerciseset.weight, exerciseset.reps, exerciseset.peak_hr, exerciseset.rest_hr, exerciseset.score, exerciseset.created_at 
FROM exerciseset 
WHERE exerciseset.exercise_id = $1::INTEGER ORDER BY exerciseset.id DESC
2026-05-08 14:12:31,520 - sqlalchemy.engine.Engine - INFO - [cached since 1186s ago] (7,)
2026-05-08 14:12:31,520 - sqlalchemy.engine.Engine - INFO - SELECT planexercise.id, planexercise.plan_id, planexercise.exercise_base_id, planexercise.order_index, planexercise.created_at, base_exercise.name 
FROM planexercise JOIN base_exercise ON planexercise.exercise_base_id = base_exercise.id 
WHERE planexercise.plan_id = $1::INTEGER
2026-05-08 14:12:31,520 - sqlalchemy.engine.Engine - INFO - [cached since 1139s ago] (8,)
2026-05-08 14:12:31,521 - sqlalchemy.engine.Engine - INFO - SELECT exerciseset.id, exerciseset.exercise_id, exerciseset.weight, exerciseset.reps, exerciseset.peak_hr, exerciseset.rest_hr, exerciseset.score, exerciseset.created_at 
FROM exerciseset 
WHERE exerciseset.exercise_id = $1::INTEGER ORDER BY exerciseset.id DESC
2026-05-08 14:12:31,521 - sqlalchemy.engine.Engine - INFO - [cached since 1186s ago] (8,)
2026-05-08 14:12:31,522 - sqlalchemy.engine.Engine - INFO - SELECT planexercise.id, planexercise.plan_id, planexercise.exercise_base_id, planexercise.order_index, planexercise.created_at, base_exercise.name 
FROM planexercise JOIN base_exercise ON planexercise.exercise_base_id = base_exercise.id 
WHERE planexercise.plan_id = $1::INTEGER
2026-05-08 14:12:31,522 - sqlalchemy.engine.Engine - INFO - [cached since 1139s ago] (9,)
2026-05-08 14:12:31,522 - sqlalchemy.engine.Engine - INFO - SELECT exerciseset.id, exerciseset.exercise_id, exerciseset.weight, exerciseset.reps, exerciseset.peak_hr, exerciseset.rest_hr, exerciseset.score, exerciseset.created_at 
FROM exerciseset 
WHERE exerciseset.exercise_id = $1::INTEGER ORDER BY exerciseset.id DESC
2026-05-08 14:12:31,522 - sqlalchemy.engine.Engine - INFO - [cached since 1186s ago] (9,)
2026-05-08 14:12:31,523 - sqlalchemy.engine.Engine - INFO - SELECT planexercise.id, planexercise.plan_id, planexercise.exercise_base_id, planexercise.order_index, planexercise.created_at, base_exercise.name 
FROM planexercise JOIN base_exercise ON planexercise.exercise_base_id = base_exercise.id 
WHERE planexercise.plan_id = $1::INTEGER
2026-05-08 14:12:31,523 - sqlalchemy.engine.Engine - INFO - [cached since 1139s ago] (10,)
2026-05-08 14:12:31,524 - sqlalchemy.engine.Engine - INFO - SELECT exerciseset.id, exerciseset.exercise_id, exerciseset.weight, exerciseset.reps, exerciseset.peak_hr, exerciseset.rest_hr, exerciseset.score, exerciseset.created_at 
FROM exerciseset 
WHERE exerciseset.exercise_id = $1::INTEGER ORDER BY exerciseset.id DESC
2026-05-08 14:12:31,530 - sqlalchemy.engine.Engine - INFO - [cached since 1186s ago] (10,)
2026-05-08 14:12:31,531 - sqlalchemy.engine.Engine - INFO - SELECT exerciseset.id, exerciseset.exercise_id, exerciseset.weight, exerciseset.reps, exerciseset.peak_hr, exerciseset.rest_hr, exerciseset.score, exerciseset.created_at 
FROM exerciseset 
WHERE exerciseset.exercise_id = $1::INTEGER ORDER BY exerciseset.id DESC
2026-05-08 14:12:31,532 - sqlalchemy.engine.Engine - INFO - [cached since 1186s ago] (11,)
2026-05-08 14:12:31,533 - sqlalchemy.engine.Engine - INFO - SELECT planexercise.id, planexercise.plan_id, planexercise.exercise_base_id, planexercise.order_index, planexercise.created_at, base_exercise.name 
FROM planexercise JOIN base_exercise ON planexercise.exercise_base_id = base_exercise.id 
WHERE planexercise.plan_id = $1::INTEGER
2026-05-08 14:12:31,533 - sqlalchemy.engine.Engine - INFO - [cached since 1139s ago] (11,)
2026-05-08 14:12:31,534 - sqlalchemy.engine.Engine - INFO - SELECT exerciseset.id, exerciseset.exercise_id, exerciseset.weight, exerciseset.reps, exerciseset.peak_hr, exerciseset.rest_hr, exerciseset.score, exerciseset.created_at 
FROM exerciseset 
WHERE exerciseset.exercise_id = $1::INTEGER ORDER BY exerciseset.id DESC
2026-05-08 14:12:31,534 - sqlalchemy.engine.Engine - INFO - [cached since 1186s ago] (12,)
2026-05-08 14:12:31,535 - sqlalchemy.engine.Engine - INFO - SELECT exerciseset.id, exerciseset.exercise_id, exerciseset.weight, exerciseset.reps, exerciseset.peak_hr, exerciseset.rest_hr, exerciseset.score, exerciseset.created_at 
FROM exerciseset 
WHERE exerciseset.exercise_id = $1::INTEGER ORDER BY exerciseset.id DESC
2026-05-08 14:12:31,535 - sqlalchemy.engine.Engine - INFO - [cached since 1186s ago] (13,)
2026-05-08 14:12:31,536 - sqlalchemy.engine.Engine - INFO - SELECT planexercise.id, planexercise.plan_id, planexercise.exercise_base_id, planexercise.order_index, planexercise.created_at, base_exercise.name 
FROM planexercise JOIN base_exercise ON planexercise.exercise_base_id = base_exercise.id 
WHERE planexercise.plan_id = $1::INTEGER
2026-05-08 14:12:31,536 - sqlalchemy.engine.Engine - INFO - [cached since 1139s ago] (12,)
2026-05-08 14:12:31,536 - sqlalchemy.engine.Engine - INFO - SELECT exerciseset.id, exerciseset.exercise_id, exerciseset.weight, exerciseset.reps, exerciseset.peak_hr, exerciseset.rest_hr, exerciseset.score, exerciseset.created_at 
FROM exerciseset 
WHERE exerciseset.exercise_id = $1::INTEGER ORDER BY exerciseset.id DESC
2026-05-08 14:12:31,536 - sqlalchemy.engine.Engine - INFO - [cached since 1186s ago] (14,)
2026-05-08 14:12:31,537 - sqlalchemy.engine.Engine - INFO - SELECT exerciseset.id, exerciseset.exercise_id, exerciseset.weight, exerciseset.reps, exerciseset.peak_hr, exerciseset.rest_hr, exerciseset.score, exerciseset.created_at 
FROM exerciseset 
WHERE exerciseset.exercise_id = $1::INTEGER ORDER BY exerciseset.id DESC
2026-05-08 14:12:31,537 - sqlalchemy.engine.Engine - INFO - [cached since 1186s ago] (15,)
2026-05-08 14:12:31,538 - sqlalchemy.engine.Engine - INFO - SELECT planexercise.id, planexercise.plan_id, planexercise.exercise_base_id, planexercise.order_index, planexercise.created_at, base_exercise.name 
FROM planexercise JOIN base_exercise ON planexercise.exercise_base_id = base_exercise.id 
WHERE planexercise.plan_id = $1::INTEGER
2026-05-08 14:12:31,538 - sqlalchemy.engine.Engine - INFO - [cached since 1139s ago] (13,)
2026-05-08 14:12:31,539 - sqlalchemy.engine.Engine - INFO - SELECT exerciseset.id, exerciseset.exercise_id, exerciseset.weight, exerciseset.reps, exerciseset.peak_hr, exerciseset.rest_hr, exerciseset.score, exerciseset.created_at 
FROM exerciseset 
WHERE exerciseset.exercise_id = $1::INTEGER ORDER BY exerciseset.id DESC
2026-05-08 14:12:31,540 - sqlalchemy.engine.Engine - INFO - [cached since 1186s ago] (17,)
2026-05-08 14:12:31,540 - sqlalchemy.engine.Engine - INFO - SELECT exerciseset.id, exerciseset.exercise_id, exerciseset.weight, exerciseset.reps, exerciseset.peak_hr, exerciseset.rest_hr, exerciseset.score, exerciseset.created_at 
FROM exerciseset 
WHERE exerciseset.exercise_id = $1::INTEGER ORDER BY exerciseset.id DESC
2026-05-08 14:12:31,546 - sqlalchemy.engine.Engine - INFO - [cached since 1186s ago] (16,)
2026-05-08 14:12:31,547 - sqlalchemy.engine.Engine - INFO - SELECT planexercise.id, planexercise.plan_id, planexercise.exercise_base_id, planexercise.order_index, planexercise.created_at, base_exercise.name 
FROM planexercise JOIN base_exercise ON planexercise.exercise_base_id = base_exercise.id 
WHERE planexercise.plan_id = $1::INTEGER
2026-05-08 14:12:31,547 - sqlalchemy.engine.Engine - INFO - [cached since 1139s ago] (14,)
2026-05-08 14:12:31,548 - sqlalchemy.engine.Engine - INFO - SELECT exerciseset.id, exerciseset.exercise_id, exerciseset.weight, exerciseset.reps, exerciseset.peak_hr, exerciseset.rest_hr, exerciseset.score, exerciseset.created_at 
FROM exerciseset 
WHERE exerciseset.exercise_id = $1::INTEGER ORDER BY exerciseset.id DESC
2026-05-08 14:12:31,548 - sqlalchemy.engine.Engine - INFO - [cached since 1186s ago] (18,)
2026-05-08 14:12:31,548 - sqlalchemy.engine.Engine - INFO - SELECT exerciseset.id, exerciseset.exercise_id, exerciseset.weight, exerciseset.reps, exerciseset.peak_hr, exerciseset.rest_hr, exerciseset.score, exerciseset.created_at 
FROM exerciseset 
WHERE exerciseset.exercise_id = $1::INTEGER ORDER BY exerciseset.id DESC
2026-05-08 14:12:31,548 - sqlalchemy.engine.Engine - INFO - [cached since 1186s ago] (19,)
2026-05-08 14:12:31,549 - sqlalchemy.engine.Engine - INFO - SELECT planexercise.id, planexercise.plan_id, planexercise.exercise_base_id, planexercise.order_index, planexercise.created_at, base_exercise.name 
FROM planexercise JOIN base_exercise ON planexercise.exercise_base_id = base_exercise.id 
WHERE planexercise.plan_id = $1::INTEGER
2026-05-08 14:12:31,549 - sqlalchemy.engine.Engine - INFO - [cached since 1139s ago] (15,)
2026-05-08 14:12:31,550 - sqlalchemy.engine.Engine - INFO - SELECT exerciseset.id, exerciseset.exercise_id, exerciseset.weight, exerciseset.reps, exerciseset.peak_hr, exerciseset.rest_hr, exerciseset.score, exerciseset.created_at 
FROM exerciseset 
WHERE exerciseset.exercise_id = $1::INTEGER ORDER BY exerciseset.id DESC
2026-05-08 14:12:31,550 - sqlalchemy.engine.Engine - INFO - [cached since 1186s ago] (21,)
2026-05-08 14:12:31,551 - sqlalchemy.engine.Engine - INFO - SELECT exerciseset.id, exerciseset.exercise_id, exerciseset.weight, exerciseset.reps, exerciseset.peak_hr, exerciseset.rest_hr, exerciseset.score, exerciseset.created_at 
FROM exerciseset 
WHERE exerciseset.exercise_id = $1::INTEGER ORDER BY exerciseset.id DESC
2026-05-08 14:12:31,551 - sqlalchemy.engine.Engine - INFO - [cached since 1186s ago] (20,)
2026-05-08 14:12:31,551 - sqlalchemy.engine.Engine - INFO - SELECT planexercise.id, planexercise.plan_id, planexercise.exercise_base_id, planexercise.order_index, planexercise.created_at, base_exercise.name 
FROM planexercise JOIN base_exercise ON planexercise.exercise_base_id = base_exercise.id 
WHERE planexercise.plan_id = $1::INTEGER
2026-05-08 14:12:31,551 - sqlalchemy.engine.Engine - INFO - [cached since 1139s ago] (16,)
2026-05-08 14:12:31,552 - sqlalchemy.engine.Engine - INFO - SELECT exerciseset.id, exerciseset.exercise_id, exerciseset.weight, exerciseset.reps, exerciseset.peak_hr, exerciseset.rest_hr, exerciseset.score, exerciseset.created_at 
FROM exerciseset 
WHERE exerciseset.exercise_id = $1::INTEGER ORDER BY exerciseset.id DESC
2026-05-08 14:12:31,552 - sqlalchemy.engine.Engine - INFO - [cached since 1186s ago] (22,)
2026-05-08 14:12:31,553 - sqlalchemy.engine.Engine - INFO - SELECT exerciseset.id, exerciseset.exercise_id, exerciseset.weight, exerciseset.reps, exerciseset.peak_hr, exerciseset.rest_hr, exerciseset.score, exerciseset.created_at 
FROM exerciseset 
WHERE exerciseset.exercise_id = $1::INTEGER ORDER BY exerciseset.id DESC
2026-05-08 14:12:31,553 - sqlalchemy.engine.Engine - INFO - [cached since 1186s ago] (23,)
2026-05-08 14:12:31,554 - sqlalchemy.engine.Engine - INFO - SELECT planexercise.id, planexercise.plan_id, planexercise.exercise_base_id, planexercise.order_index, planexercise.created_at, base_exercise.name 
FROM planexercise JOIN base_exercise ON planexercise.exercise_base_id = base_exercise.id 
WHERE planexercise.plan_id = $1::INTEGER
2026-05-08 14:12:31,561 - sqlalchemy.engine.Engine - INFO - [cached since 1139s ago] (17,)
2026-05-08 14:12:31,562 - sqlalchemy.engine.Engine - INFO - SELECT exerciseset.id, exerciseset.exercise_id, exerciseset.weight, exerciseset.reps, exerciseset.peak_hr, exerciseset.rest_hr, exerciseset.score, exerciseset.created_at 
FROM exerciseset 
WHERE exerciseset.exercise_id = $1::INTEGER ORDER BY exerciseset.id DESC
2026-05-08 14:12:31,562 - sqlalchemy.engine.Engine - INFO - [cached since 1186s ago] (25,)
2026-05-08 14:12:31,563 - sqlalchemy.engine.Engine - INFO - SELECT exerciseset.id, exerciseset.exercise_id, exerciseset.weight, exerciseset.reps, exerciseset.peak_hr, exerciseset.rest_hr, exerciseset.score, exerciseset.created_at 
FROM exerciseset 
WHERE exerciseset.exercise_id = $1::INTEGER ORDER BY exerciseset.id DESC
2026-05-08 14:12:31,563 - sqlalchemy.engine.Engine - INFO - [cached since 1186s ago] (24,)
2026-05-08 14:12:31,564 - sqlalchemy.engine.Engine - INFO - SELECT planexercise.id, planexercise.plan_id, planexercise.exercise_base_id, planexercise.order_index, planexercise.created_at, base_exercise.name 
FROM planexercise JOIN base_exercise ON planexercise.exercise_base_id = base_exercise.id 
WHERE planexercise.plan_id = $1::INTEGER
2026-05-08 14:12:31,564 - sqlalchemy.engine.Engine - INFO - [cached since 1139s ago] (18,)
2026-05-08 14:12:31,564 - sqlalchemy.engine.Engine - INFO - SELECT exerciseset.id, exerciseset.exercise_id, exerciseset.weight, exerciseset.reps, exerciseset.peak_hr, exerciseset.rest_hr, exerciseset.score, exerciseset.created_at 
FROM exerciseset 
WHERE exerciseset.exercise_id = $1::INTEGER ORDER BY exerciseset.id DESC
2026-05-08 14:12:31,564 - sqlalchemy.engine.Engine - INFO - [cached since 1186s ago] (26,)
2026-05-08 14:12:31,565 - sqlalchemy.engine.Engine - INFO - SELECT exerciseset.id, exerciseset.exercise_id, exerciseset.weight, exerciseset.reps, exerciseset.peak_hr, exerciseset.rest_hr, exerciseset.score, exerciseset.created_at 
FROM exerciseset 
WHERE exerciseset.exercise_id = $1::INTEGER ORDER BY exerciseset.id DESC
2026-05-08 14:12:31,565 - sqlalchemy.engine.Engine - INFO - [cached since 1186s ago] (27,)
2026-05-08 14:12:31,566 - sqlalchemy.engine.Engine - INFO - SELECT planexercise.id, planexercise.plan_id, planexercise.exercise_base_id, planexercise.order_index, planexercise.created_at, base_exercise.name 
FROM planexercise JOIN base_exercise ON planexercise.exercise_base_id = base_exercise.id 
WHERE planexercise.plan_id = $1::INTEGER
2026-05-08 14:12:31,566 - sqlalchemy.engine.Engine - INFO - [cached since 1139s ago] (19,)
2026-05-08 14:12:31,567 - sqlalchemy.engine.Engine - INFO - SELECT exerciseset.id, exerciseset.exercise_id, exerciseset.weight, exerciseset.reps, exerciseset.peak_hr, exerciseset.rest_hr, exerciseset.score, exerciseset.created_at 
FROM exerciseset 
WHERE exerciseset.exercise_id = $1::INTEGER ORDER BY exerciseset.id DESC
2026-05-08 14:12:31,567 - sqlalchemy.engine.Engine - INFO - [cached since 1186s ago] (28,)
2026-05-08 14:12:31,568 - sqlalchemy.engine.Engine - INFO - SELECT planexercise.id, planexercise.plan_id, planexercise.exercise_base_id, planexercise.order_index, planexercise.created_at, base_exercise.name 
FROM planexercise JOIN base_exercise ON planexercise.exercise_base_id = base_exercise.id 
WHERE planexercise.plan_id = $1::INTEGER
2026-05-08 14:12:31,568 - sqlalchemy.engine.Engine - INFO - [cached since 1139s ago] (20,)
2026-05-08 14:12:31,569 - sqlalchemy.engine.Engine - INFO - SELECT exerciseset.id, exerciseset.exercise_id, exerciseset.weight, exerciseset.reps, exerciseset.peak_hr, exerciseset.rest_hr, exerciseset.score, exerciseset.created_at 
FROM exerciseset 
WHERE exerciseset.exercise_id = $1::INTEGER ORDER BY exerciseset.id DESC
2026-05-08 14:12:31,569 - sqlalchemy.engine.Engine - INFO - [cached since 1186s ago] (29,)
2026-05-08 14:12:31,570 - sqlalchemy.engine.Engine - INFO - SELECT planexercise.id, planexercise.plan_id, planexercise.exercise_base_id, planexercise.order_index, planexercise.created_at, base_exercise.name 
FROM planexercise JOIN base_exercise ON planexercise.exercise_base_id = base_exercise.id 
WHERE planexercise.plan_id = $1::INTEGER
2026-05-08 14:12:31,576 - sqlalchemy.engine.Engine - INFO - [cached since 1139s ago] (21,)
2026-05-08 14:12:31,577 - sqlalchemy.engine.Engine - INFO - SELECT exerciseset.id, exerciseset.exercise_id, exerciseset.weight, exerciseset.reps, exerciseset.peak_hr, exerciseset.rest_hr, exerciseset.score, exerciseset.created_at 
FROM exerciseset 
WHERE exerciseset.exercise_id = $1::INTEGER ORDER BY exerciseset.id DESC
2026-05-08 14:12:31,577 - sqlalchemy.engine.Engine - INFO - [cached since 1186s ago] (30,)
2026-05-08 14:12:31,578 - sqlalchemy.engine.Engine - INFO - SELECT planexercise.id, planexercise.plan_id, planexercise.exercise_base_id, planexercise.order_index, planexercise.created_at, base_exercise.name 
FROM planexercise JOIN base_exercise ON planexercise.exercise_base_id = base_exercise.id 
WHERE planexercise.plan_id = $1::INTEGER
2026-05-08 14:12:31,578 - sqlalchemy.engine.Engine - INFO - [cached since 1139s ago] (22,)
2026-05-08 14:12:31,578 - sqlalchemy.engine.Engine - INFO - SELECT exerciseset.id, exerciseset.exercise_id, exerciseset.weight, exerciseset.reps, exerciseset.peak_hr, exerciseset.rest_hr, exerciseset.score, exerciseset.created_at 
FROM exerciseset 
WHERE exerciseset.exercise_id = $1::INTEGER ORDER BY exerciseset.id DESC
2026-05-08 14:12:31,578 - sqlalchemy.engine.Engine - INFO - [cached since 1186s ago] (31,)
2026-05-08 14:12:31,579 - sqlalchemy.engine.Engine - INFO - SELECT planexercise.id, planexercise.plan_id, planexercise.exercise_base_id, planexercise.order_index, planexercise.created_at, base_exercise.name 
FROM planexercise JOIN base_exercise ON planexercise.exercise_base_id = base_exercise.id 
WHERE planexercise.plan_id = $1::INTEGER
2026-05-08 14:12:31,580 - sqlalchemy.engine.Engine - INFO - [cached since 1139s ago] (23,)
2026-05-08 14:12:31,580 - sqlalchemy.engine.Engine - INFO - SELECT exerciseset.id, exerciseset.exercise_id, exerciseset.weight, exerciseset.reps, exerciseset.peak_hr, exerciseset.rest_hr, exerciseset.score, exerciseset.created_at 
FROM exerciseset 
WHERE exerciseset.exercise_id = $1::INTEGER ORDER BY exerciseset.id DESC
2026-05-08 14:12:31,581 - sqlalchemy.engine.Engine - INFO - [cached since 1186s ago] (32,)
2026-05-08 14:12:31,582 - sqlalchemy.engine.Engine - INFO - SELECT exerciseset.id, exerciseset.exercise_id, exerciseset.weight, exerciseset.reps, exerciseset.peak_hr, exerciseset.rest_hr, exerciseset.score, exerciseset.created_at 
FROM exerciseset 
WHERE exerciseset.exercise_id = $1::INTEGER ORDER BY exerciseset.id DESC
2026-05-08 14:12:31,582 - sqlalchemy.engine.Engine - INFO - [cached since 1186s ago] (33,)
2026-05-08 14:12:31,582 - sqlalchemy.engine.Engine - INFO - SELECT planexercise.id, planexercise.plan_id, planexercise.exercise_base_id, planexercise.order_index, planexercise.created_at, base_exercise.name 
FROM planexercise JOIN base_exercise ON planexercise.exercise_base_id = base_exercise.id 
WHERE planexercise.plan_id = $1::INTEGER
2026-05-08 14:12:31,583 - sqlalchemy.engine.Engine - INFO - [cached since 1139s ago] (24,)
2026-05-08 14:12:31,583 - sqlalchemy.engine.Engine - INFO - SELECT exerciseset.id, exerciseset.exercise_id, exerciseset.weight, exerciseset.reps, exerciseset.peak_hr, exerciseset.rest_hr, exerciseset.score, exerciseset.created_at 
FROM exerciseset 
WHERE exerciseset.exercise_id = $1::INTEGER ORDER BY exerciseset.id DESC
2026-05-08 14:12:31,583 - sqlalchemy.engine.Engine - INFO - [cached since 1186s ago] (34,)
2026-05-08 14:12:31,584 - sqlalchemy.engine.Engine - INFO - SELECT planexercise.id, planexercise.plan_id, planexercise.exercise_base_id, planexercise.order_index, planexercise.created_at, base_exercise.name 
FROM planexercise JOIN base_exercise ON planexercise.exercise_base_id = base_exercise.id 
WHERE planexercise.plan_id = $1::INTEGER
2026-05-08 14:12:31,584 - sqlalchemy.engine.Engine - INFO - [cached since 1139s ago] (25,)
2026-05-08 14:12:31,584 - sqlalchemy.engine.Engine - INFO - SELECT exerciseset.id, exerciseset.exercise_id, exerciseset.weight, exerciseset.reps, exerciseset.peak_hr, exerciseset.rest_hr, exerciseset.score, exerciseset.created_at 
FROM exerciseset 
WHERE exerciseset.exercise_id = $1::INTEGER ORDER BY exerciseset.id DESC
2026-05-08 14:12:31,592 - sqlalchemy.engine.Engine - INFO - [cached since 1186s ago] (35,)
2026-05-08 14:12:31,593 - sqlalchemy.engine.Engine - INFO - SELECT planexercise.id, planexercise.plan_id, planexercise.exercise_base_id, planexercise.order_index, planexercise.created_at, base_exercise.name 
FROM planexercise JOIN base_exercise ON planexercise.exercise_base_id = base_exercise.id 
WHERE planexercise.plan_id = $1::INTEGER
2026-05-08 14:12:31,593 - sqlalchemy.engine.Engine - INFO - [cached since 1139s ago] (26,)
2026-05-08 14:12:31,594 - sqlalchemy.engine.Engine - INFO - SELECT exerciseset.id, exerciseset.exercise_id, exerciseset.weight, exerciseset.reps, exerciseset.peak_hr, exerciseset.rest_hr, exerciseset.score, exerciseset.created_at 
FROM exerciseset 
WHERE exerciseset.exercise_id = $1::INTEGER ORDER BY exerciseset.id DESC
2026-05-08 14:12:31,594 - sqlalchemy.engine.Engine - INFO - [cached since 1186s ago] (36,)
2026-05-08 14:12:31,596 - sqlalchemy.engine.Engine - INFO - SELECT planexercise.id, planexercise.plan_id, planexercise.exercise_base_id, planexercise.order_index, planexercise.created_at, base_exercise.name 
FROM planexercise JOIN base_exercise ON planexercise.exercise_base_id = base_exercise.id 
WHERE planexercise.plan_id = $1::INTEGER
2026-05-08 14:12:31,596 - sqlalchemy.engine.Engine - INFO - [cached since 1139s ago] (27,)
2026-05-08 14:12:31,596 - sqlalchemy.engine.Engine - INFO - SELECT exerciseset.id, exerciseset.exercise_id, exerciseset.weight, exerciseset.reps, exerciseset.peak_hr, exerciseset.rest_hr, exerciseset.score, exerciseset.created_at 
FROM exerciseset 
WHERE exerciseset.exercise_id = $1::INTEGER ORDER BY exerciseset.id DESC
2026-05-08 14:12:31,596 - sqlalchemy.engine.Engine - INFO - [cached since 1186s ago] (37,)
2026-05-08 14:12:31,597 - sqlalchemy.engine.Engine - INFO - SELECT planexercise.id, planexercise.plan_id, planexercise.exercise_base_id, planexercise.order_index, planexercise.created_at, base_exercise.name 
FROM planexercise JOIN base_exercise ON planexercise.exercise_base_id = base_exercise.id 
WHERE planexercise.plan_id = $1::INTEGER
2026-05-08 14:12:31,597 - sqlalchemy.engine.Engine - INFO - [cached since 1139s ago] (28,)
2026-05-08 14:12:31,598 - sqlalchemy.engine.Engine - INFO - SELECT exerciseset.id, exerciseset.exercise_id, exerciseset.weight, exerciseset.reps, exerciseset.peak_hr, exerciseset.rest_hr, exerciseset.score, exerciseset.created_at 
FROM exerciseset 
WHERE exerciseset.exercise_id = $1::INTEGER ORDER BY exerciseset.id DESC
2026-05-08 14:12:31,598 - sqlalchemy.engine.Engine - INFO - [cached since 1186s ago] (38,)
2026-05-08 14:12:31,598 - sqlalchemy.engine.Engine - INFO - SELECT planexercise.id, planexercise.plan_id, planexercise.exercise_base_id, planexercise.order_index, planexercise.created_at, base_exercise.name 
FROM planexercise JOIN base_exercise ON planexercise.exercise_base_id = base_exercise.id 
WHERE planexercise.plan_id = $1::INTEGER
2026-05-08 14:12:31,598 - sqlalchemy.engine.Engine - INFO - [cached since 1139s ago] (29,)
2026-05-08 14:12:31,599 - sqlalchemy.engine.Engine - INFO - SELECT exerciseset.id, exerciseset.exercise_id, exerciseset.weight, exerciseset.reps, exerciseset.peak_hr, exerciseset.rest_hr, exerciseset.score, exerciseset.created_at 
FROM exerciseset 
WHERE exerciseset.exercise_id = $1::INTEGER ORDER BY exerciseset.id DESC
2026-05-08 14:12:31,599 - sqlalchemy.engine.Engine - INFO - [cached since 1186s ago] (39,)
2026-05-08 14:12:31,600 - sqlalchemy.engine.Engine - INFO - SELECT planexercise.id, planexercise.plan_id, planexercise.exercise_base_id, planexercise.order_index, planexercise.created_at, base_exercise.name 
FROM planexercise JOIN base_exercise ON planexercise.exercise_base_id = base_exercise.id 
WHERE planexercise.plan_id = $1::INTEGER
2026-05-08 14:12:31,600 - sqlalchemy.engine.Engine - INFO - [cached since 1139s ago] (30,)
2026-05-08 14:12:31,600 - sqlalchemy.engine.Engine - INFO - SELECT exerciseset.id, exerciseset.exercise_id, exerciseset.weight, exerciseset.reps, exerciseset.peak_hr, exerciseset.rest_hr, exerciseset.score, exerciseset.created_at 
FROM exerciseset 
WHERE exerciseset.exercise_id = $1::INTEGER ORDER BY exerciseset.id DESC
2026-05-08 14:12:31,607 - sqlalchemy.engine.Engine - INFO - [cached since 1186s ago] (40,)
2026-05-08 14:12:31,609 - sqlalchemy.engine.Engine - INFO - SELECT exerciseset.id, exerciseset.exercise_id, exerciseset.weight, exerciseset.reps, exerciseset.peak_hr, exerciseset.rest_hr, exerciseset.score, exerciseset.created_at 
FROM exerciseset 
WHERE exerciseset.exercise_id = $1::INTEGER ORDER BY exerciseset.id DESC
2026-05-08 14:12:31,609 - sqlalchemy.engine.Engine - INFO - [cached since 1186s ago] (41,)
2026-05-08 14:12:31,610 - sqlalchemy.engine.Engine - INFO - SELECT planexercise.id, planexercise.plan_id, planexercise.exercise_base_id, planexercise.order_index, planexercise.created_at, base_exercise.name 
FROM planexercise JOIN base_exercise ON planexercise.exercise_base_id = base_exercise.id 
WHERE planexercise.plan_id = $1::INTEGER
2026-05-08 14:12:31,611 - sqlalchemy.engine.Engine - INFO - [cached since 1139s ago] (31,)
2026-05-08 14:12:31,611 - sqlalchemy.engine.Engine - INFO - SELECT exerciseset.id, exerciseset.exercise_id, exerciseset.weight, exerciseset.reps, exerciseset.peak_hr, exerciseset.rest_hr, exerciseset.score, exerciseset.created_at 
FROM exerciseset 
WHERE exerciseset.exercise_id = $1::INTEGER ORDER BY exerciseset.id DESC
2026-05-08 14:12:31,611 - sqlalchemy.engine.Engine - INFO - [cached since 1186s ago] (42,)
2026-05-08 14:12:31,612 - sqlalchemy.engine.Engine - INFO - ROLLBACK
2026-05-08 14:12:51,205 - sqlalchemy.engine.Engine - INFO - BEGIN (implicit)
2026-05-08 14:12:51,206 - sqlalchemy.engine.Engine - INFO - SELECT workoutplan.id, workoutplan.session_id, workoutplan.plan_name, workoutplan.created_at 
FROM workoutplan 
WHERE workoutplan.session_id = $1::VARCHAR
2026-05-08 14:12:51,206 - sqlalchemy.engine.Engine - INFO - [cached since 1159s ago] ('12A3C',)
2026-05-08 14:12:51,208 - sqlalchemy.engine.Engine - INFO - SELECT planexercise.id, planexercise.plan_id, planexercise.exercise_base_id, planexercise.order_index, planexercise.created_at, base_exercise.name 
FROM planexercise JOIN base_exercise ON planexercise.exercise_base_id = base_exercise.id 
WHERE planexercise.plan_id = $1::INTEGER
2026-05-08 14:12:51,208 - sqlalchemy.engine.Engine - INFO - [cached since 1159s ago] (1,)
2026-05-08 14:12:51,208 - sqlalchemy.engine.Engine - INFO - SELECT exerciseset.id, exerciseset.exercise_id, exerciseset.weight, exerciseset.reps, exerciseset.peak_hr, exerciseset.rest_hr, exerciseset.score, exerciseset.created_at 
FROM exerciseset 
WHERE exerciseset.exercise_id = $1::INTEGER ORDER BY exerciseset.id DESC
2026-05-08 14:12:51,208 - sqlalchemy.engine.Engine - INFO - [cached since 1205s ago] (1,)
2026-05-08 14:12:51,209 - sqlalchemy.engine.Engine - INFO - SELECT planexercise.id, planexercise.plan_id, planexercise.exercise_base_id, planexercise.order_index, planexercise.created_at, base_exercise.name 
FROM planexercise JOIN base_exercise ON planexercise.exercise_base_id = base_exercise.id 
WHERE planexercise.plan_id = $1::INTEGER
2026-05-08 14:12:51,209 - sqlalchemy.engine.Engine - INFO - [cached since 1159s ago] (2,)
2026-05-08 14:12:51,210 - sqlalchemy.engine.Engine - INFO - SELECT exerciseset.id, exerciseset.exercise_id, exerciseset.weight, exerciseset.reps, exerciseset.peak_hr, exerciseset.rest_hr, exerciseset.score, exerciseset.created_at 
FROM exerciseset 
WHERE exerciseset.exercise_id = $1::INTEGER ORDER BY exerciseset.id DESC
2026-05-08 14:12:51,210 - sqlalchemy.engine.Engine - INFO - [cached since 1205s ago] (2,)
2026-05-08 14:12:51,211 - sqlalchemy.engine.Engine - INFO - SELECT planexercise.id, planexercise.plan_id, planexercise.exercise_base_id, planexercise.order_index, planexercise.created_at, base_exercise.name 
FROM planexercise JOIN base_exercise ON planexercise.exercise_base_id = base_exercise.id 
WHERE planexercise.plan_id = $1::INTEGER
2026-05-08 14:12:51,211 - sqlalchemy.engine.Engine - INFO - [cached since 1159s ago] (3,)
2026-05-08 14:12:51,211 - sqlalchemy.engine.Engine - INFO - SELECT exerciseset.id, exerciseset.exercise_id, exerciseset.weight, exerciseset.reps, exerciseset.peak_hr, exerciseset.rest_hr, exerciseset.score, exerciseset.created_at 
FROM exerciseset 
WHERE exerciseset.exercise_id = $1::INTEGER ORDER BY exerciseset.id DESC
2026-05-08 14:12:51,211 - sqlalchemy.engine.Engine - INFO - [cached since 1205s ago] (3,)
2026-05-08 14:12:51,212 - sqlalchemy.engine.Engine - INFO - SELECT planexercise.id, planexercise.plan_id, planexercise.exercise_base_id, planexercise.order_index, planexercise.created_at, base_exercise.name 
FROM planexercise JOIN base_exercise ON planexercise.exercise_base_id = base_exercise.id 
WHERE planexercise.plan_id = $1::INTEGER
2026-05-08 14:12:51,213 - sqlalchemy.engine.Engine - INFO - [cached since 1159s ago] (4,)
2026-05-08 14:12:51,214 - sqlalchemy.engine.Engine - INFO - SELECT exerciseset.id, exerciseset.exercise_id, exerciseset.weight, exerciseset.reps, exerciseset.peak_hr, exerciseset.rest_hr, exerciseset.score, exerciseset.created_at 
FROM exerciseset 
WHERE exerciseset.exercise_id = $1::INTEGER ORDER BY exerciseset.id DESC
2026-05-08 14:12:51,214 - sqlalchemy.engine.Engine - INFO - [cached since 1205s ago] (4,)
2026-05-08 14:12:51,215 - sqlalchemy.engine.Engine - INFO - SELECT planexercise.id, planexercise.plan_id, planexercise.exercise_base_id, planexercise.order_index, planexercise.created_at, base_exercise.name 
FROM planexercise JOIN base_exercise ON planexercise.exercise_base_id = base_exercise.id 
WHERE planexercise.plan_id = $1::INTEGER
2026-05-08 14:12:51,215 - sqlalchemy.engine.Engine - INFO - [cached since 1159s ago] (5,)
2026-05-08 14:12:51,223 - sqlalchemy.engine.Engine - INFO - SELECT exerciseset.id, exerciseset.exercise_id, exerciseset.weight, exerciseset.reps, exerciseset.peak_hr, exerciseset.rest_hr, exerciseset.score, exerciseset.created_at 
FROM exerciseset 
WHERE exerciseset.exercise_id = $1::INTEGER ORDER BY exerciseset.id DESC
2026-05-08 14:12:51,223 - sqlalchemy.engine.Engine - INFO - [cached since 1205s ago] (5,)
2026-05-08 14:12:51,224 - sqlalchemy.engine.Engine - INFO - SELECT planexercise.id, planexercise.plan_id, planexercise.exercise_base_id, planexercise.order_index, planexercise.created_at, base_exercise.name 
FROM planexercise JOIN base_exercise ON planexercise.exercise_base_id = base_exercise.id 
WHERE planexercise.plan_id = $1::INTEGER
2026-05-08 14:12:51,224 - sqlalchemy.engine.Engine - INFO - [cached since 1159s ago] (6,)
2026-05-08 14:12:51,224 - sqlalchemy.engine.Engine - INFO - SELECT exerciseset.id, exerciseset.exercise_id, exerciseset.weight, exerciseset.reps, exerciseset.peak_hr, exerciseset.rest_hr, exerciseset.score, exerciseset.created_at 
FROM exerciseset 
WHERE exerciseset.exercise_id = $1::INTEGER ORDER BY exerciseset.id DESC
2026-05-08 14:12:51,224 - sqlalchemy.engine.Engine - INFO - [cached since 1205s ago] (6,)
2026-05-08 14:12:51,225 - sqlalchemy.engine.Engine - INFO - SELECT planexercise.id, planexercise.plan_id, planexercise.exercise_base_id, planexercise.order_index, planexercise.created_at, base_exercise.name 
FROM planexercise JOIN base_exercise ON planexercise.exercise_base_id = base_exercise.id 
WHERE planexercise.plan_id = $1::INTEGER
2026-05-08 14:12:51,225 - sqlalchemy.engine.Engine - INFO - [cached since 1159s ago] (7,)
2026-05-08 14:12:51,226 - sqlalchemy.engine.Engine - INFO - SELECT exerciseset.id, exerciseset.exercise_id, exerciseset.weight, exerciseset.reps, exerciseset.peak_hr, exerciseset.rest_hr, exerciseset.score, exerciseset.created_at 
FROM exerciseset 
WHERE exerciseset.exercise_id = $1::INTEGER ORDER BY exerciseset.id DESC
2026-05-08 14:12:51,226 - sqlalchemy.engine.Engine - INFO - [cached since 1205s ago] (7,)
2026-05-08 14:12:51,227 - sqlalchemy.engine.Engine - INFO - SELECT planexercise.id, planexercise.plan_id, planexercise.exercise_base_id, planexercise.order_index, planexercise.created_at, base_exercise.name 
FROM planexercise JOIN base_exercise ON planexercise.exercise_base_id = base_exercise.id 
WHERE planexercise.plan_id = $1::INTEGER
2026-05-08 14:12:51,227 - sqlalchemy.engine.Engine - INFO - [cached since 1159s ago] (8,)
2026-05-08 14:12:51,228 - sqlalchemy.engine.Engine - INFO - SELECT exerciseset.id, exerciseset.exercise_id, exerciseset.weight, exerciseset.reps, exerciseset.peak_hr, exerciseset.rest_hr, exerciseset.score, exerciseset.created_at 
FROM exerciseset 
WHERE exerciseset.exercise_id = $1::INTEGER ORDER BY exerciseset.id DESC
2026-05-08 14:12:51,228 - sqlalchemy.engine.Engine - INFO - [cached since 1205s ago] (8,)
2026-05-08 14:12:51,229 - sqlalchemy.engine.Engine - INFO - SELECT planexercise.id, planexercise.plan_id, planexercise.exercise_base_id, planexercise.order_index, planexercise.created_at, base_exercise.name 
FROM planexercise JOIN base_exercise ON planexercise.exercise_base_id = base_exercise.id 
WHERE planexercise.plan_id = $1::INTEGER
2026-05-08 14:12:51,229 - sqlalchemy.engine.Engine - INFO - [cached since 1159s ago] (9,)
2026-05-08 14:12:51,229 - sqlalchemy.engine.Engine - INFO - SELECT exerciseset.id, exerciseset.exercise_id, exerciseset.weight, exerciseset.reps, exerciseset.peak_hr, exerciseset.rest_hr, exerciseset.score, exerciseset.created_at 
FROM exerciseset 
WHERE exerciseset.exercise_id = $1::INTEGER ORDER BY exerciseset.id DESC
2026-05-08 14:12:51,229 - sqlalchemy.engine.Engine - INFO - [cached since 1205s ago] (9,)
2026-05-08 14:12:51,230 - sqlalchemy.engine.Engine - INFO - SELECT planexercise.id, planexercise.plan_id, planexercise.exercise_base_id, planexercise.order_index, planexercise.created_at, base_exercise.name 
FROM planexercise JOIN base_exercise ON planexercise.exercise_base_id = base_exercise.id 
WHERE planexercise.plan_id = $1::INTEGER
2026-05-08 14:12:51,237 - sqlalchemy.engine.Engine - INFO - [cached since 1159s ago] (10,)
2026-05-08 14:12:51,238 - sqlalchemy.engine.Engine - INFO - SELECT exerciseset.id, exerciseset.exercise_id, exerciseset.weight, exerciseset.reps, exerciseset.peak_hr, exerciseset.rest_hr, exerciseset.score, exerciseset.created_at 
FROM exerciseset 
WHERE exerciseset.exercise_id = $1::INTEGER ORDER BY exerciseset.id DESC
2026-05-08 14:12:51,238 - sqlalchemy.engine.Engine - INFO - [cached since 1205s ago] (10,)
2026-05-08 14:12:51,238 - sqlalchemy.engine.Engine - INFO - SELECT exerciseset.id, exerciseset.exercise_id, exerciseset.weight, exerciseset.reps, exerciseset.peak_hr, exerciseset.rest_hr, exerciseset.score, exerciseset.created_at 
FROM exerciseset 
WHERE exerciseset.exercise_id = $1::INTEGER ORDER BY exerciseset.id DESC
2026-05-08 14:12:51,238 - sqlalchemy.engine.Engine - INFO - [cached since 1205s ago] (11,)
2026-05-08 14:12:51,239 - sqlalchemy.engine.Engine - INFO - SELECT planexercise.id, planexercise.plan_id, planexercise.exercise_base_id, planexercise.order_index, planexercise.created_at, base_exercise.name 
FROM planexercise JOIN base_exercise ON planexercise.exercise_base_id = base_exercise.id 
WHERE planexercise.plan_id = $1::INTEGER
2026-05-08 14:12:51,240 - sqlalchemy.engine.Engine - INFO - [cached since 1159s ago] (11,)
2026-05-08 14:12:51,242 - sqlalchemy.engine.Engine - INFO - SELECT exerciseset.id, exerciseset.exercise_id, exerciseset.weight, exerciseset.reps, exerciseset.peak_hr, exerciseset.rest_hr, exerciseset.score, exerciseset.created_at 
FROM exerciseset 
WHERE exerciseset.exercise_id = $1::INTEGER ORDER BY exerciseset.id DESC
2026-05-08 14:12:51,242 - sqlalchemy.engine.Engine - INFO - [cached since 1205s ago] (12,)
2026-05-08 14:12:51,243 - sqlalchemy.engine.Engine - INFO - SELECT exerciseset.id, exerciseset.exercise_id, exerciseset.weight, exerciseset.reps, exerciseset.peak_hr, exerciseset.rest_hr, exerciseset.score, exerciseset.created_at 
FROM exerciseset 
WHERE exerciseset.exercise_id = $1::INTEGER ORDER BY exerciseset.id DESC
2026-05-08 14:12:51,243 - sqlalchemy.engine.Engine - INFO - [cached since 1205s ago] (13,)
2026-05-08 14:12:51,244 - sqlalchemy.engine.Engine - INFO - SELECT planexercise.id, planexercise.plan_id, planexercise.exercise_base_id, planexercise.order_index, planexercise.created_at, base_exercise.name 
FROM planexercise JOIN base_exercise ON planexercise.exercise_base_id = base_exercise.id 
WHERE planexercise.plan_id = $1::INTEGER
2026-05-08 14:12:51,244 - sqlalchemy.engine.Engine - INFO - [cached since 1159s ago] (12,)
2026-05-08 14:12:51,244 - sqlalchemy.engine.Engine - INFO - SELECT exerciseset.id, exerciseset.exercise_id, exerciseset.weight, exerciseset.reps, exerciseset.peak_hr, exerciseset.rest_hr, exerciseset.score, exerciseset.created_at 
FROM exerciseset 
WHERE exerciseset.exercise_id = $1::INTEGER ORDER BY exerciseset.id DESC
2026-05-08 14:12:51,245 - sqlalchemy.engine.Engine - INFO - [cached since 1205s ago] (14,)
2026-05-08 14:12:51,245 - sqlalchemy.engine.Engine - INFO - SELECT exerciseset.id, exerciseset.exercise_id, exerciseset.weight, exerciseset.reps, exerciseset.peak_hr, exerciseset.rest_hr, exerciseset.score, exerciseset.created_at 
FROM exerciseset 
WHERE exerciseset.exercise_id = $1::INTEGER ORDER BY exerciseset.id DESC
2026-05-08 14:12:51,245 - sqlalchemy.engine.Engine - INFO - [cached since 1205s ago] (15,)
2026-05-08 14:12:51,246 - sqlalchemy.engine.Engine - INFO - SELECT planexercise.id, planexercise.plan_id, planexercise.exercise_base_id, planexercise.order_index, planexercise.created_at, base_exercise.name 
FROM planexercise JOIN base_exercise ON planexercise.exercise_base_id = base_exercise.id 
WHERE planexercise.plan_id = $1::INTEGER
2026-05-08 14:12:51,246 - sqlalchemy.engine.Engine - INFO - [cached since 1159s ago] (13,)
2026-05-08 14:12:51,246 - sqlalchemy.engine.Engine - INFO - SELECT exerciseset.id, exerciseset.exercise_id, exerciseset.weight, exerciseset.reps, exerciseset.peak_hr, exerciseset.rest_hr, exerciseset.score, exerciseset.created_at 
FROM exerciseset 
WHERE exerciseset.exercise_id = $1::INTEGER ORDER BY exerciseset.id DESC
2026-05-08 14:12:51,252 - sqlalchemy.engine.Engine - INFO - [cached since 1205s ago] (17,)
2026-05-08 14:12:51,253 - sqlalchemy.engine.Engine - INFO - SELECT exerciseset.id, exerciseset.exercise_id, exerciseset.weight, exerciseset.reps, exerciseset.peak_hr, exerciseset.rest_hr, exerciseset.score, exerciseset.created_at 
FROM exerciseset 
WHERE exerciseset.exercise_id = $1::INTEGER ORDER BY exerciseset.id DESC
2026-05-08 14:12:51,253 - sqlalchemy.engine.Engine - INFO - [cached since 1205s ago] (16,)
2026-05-08 14:12:51,254 - sqlalchemy.engine.Engine - INFO - SELECT planexercise.id, planexercise.plan_id, planexercise.exercise_base_id, planexercise.order_index, planexercise.created_at, base_exercise.name 
FROM planexercise JOIN base_exercise ON planexercise.exercise_base_id = base_exercise.id 
WHERE planexercise.plan_id = $1::INTEGER
2026-05-08 14:12:51,254 - sqlalchemy.engine.Engine - INFO - [cached since 1159s ago] (14,)
2026-05-08 14:12:51,255 - sqlalchemy.engine.Engine - INFO - SELECT exerciseset.id, exerciseset.exercise_id, exerciseset.weight, exerciseset.reps, exerciseset.peak_hr, exerciseset.rest_hr, exerciseset.score, exerciseset.created_at 
FROM exerciseset 
WHERE exerciseset.exercise_id = $1::INTEGER ORDER BY exerciseset.id DESC
2026-05-08 14:12:51,255 - sqlalchemy.engine.Engine - INFO - [cached since 1205s ago] (18,)
2026-05-08 14:12:51,256 - sqlalchemy.engine.Engine - INFO - SELECT exerciseset.id, exerciseset.exercise_id, exerciseset.weight, exerciseset.reps, exerciseset.peak_hr, exerciseset.rest_hr, exerciseset.score, exerciseset.created_at 
FROM exerciseset 
WHERE exerciseset.exercise_id = $1::INTEGER ORDER BY exerciseset.id DESC
2026-05-08 14:12:51,256 - sqlalchemy.engine.Engine - INFO - [cached since 1205s ago] (19,)
2026-05-08 14:12:51,257 - sqlalchemy.engine.Engine - INFO - SELECT planexercise.id, planexercise.plan_id, planexercise.exercise_base_id, planexercise.order_index, planexercise.created_at, base_exercise.name 
FROM planexercise JOIN base_exercise ON planexercise.exercise_base_id = base_exercise.id 
WHERE planexercise.plan_id = $1::INTEGER
2026-05-08 14:12:51,257 - sqlalchemy.engine.Engine - INFO - [cached since 1159s ago] (15,)
2026-05-08 14:12:51,257 - sqlalchemy.engine.Engine - INFO - SELECT exerciseset.id, exerciseset.exercise_id, exerciseset.weight, exerciseset.reps, exerciseset.peak_hr, exerciseset.rest_hr, exerciseset.score, exerciseset.created_at 
FROM exerciseset 
WHERE exerciseset.exercise_id = $1::INTEGER ORDER BY exerciseset.id DESC
2026-05-08 14:12:51,258 - sqlalchemy.engine.Engine - INFO - [cached since 1205s ago] (21,)
2026-05-08 14:12:51,258 - sqlalchemy.engine.Engine - INFO - SELECT exerciseset.id, exerciseset.exercise_id, exerciseset.weight, exerciseset.reps, exerciseset.peak_hr, exerciseset.rest_hr, exerciseset.score, exerciseset.created_at 
FROM exerciseset 
WHERE exerciseset.exercise_id = $1::INTEGER ORDER BY exerciseset.id DESC
2026-05-08 14:12:51,258 - sqlalchemy.engine.Engine - INFO - [cached since 1205s ago] (20,)
2026-05-08 14:12:51,259 - sqlalchemy.engine.Engine - INFO - SELECT planexercise.id, planexercise.plan_id, planexercise.exercise_base_id, planexercise.order_index, planexercise.created_at, base_exercise.name 
FROM planexercise JOIN base_exercise ON planexercise.exercise_base_id = base_exercise.id 
WHERE planexercise.plan_id = $1::INTEGER
2026-05-08 14:12:51,259 - sqlalchemy.engine.Engine - INFO - [cached since 1159s ago] (16,)
2026-05-08 14:12:51,260 - sqlalchemy.engine.Engine - INFO - SELECT exerciseset.id, exerciseset.exercise_id, exerciseset.weight, exerciseset.reps, exerciseset.peak_hr, exerciseset.rest_hr, exerciseset.score, exerciseset.created_at 
FROM exerciseset 
WHERE exerciseset.exercise_id = $1::INTEGER ORDER BY exerciseset.id DESC
2026-05-08 14:12:51,260 - sqlalchemy.engine.Engine - INFO - [cached since 1205s ago] (22,)
2026-05-08 14:12:51,260 - sqlalchemy.engine.Engine - INFO - SELECT exerciseset.id, exerciseset.exercise_id, exerciseset.weight, exerciseset.reps, exerciseset.peak_hr, exerciseset.rest_hr, exerciseset.score, exerciseset.created_at 
FROM exerciseset 
WHERE exerciseset.exercise_id = $1::INTEGER ORDER BY exerciseset.id DESC
2026-05-08 14:12:51,267 - sqlalchemy.engine.Engine - INFO - [cached since 1205s ago] (23,)
2026-05-08 14:12:51,269 - sqlalchemy.engine.Engine - INFO - SELECT planexercise.id, planexercise.plan_id, planexercise.exercise_base_id, planexercise.order_index, planexercise.created_at, base_exercise.name 
FROM planexercise JOIN base_exercise ON planexercise.exercise_base_id = base_exercise.id 
WHERE planexercise.plan_id = $1::INTEGER
2026-05-08 14:12:51,269 - sqlalchemy.engine.Engine - INFO - [cached since 1159s ago] (17,)
2026-05-08 14:12:51,271 - sqlalchemy.engine.Engine - INFO - SELECT exerciseset.id, exerciseset.exercise_id, exerciseset.weight, exerciseset.reps, exerciseset.peak_hr, exerciseset.rest_hr, exerciseset.score, exerciseset.created_at 
FROM exerciseset 
WHERE exerciseset.exercise_id = $1::INTEGER ORDER BY exerciseset.id DESC
2026-05-08 14:12:51,271 - sqlalchemy.engine.Engine - INFO - [cached since 1205s ago] (25,)
2026-05-08 14:12:51,271 - sqlalchemy.engine.Engine - INFO - SELECT exerciseset.id, exerciseset.exercise_id, exerciseset.weight, exerciseset.reps, exerciseset.peak_hr, exerciseset.rest_hr, exerciseset.score, exerciseset.created_at 
FROM exerciseset 
WHERE exerciseset.exercise_id = $1::INTEGER ORDER BY exerciseset.id DESC
2026-05-08 14:12:51,272 - sqlalchemy.engine.Engine - INFO - [cached since 1205s ago] (24,)
2026-05-08 14:12:51,272 - sqlalchemy.engine.Engine - INFO - SELECT planexercise.id, planexercise.plan_id, planexercise.exercise_base_id, planexercise.order_index, planexercise.created_at, base_exercise.name 
FROM planexercise JOIN base_exercise ON planexercise.exercise_base_id = base_exercise.id 
WHERE planexercise.plan_id = $1::INTEGER
2026-05-08 14:12:51,272 - sqlalchemy.engine.Engine - INFO - [cached since 1159s ago] (18,)
2026-05-08 14:12:51,273 - sqlalchemy.engine.Engine - INFO - SELECT exerciseset.id, exerciseset.exercise_id, exerciseset.weight, exerciseset.reps, exerciseset.peak_hr, exerciseset.rest_hr, exerciseset.score, exerciseset.created_at 
FROM exerciseset 
WHERE exerciseset.exercise_id = $1::INTEGER ORDER BY exerciseset.id DESC
2026-05-08 14:12:51,273 - sqlalchemy.engine.Engine - INFO - [cached since 1205s ago] (26,)
2026-05-08 14:12:51,274 - sqlalchemy.engine.Engine - INFO - SELECT exerciseset.id, exerciseset.exercise_id, exerciseset.weight, exerciseset.reps, exerciseset.peak_hr, exerciseset.rest_hr, exerciseset.score, exerciseset.created_at 
FROM exerciseset 
WHERE exerciseset.exercise_id = $1::INTEGER ORDER BY exerciseset.id DESC
2026-05-08 14:12:51,274 - sqlalchemy.engine.Engine - INFO - [cached since 1205s ago] (27,)
2026-05-08 14:12:51,274 - sqlalchemy.engine.Engine - INFO - SELECT planexercise.id, planexercise.plan_id, planexercise.exercise_base_id, planexercise.order_index, planexercise.created_at, base_exercise.name 
FROM planexercise JOIN base_exercise ON planexercise.exercise_base_id = base_exercise.id 
WHERE planexercise.plan_id = $1::INTEGER
2026-05-08 14:12:51,274 - sqlalchemy.engine.Engine - INFO - [cached since 1159s ago] (19,)
2026-05-08 14:12:51,275 - sqlalchemy.engine.Engine - INFO - SELECT exerciseset.id, exerciseset.exercise_id, exerciseset.weight, exerciseset.reps, exerciseset.peak_hr, exerciseset.rest_hr, exerciseset.score, exerciseset.created_at 
FROM exerciseset 
WHERE exerciseset.exercise_id = $1::INTEGER ORDER BY exerciseset.id DESC
2026-05-08 14:12:51,275 - sqlalchemy.engine.Engine - INFO - [cached since 1205s ago] (28,)
2026-05-08 14:12:51,276 - sqlalchemy.engine.Engine - INFO - SELECT planexercise.id, planexercise.plan_id, planexercise.exercise_base_id, planexercise.order_index, planexercise.created_at, base_exercise.name 
FROM planexercise JOIN base_exercise ON planexercise.exercise_base_id = base_exercise.id 
WHERE planexercise.plan_id = $1::INTEGER
2026-05-08 14:12:51,277 - sqlalchemy.engine.Engine - INFO - [cached since 1159s ago] (20,)
2026-05-08 14:12:51,278 - sqlalchemy.engine.Engine - INFO - SELECT exerciseset.id, exerciseset.exercise_id, exerciseset.weight, exerciseset.reps, exerciseset.peak_hr, exerciseset.rest_hr, exerciseset.score, exerciseset.created_at 
FROM exerciseset 
WHERE exerciseset.exercise_id = $1::INTEGER ORDER BY exerciseset.id DESC
2026-05-08 14:12:51,283 - sqlalchemy.engine.Engine - INFO - [cached since 1205s ago] (29,)
2026-05-08 14:12:51,285 - sqlalchemy.engine.Engine - INFO - SELECT planexercise.id, planexercise.plan_id, planexercise.exercise_base_id, planexercise.order_index, planexercise.created_at, base_exercise.name 
FROM planexercise JOIN base_exercise ON planexercise.exercise_base_id = base_exercise.id 
WHERE planexercise.plan_id = $1::INTEGER
2026-05-08 14:12:51,285 - sqlalchemy.engine.Engine - INFO - [cached since 1159s ago] (21,)
2026-05-08 14:12:51,286 - sqlalchemy.engine.Engine - INFO - SELECT exerciseset.id, exerciseset.exercise_id, exerciseset.weight, exerciseset.reps, exerciseset.peak_hr, exerciseset.rest_hr, exerciseset.score, exerciseset.created_at 
FROM exerciseset 
WHERE exerciseset.exercise_id = $1::INTEGER ORDER BY exerciseset.id DESC
2026-05-08 14:12:51,286 - sqlalchemy.engine.Engine - INFO - [cached since 1205s ago] (30,)
2026-05-08 14:12:51,287 - sqlalchemy.engine.Engine - INFO - SELECT planexercise.id, planexercise.plan_id, planexercise.exercise_base_id, planexercise.order_index, planexercise.created_at, base_exercise.name 
FROM planexercise JOIN base_exercise ON planexercise.exercise_base_id = base_exercise.id 
WHERE planexercise.plan_id = $1::INTEGER
2026-05-08 14:12:51,287 - sqlalchemy.engine.Engine - INFO - [cached since 1159s ago] (22,)
2026-05-08 14:12:51,287 - sqlalchemy.engine.Engine - INFO - SELECT exerciseset.id, exerciseset.exercise_id, exerciseset.weight, exerciseset.reps, exerciseset.peak_hr, exerciseset.rest_hr, exerciseset.score, exerciseset.created_at 
FROM exerciseset 
WHERE exerciseset.exercise_id = $1::INTEGER ORDER BY exerciseset.id DESC
2026-05-08 14:12:51,287 - sqlalchemy.engine.Engine - INFO - [cached since 1205s ago] (31,)
2026-05-08 14:12:51,288 - sqlalchemy.engine.Engine - INFO - SELECT planexercise.id, planexercise.plan_id, planexercise.exercise_base_id, planexercise.order_index, planexercise.created_at, base_exercise.name 
FROM planexercise JOIN base_exercise ON planexercise.exercise_base_id = base_exercise.id 
WHERE planexercise.plan_id = $1::INTEGER
2026-05-08 14:12:51,288 - sqlalchemy.engine.Engine - INFO - [cached since 1159s ago] (23,)
2026-05-08 14:12:51,290 - sqlalchemy.engine.Engine - INFO - SELECT exerciseset.id, exerciseset.exercise_id, exerciseset.weight, exerciseset.reps, exerciseset.peak_hr, exerciseset.rest_hr, exerciseset.score, exerciseset.created_at 
FROM exerciseset 
WHERE exerciseset.exercise_id = $1::INTEGER ORDER BY exerciseset.id DESC
2026-05-08 14:12:51,290 - sqlalchemy.engine.Engine - INFO - [cached since 1205s ago] (32,)
2026-05-08 14:12:51,291 - sqlalchemy.engine.Engine - INFO - SELECT exerciseset.id, exerciseset.exercise_id, exerciseset.weight, exerciseset.reps, exerciseset.peak_hr, exerciseset.rest_hr, exerciseset.score, exerciseset.created_at 
FROM exerciseset 
WHERE exerciseset.exercise_id = $1::INTEGER ORDER BY exerciseset.id DESC
2026-05-08 14:12:51,291 - sqlalchemy.engine.Engine - INFO - [cached since 1205s ago] (33,)
2026-05-08 14:12:51,292 - sqlalchemy.engine.Engine - INFO - SELECT planexercise.id, planexercise.plan_id, planexercise.exercise_base_id, planexercise.order_index, planexercise.created_at, base_exercise.name 
FROM planexercise JOIN base_exercise ON planexercise.exercise_base_id = base_exercise.id 
WHERE planexercise.plan_id = $1::INTEGER
2026-05-08 14:12:51,292 - sqlalchemy.engine.Engine - INFO - [cached since 1159s ago] (24,)
2026-05-08 14:12:51,293 - sqlalchemy.engine.Engine - INFO - SELECT exerciseset.id, exerciseset.exercise_id, exerciseset.weight, exerciseset.reps, exerciseset.peak_hr, exerciseset.rest_hr, exerciseset.score, exerciseset.created_at 
FROM exerciseset 
WHERE exerciseset.exercise_id = $1::INTEGER ORDER BY exerciseset.id DESC
2026-05-08 14:12:51,293 - sqlalchemy.engine.Engine - INFO - [cached since 1205s ago] (34,)
2026-05-08 14:12:51,293 - sqlalchemy.engine.Engine - INFO - SELECT planexercise.id, planexercise.plan_id, planexercise.exercise_base_id, planexercise.order_index, planexercise.created_at, base_exercise.name 
FROM planexercise JOIN base_exercise ON planexercise.exercise_base_id = base_exercise.id 
WHERE planexercise.plan_id = $1::INTEGER
2026-05-08 14:12:51,298 - sqlalchemy.engine.Engine - INFO - [cached since 1159s ago] (25,)
2026-05-08 14:12:51,299 - sqlalchemy.engine.Engine - INFO - SELECT exerciseset.id, exerciseset.exercise_id, exerciseset.weight, exerciseset.reps, exerciseset.peak_hr, exerciseset.rest_hr, exerciseset.score, exerciseset.created_at 
FROM exerciseset 
WHERE exerciseset.exercise_id = $1::INTEGER ORDER BY exerciseset.id DESC
2026-05-08 14:12:51,300 - sqlalchemy.engine.Engine - INFO - [cached since 1205s ago] (35,)
2026-05-08 14:12:51,300 - sqlalchemy.engine.Engine - INFO - SELECT planexercise.id, planexercise.plan_id, planexercise.exercise_base_id, planexercise.order_index, planexercise.created_at, base_exercise.name 
FROM planexercise JOIN base_exercise ON planexercise.exercise_base_id = base_exercise.id 
WHERE planexercise.plan_id = $1::INTEGER
2026-05-08 14:12:51,300 - sqlalchemy.engine.Engine - INFO - [cached since 1159s ago] (26,)
2026-05-08 14:12:51,301 - sqlalchemy.engine.Engine - INFO - SELECT exerciseset.id, exerciseset.exercise_id, exerciseset.weight, exerciseset.reps, exerciseset.peak_hr, exerciseset.rest_hr, exerciseset.score, exerciseset.created_at 
FROM exerciseset 
WHERE exerciseset.exercise_id = $1::INTEGER ORDER BY exerciseset.id DESC
2026-05-08 14:12:51,301 - sqlalchemy.engine.Engine - INFO - [cached since 1205s ago] (36,)
2026-05-08 14:12:51,302 - sqlalchemy.engine.Engine - INFO - SELECT planexercise.id, planexercise.plan_id, planexercise.exercise_base_id, planexercise.order_index, planexercise.created_at, base_exercise.name 
FROM planexercise JOIN base_exercise ON planexercise.exercise_base_id = base_exercise.id 
WHERE planexercise.plan_id = $1::INTEGER
2026-05-08 14:12:51,302 - sqlalchemy.engine.Engine - INFO - [cached since 1159s ago] (27,)
2026-05-08 14:12:51,302 - sqlalchemy.engine.Engine - INFO - SELECT exerciseset.id, exerciseset.exercise_id, exerciseset.weight, exerciseset.reps, exerciseset.peak_hr, exerciseset.rest_hr, exerciseset.score, exerciseset.created_at 
FROM exerciseset 
WHERE exerciseset.exercise_id = $1::INTEGER ORDER BY exerciseset.id DESC
2026-05-08 14:12:51,303 - sqlalchemy.engine.Engine - INFO - [cached since 1205s ago] (37,)
2026-05-08 14:12:51,304 - sqlalchemy.engine.Engine - INFO - SELECT planexercise.id, planexercise.plan_id, planexercise.exercise_base_id, planexercise.order_index, planexercise.created_at, base_exercise.name 
FROM planexercise JOIN base_exercise ON planexercise.exercise_base_id = base_exercise.id 
WHERE planexercise.plan_id = $1::INTEGER
2026-05-08 14:12:51,304 - sqlalchemy.engine.Engine - INFO - [cached since 1159s ago] (28,)
2026-05-08 14:12:51,305 - sqlalchemy.engine.Engine - INFO - SELECT exerciseset.id, exerciseset.exercise_id, exerciseset.weight, exerciseset.reps, exerciseset.peak_hr, exerciseset.rest_hr, exerciseset.score, exerciseset.created_at 
FROM exerciseset 
WHERE exerciseset.exercise_id = $1::INTEGER ORDER BY exerciseset.id DESC
2026-05-08 14:12:51,305 - sqlalchemy.engine.Engine - INFO - [cached since 1205s ago] (38,)
2026-05-08 14:12:51,306 - sqlalchemy.engine.Engine - INFO - SELECT planexercise.id, planexercise.plan_id, planexercise.exercise_base_id, planexercise.order_index, planexercise.created_at, base_exercise.name 
FROM planexercise JOIN base_exercise ON planexercise.exercise_base_id = base_exercise.id 
WHERE planexercise.plan_id = $1::INTEGER
2026-05-08 14:12:51,306 - sqlalchemy.engine.Engine - INFO - [cached since 1159s ago] (29,)
2026-05-08 14:12:51,307 - sqlalchemy.engine.Engine - INFO - SELECT exerciseset.id, exerciseset.exercise_id, exerciseset.weight, exerciseset.reps, exerciseset.peak_hr, exerciseset.rest_hr, exerciseset.score, exerciseset.created_at 
FROM exerciseset 
WHERE exerciseset.exercise_id = $1::INTEGER ORDER BY exerciseset.id DESC
2026-05-08 14:12:51,307 - sqlalchemy.engine.Engine - INFO - [cached since 1205s ago] (39,)
2026-05-08 14:12:51,308 - sqlalchemy.engine.Engine - INFO - SELECT planexercise.id, planexercise.plan_id, planexercise.exercise_base_id, planexercise.order_index, planexercise.created_at, base_exercise.name 
FROM planexercise JOIN base_exercise ON planexercise.exercise_base_id = base_exercise.id 
WHERE planexercise.plan_id = $1::INTEGER
2026-05-08 14:12:51,314 - sqlalchemy.engine.Engine - INFO - [cached since 1159s ago] (30,)
2026-05-08 14:12:51,315 - sqlalchemy.engine.Engine - INFO - SELECT exerciseset.id, exerciseset.exercise_id, exerciseset.weight, exerciseset.reps, exerciseset.peak_hr, exerciseset.rest_hr, exerciseset.score, exerciseset.created_at 
FROM exerciseset 
WHERE exerciseset.exercise_id = $1::INTEGER ORDER BY exerciseset.id DESC
2026-05-08 14:12:51,315 - sqlalchemy.engine.Engine - INFO - [cached since 1205s ago] (40,)
2026-05-08 14:12:51,316 - sqlalchemy.engine.Engine - INFO - SELECT exerciseset.id, exerciseset.exercise_id, exerciseset.weight, exerciseset.reps, exerciseset.peak_hr, exerciseset.rest_hr, exerciseset.score, exerciseset.created_at 
FROM exerciseset 
WHERE exerciseset.exercise_id = $1::INTEGER ORDER BY exerciseset.id DESC
2026-05-08 14:12:51,316 - sqlalchemy.engine.Engine - INFO - [cached since 1205s ago] (41,)
2026-05-08 14:12:51,316 - sqlalchemy.engine.Engine - INFO - SELECT planexercise.id, planexercise.plan_id, planexercise.exercise_base_id, planexercise.order_index, planexercise.created_at, base_exercise.name 
FROM planexercise JOIN base_exercise ON planexercise.exercise_base_id = base_exercise.id 
WHERE planexercise.plan_id = $1::INTEGER
2026-05-08 14:12:51,317 - sqlalchemy.engine.Engine - INFO - [cached since 1159s ago] (31,)
2026-05-08 14:12:51,318 - sqlalchemy.engine.Engine - INFO - SELECT exerciseset.id, exerciseset.exercise_id, exerciseset.weight, exerciseset.reps, exerciseset.peak_hr, exerciseset.rest_hr, exerciseset.score, exerciseset.created_at 
FROM exerciseset 
WHERE exerciseset.exercise_id = $1::INTEGER ORDER BY exerciseset.id DESC
2026-05-08 14:12:51,318 - sqlalchemy.engine.Engine - INFO - [cached since 1205s ago] (42,)
2026-05-08 14:12:51,320 - sqlalchemy.engine.Engine - INFO - ROLLBACK
2026-05-08 14:14:16,444 - sqlalchemy.engine.Engine - INFO - BEGIN (implicit)
2026-05-08 14:14:16,444 - sqlalchemy.engine.Engine - INFO - SELECT "user".session_id, "user".name, "user".age, "user".height, "user".weight 
FROM "user" 
WHERE "user".session_id = $1::VARCHAR
2026-05-08 14:14:16,444 - sqlalchemy.engine.Engine - INFO - [cached since 1375s ago] ('12A3C',)
2026-05-08 14:14:16,445 - sqlalchemy.engine.Engine - INFO - ROLLBACK
2026-05-08 14:14:17,468 - sqlalchemy.engine.Engine - INFO - BEGIN (implicit)
2026-05-08 14:14:17,468 - sqlalchemy.engine.Engine - INFO - SELECT workoutplan.id, workoutplan.session_id, workoutplan.plan_name, workoutplan.created_at 
FROM workoutplan 
WHERE workoutplan.session_id = $1::VARCHAR
2026-05-08 14:14:17,468 - sqlalchemy.engine.Engine - INFO - [cached since 1245s ago] ('12A3C',)
2026-05-08 14:14:17,469 - sqlalchemy.engine.Engine - INFO - SELECT planexercise.id, planexercise.plan_id, planexercise.exercise_base_id, planexercise.order_index, planexercise.created_at, base_exercise.name 
FROM planexercise JOIN base_exercise ON planexercise.exercise_base_id = base_exercise.id 
WHERE planexercise.plan_id = $1::INTEGER
2026-05-08 14:14:17,469 - sqlalchemy.engine.Engine - INFO - [cached since 1245s ago] (1,)
2026-05-08 14:14:17,469 - sqlalchemy.engine.Engine - INFO - SELECT exerciseset.id, exerciseset.exercise_id, exerciseset.weight, exerciseset.reps, exerciseset.peak_hr, exerciseset.rest_hr, exerciseset.score, exerciseset.created_at 
FROM exerciseset 
WHERE exerciseset.exercise_id = $1::INTEGER ORDER BY exerciseset.id DESC
2026-05-08 14:14:17,470 - sqlalchemy.engine.Engine - INFO - [cached since 1292s ago] (1,)
2026-05-08 14:14:17,470 - sqlalchemy.engine.Engine - INFO - SELECT planexercise.id, planexercise.plan_id, planexercise.exercise_base_id, planexercise.order_index, planexercise.created_at, base_exercise.name 
FROM planexercise JOIN base_exercise ON planexercise.exercise_base_id = base_exercise.id 
WHERE planexercise.plan_id = $1::INTEGER
2026-05-08 14:14:17,470 - sqlalchemy.engine.Engine - INFO - [cached since 1245s ago] (2,)
2026-05-08 14:14:17,471 - sqlalchemy.engine.Engine - INFO - SELECT exerciseset.id, exerciseset.exercise_id, exerciseset.weight, exerciseset.reps, exerciseset.peak_hr, exerciseset.rest_hr, exerciseset.score, exerciseset.created_at 
FROM exerciseset 
WHERE exerciseset.exercise_id = $1::INTEGER ORDER BY exerciseset.id DESC
2026-05-08 14:14:17,471 - sqlalchemy.engine.Engine - INFO - [cached since 1292s ago] (2,)
2026-05-08 14:14:17,471 - sqlalchemy.engine.Engine - INFO - SELECT planexercise.id, planexercise.plan_id, planexercise.exercise_base_id, planexercise.order_index, planexercise.created_at, base_exercise.name 
FROM planexercise JOIN base_exercise ON planexercise.exercise_base_id = base_exercise.id 
WHERE planexercise.plan_id = $1::INTEGER
2026-05-08 14:14:17,472 - sqlalchemy.engine.Engine - INFO - [cached since 1245s ago] (3,)
2026-05-08 14:14:17,472 - sqlalchemy.engine.Engine - INFO - SELECT exerciseset.id, exerciseset.exercise_id, exerciseset.weight, exerciseset.reps, exerciseset.peak_hr, exerciseset.rest_hr, exerciseset.score, exerciseset.created_at 
FROM exerciseset 
WHERE exerciseset.exercise_id = $1::INTEGER ORDER BY exerciseset.id DESC
2026-05-08 14:14:17,472 - sqlalchemy.engine.Engine - INFO - [cached since 1292s ago] (3,)
2026-05-08 14:14:17,473 - sqlalchemy.engine.Engine - INFO - SELECT planexercise.id, planexercise.plan_id, planexercise.exercise_base_id, planexercise.order_index, planexercise.created_at, base_exercise.name 
FROM planexercise JOIN base_exercise ON planexercise.exercise_base_id = base_exercise.id 
WHERE planexercise.plan_id = $1::INTEGER
2026-05-08 14:14:17,473 - sqlalchemy.engine.Engine - INFO - [cached since 1245s ago] (4,)
2026-05-08 14:14:17,473 - sqlalchemy.engine.Engine - INFO - SELECT exerciseset.id, exerciseset.exercise_id, exerciseset.weight, exerciseset.reps, exerciseset.peak_hr, exerciseset.rest_hr, exerciseset.score, exerciseset.created_at 
FROM exerciseset 
WHERE exerciseset.exercise_id = $1::INTEGER ORDER BY exerciseset.id DESC
2026-05-08 14:14:17,473 - sqlalchemy.engine.Engine - INFO - [cached since 1292s ago] (4,)
2026-05-08 14:14:17,474 - sqlalchemy.engine.Engine - INFO - SELECT planexercise.id, planexercise.plan_id, planexercise.exercise_base_id, planexercise.order_index, planexercise.created_at, base_exercise.name 
FROM planexercise JOIN base_exercise ON planexercise.exercise_base_id = base_exercise.id 
WHERE planexercise.plan_id = $1::INTEGER
2026-05-08 14:14:17,482 - sqlalchemy.engine.Engine - INFO - [cached since 1245s ago] (5,)
2026-05-08 14:14:17,483 - sqlalchemy.engine.Engine - INFO - SELECT exerciseset.id, exerciseset.exercise_id, exerciseset.weight, exerciseset.reps, exerciseset.peak_hr, exerciseset.rest_hr, exerciseset.score, exerciseset.created_at 
FROM exerciseset 
WHERE exerciseset.exercise_id = $1::INTEGER ORDER BY exerciseset.id DESC
2026-05-08 14:14:17,483 - sqlalchemy.engine.Engine - INFO - [cached since 1292s ago] (5,)
2026-05-08 14:14:17,484 - sqlalchemy.engine.Engine - INFO - SELECT planexercise.id, planexercise.plan_id, planexercise.exercise_base_id, planexercise.order_index, planexercise.created_at, base_exercise.name 
FROM planexercise JOIN base_exercise ON planexercise.exercise_base_id = base_exercise.id 
WHERE planexercise.plan_id = $1::INTEGER
2026-05-08 14:14:17,484 - sqlalchemy.engine.Engine - INFO - [cached since 1245s ago] (6,)
2026-05-08 14:14:17,484 - sqlalchemy.engine.Engine - INFO - SELECT exerciseset.id, exerciseset.exercise_id, exerciseset.weight, exerciseset.reps, exerciseset.peak_hr, exerciseset.rest_hr, exerciseset.score, exerciseset.created_at 
FROM exerciseset 
WHERE exerciseset.exercise_id = $1::INTEGER ORDER BY exerciseset.id DESC
2026-05-08 14:14:17,484 - sqlalchemy.engine.Engine - INFO - [cached since 1292s ago] (6,)
2026-05-08 14:14:17,485 - sqlalchemy.engine.Engine - INFO - SELECT planexercise.id, planexercise.plan_id, planexercise.exercise_base_id, planexercise.order_index, planexercise.created_at, base_exercise.name 
FROM planexercise JOIN base_exercise ON planexercise.exercise_base_id = base_exercise.id 
WHERE planexercise.plan_id = $1::INTEGER
2026-05-08 14:14:17,485 - sqlalchemy.engine.Engine - INFO - [cached since 1245s ago] (7,)
2026-05-08 14:14:17,486 - sqlalchemy.engine.Engine - INFO - SELECT exerciseset.id, exerciseset.exercise_id, exerciseset.weight, exerciseset.reps, exerciseset.peak_hr, exerciseset.rest_hr, exerciseset.score, exerciseset.created_at 
FROM exerciseset 
WHERE exerciseset.exercise_id = $1::INTEGER ORDER BY exerciseset.id DESC
2026-05-08 14:14:17,486 - sqlalchemy.engine.Engine - INFO - [cached since 1292s ago] (7,)
2026-05-08 14:14:17,486 - sqlalchemy.engine.Engine - INFO - SELECT planexercise.id, planexercise.plan_id, planexercise.exercise_base_id, planexercise.order_index, planexercise.created_at, base_exercise.name 
FROM planexercise JOIN base_exercise ON planexercise.exercise_base_id = base_exercise.id 
WHERE planexercise.plan_id = $1::INTEGER
2026-05-08 14:14:17,487 - sqlalchemy.engine.Engine - INFO - [cached since 1245s ago] (8,)
2026-05-08 14:14:17,487 - sqlalchemy.engine.Engine - INFO - SELECT exerciseset.id, exerciseset.exercise_id, exerciseset.weight, exerciseset.reps, exerciseset.peak_hr, exerciseset.rest_hr, exerciseset.score, exerciseset.created_at 
FROM exerciseset 
WHERE exerciseset.exercise_id = $1::INTEGER ORDER BY exerciseset.id DESC
2026-05-08 14:14:17,487 - sqlalchemy.engine.Engine - INFO - [cached since 1292s ago] (8,)
2026-05-08 14:14:17,488 - sqlalchemy.engine.Engine - INFO - SELECT planexercise.id, planexercise.plan_id, planexercise.exercise_base_id, planexercise.order_index, planexercise.created_at, base_exercise.name 
FROM planexercise JOIN base_exercise ON planexercise.exercise_base_id = base_exercise.id 
WHERE planexercise.plan_id = $1::INTEGER
2026-05-08 14:14:17,488 - sqlalchemy.engine.Engine - INFO - [cached since 1245s ago] (9,)
2026-05-08 14:14:17,699 - sqlalchemy.engine.Engine - INFO - SELECT exerciseset.id, exerciseset.exercise_id, exerciseset.weight, exerciseset.reps, exerciseset.peak_hr, exerciseset.rest_hr, exerciseset.score, exerciseset.created_at 
FROM exerciseset 
WHERE exerciseset.exercise_id = $1::INTEGER ORDER BY exerciseset.id DESC
2026-05-08 14:14:17,700 - sqlalchemy.engine.Engine - INFO - [cached since 1292s ago] (9,)
2026-05-08 14:14:17,701 - sqlalchemy.engine.Engine - INFO - SELECT planexercise.id, planexercise.plan_id, planexercise.exercise_base_id, planexercise.order_index, planexercise.created_at, base_exercise.name 
FROM planexercise JOIN base_exercise ON planexercise.exercise_base_id = base_exercise.id 
WHERE planexercise.plan_id = $1::INTEGER
2026-05-08 14:14:17,701 - sqlalchemy.engine.Engine - INFO - [cached since 1245s ago] (10,)
2026-05-08 14:14:17,701 - sqlalchemy.engine.Engine - INFO - SELECT exerciseset.id, exerciseset.exercise_id, exerciseset.weight, exerciseset.reps, exerciseset.peak_hr, exerciseset.rest_hr, exerciseset.score, exerciseset.created_at 
FROM exerciseset 
WHERE exerciseset.exercise_id = $1::INTEGER ORDER BY exerciseset.id DESC
2026-05-08 14:14:17,701 - sqlalchemy.engine.Engine - INFO - [cached since 1292s ago] (10,)
2026-05-08 14:14:17,702 - sqlalchemy.engine.Engine - INFO - SELECT exerciseset.id, exerciseset.exercise_id, exerciseset.weight, exerciseset.reps, exerciseset.peak_hr, exerciseset.rest_hr, exerciseset.score, exerciseset.created_at 
FROM exerciseset 
WHERE exerciseset.exercise_id = $1::INTEGER ORDER BY exerciseset.id DESC
2026-05-08 14:14:17,702 - sqlalchemy.engine.Engine - INFO - [cached since 1292s ago] (11,)
2026-05-08 14:14:17,703 - sqlalchemy.engine.Engine - INFO - SELECT planexercise.id, planexercise.plan_id, planexercise.exercise_base_id, planexercise.order_index, planexercise.created_at, base_exercise.name 
FROM planexercise JOIN base_exercise ON planexercise.exercise_base_id = base_exercise.id 
WHERE planexercise.plan_id = $1::INTEGER
2026-05-08 14:14:17,703 - sqlalchemy.engine.Engine - INFO - [cached since 1245s ago] (11,)
2026-05-08 14:14:17,704 - sqlalchemy.engine.Engine - INFO - SELECT exerciseset.id, exerciseset.exercise_id, exerciseset.weight, exerciseset.reps, exerciseset.peak_hr, exerciseset.rest_hr, exerciseset.score, exerciseset.created_at 
FROM exerciseset 
WHERE exerciseset.exercise_id = $1::INTEGER ORDER BY exerciseset.id DESC
2026-05-08 14:14:17,704 - sqlalchemy.engine.Engine - INFO - [cached since 1292s ago] (12,)
2026-05-08 14:14:17,704 - sqlalchemy.engine.Engine - INFO - SELECT exerciseset.id, exerciseset.exercise_id, exerciseset.weight, exerciseset.reps, exerciseset.peak_hr, exerciseset.rest_hr, exerciseset.score, exerciseset.created_at 
FROM exerciseset 
WHERE exerciseset.exercise_id = $1::INTEGER ORDER BY exerciseset.id DESC
2026-05-08 14:14:17,704 - sqlalchemy.engine.Engine - INFO - [cached since 1292s ago] (13,)
2026-05-08 14:14:17,705 - sqlalchemy.engine.Engine - INFO - SELECT planexercise.id, planexercise.plan_id, planexercise.exercise_base_id, planexercise.order_index, planexercise.created_at, base_exercise.name 
FROM planexercise JOIN base_exercise ON planexercise.exercise_base_id = base_exercise.id 
WHERE planexercise.plan_id = $1::INTEGER
2026-05-08 14:14:17,705 - sqlalchemy.engine.Engine - INFO - [cached since 1245s ago] (12,)
2026-05-08 14:14:17,706 - sqlalchemy.engine.Engine - INFO - SELECT exerciseset.id, exerciseset.exercise_id, exerciseset.weight, exerciseset.reps, exerciseset.peak_hr, exerciseset.rest_hr, exerciseset.score, exerciseset.created_at 
FROM exerciseset 
WHERE exerciseset.exercise_id = $1::INTEGER ORDER BY exerciseset.id DESC
2026-05-08 14:14:17,706 - sqlalchemy.engine.Engine - INFO - [cached since 1292s ago] (14,)
2026-05-08 14:14:17,706 - sqlalchemy.engine.Engine - INFO - SELECT exerciseset.id, exerciseset.exercise_id, exerciseset.weight, exerciseset.reps, exerciseset.peak_hr, exerciseset.rest_hr, exerciseset.score, exerciseset.created_at 
FROM exerciseset 
WHERE exerciseset.exercise_id = $1::INTEGER ORDER BY exerciseset.id DESC
2026-05-08 14:14:17,714 - sqlalchemy.engine.Engine - INFO - [cached since 1292s ago] (15,)
2026-05-08 14:14:17,716 - sqlalchemy.engine.Engine - INFO - SELECT planexercise.id, planexercise.plan_id, planexercise.exercise_base_id, planexercise.order_index, planexercise.created_at, base_exercise.name 
FROM planexercise JOIN base_exercise ON planexercise.exercise_base_id = base_exercise.id 
WHERE planexercise.plan_id = $1::INTEGER
2026-05-08 14:14:17,716 - sqlalchemy.engine.Engine - INFO - [cached since 1245s ago] (13,)
2026-05-08 14:14:17,717 - sqlalchemy.engine.Engine - INFO - SELECT exerciseset.id, exerciseset.exercise_id, exerciseset.weight, exerciseset.reps, exerciseset.peak_hr, exerciseset.rest_hr, exerciseset.score, exerciseset.created_at 
FROM exerciseset 
WHERE exerciseset.exercise_id = $1::INTEGER ORDER BY exerciseset.id DESC
2026-05-08 14:14:17,717 - sqlalchemy.engine.Engine - INFO - [cached since 1292s ago] (17,)
2026-05-08 14:14:17,718 - sqlalchemy.engine.Engine - INFO - SELECT exerciseset.id, exerciseset.exercise_id, exerciseset.weight, exerciseset.reps, exerciseset.peak_hr, exerciseset.rest_hr, exerciseset.score, exerciseset.created_at 
FROM exerciseset 
WHERE exerciseset.exercise_id = $1::INTEGER ORDER BY exerciseset.id DESC
2026-05-08 14:14:17,718 - sqlalchemy.engine.Engine - INFO - [cached since 1292s ago] (16,)
2026-05-08 14:14:17,718 - sqlalchemy.engine.Engine - INFO - SELECT planexercise.id, planexercise.plan_id, planexercise.exercise_base_id, planexercise.order_index, planexercise.created_at, base_exercise.name 
FROM planexercise JOIN base_exercise ON planexercise.exercise_base_id = base_exercise.id 
WHERE planexercise.plan_id = $1::INTEGER
2026-05-08 14:14:17,718 - sqlalchemy.engine.Engine - INFO - [cached since 1245s ago] (14,)
2026-05-08 14:14:17,719 - sqlalchemy.engine.Engine - INFO - SELECT exerciseset.id, exerciseset.exercise_id, exerciseset.weight, exerciseset.reps, exerciseset.peak_hr, exerciseset.rest_hr, exerciseset.score, exerciseset.created_at 
FROM exerciseset 
WHERE exerciseset.exercise_id = $1::INTEGER ORDER BY exerciseset.id DESC
2026-05-08 14:14:17,719 - sqlalchemy.engine.Engine - INFO - [cached since 1292s ago] (18,)
2026-05-08 14:14:17,720 - sqlalchemy.engine.Engine - INFO - SELECT exerciseset.id, exerciseset.exercise_id, exerciseset.weight, exerciseset.reps, exerciseset.peak_hr, exerciseset.rest_hr, exerciseset.score, exerciseset.created_at 
FROM exerciseset 
WHERE exerciseset.exercise_id = $1::INTEGER ORDER BY exerciseset.id DESC
2026-05-08 14:14:17,720 - sqlalchemy.engine.Engine - INFO - [cached since 1292s ago] (19,)
2026-05-08 14:14:17,720 - sqlalchemy.engine.Engine - INFO - SELECT planexercise.id, planexercise.plan_id, planexercise.exercise_base_id, planexercise.order_index, planexercise.created_at, base_exercise.name 
FROM planexercise JOIN base_exercise ON planexercise.exercise_base_id = base_exercise.id 
WHERE planexercise.plan_id = $1::INTEGER
2026-05-08 14:14:17,720 - sqlalchemy.engine.Engine - INFO - [cached since 1245s ago] (15,)
2026-05-08 14:14:17,721 - sqlalchemy.engine.Engine - INFO - SELECT exerciseset.id, exerciseset.exercise_id, exerciseset.weight, exerciseset.reps, exerciseset.peak_hr, exerciseset.rest_hr, exerciseset.score, exerciseset.created_at 
FROM exerciseset 
WHERE exerciseset.exercise_id = $1::INTEGER ORDER BY exerciseset.id DESC
2026-05-08 14:14:17,721 - sqlalchemy.engine.Engine - INFO - [cached since 1292s ago] (21,)
2026-05-08 14:14:17,721 - sqlalchemy.engine.Engine - INFO - SELECT exerciseset.id, exerciseset.exercise_id, exerciseset.weight, exerciseset.reps, exerciseset.peak_hr, exerciseset.rest_hr, exerciseset.score, exerciseset.created_at 
FROM exerciseset 
WHERE exerciseset.exercise_id = $1::INTEGER ORDER BY exerciseset.id DESC
2026-05-08 14:14:17,722 - sqlalchemy.engine.Engine - INFO - [cached since 1292s ago] (20,)
2026-05-08 14:14:17,722 - sqlalchemy.engine.Engine - INFO - SELECT planexercise.id, planexercise.plan_id, planexercise.exercise_base_id, planexercise.order_index, planexercise.created_at, base_exercise.name 
FROM planexercise JOIN base_exercise ON planexercise.exercise_base_id = base_exercise.id 
WHERE planexercise.plan_id = $1::INTEGER
2026-05-08 14:14:17,729 - sqlalchemy.engine.Engine - INFO - [cached since 1245s ago] (16,)
2026-05-08 14:14:17,731 - sqlalchemy.engine.Engine - INFO - SELECT exerciseset.id, exerciseset.exercise_id, exerciseset.weight, exerciseset.reps, exerciseset.peak_hr, exerciseset.rest_hr, exerciseset.score, exerciseset.created_at 
FROM exerciseset 
WHERE exerciseset.exercise_id = $1::INTEGER ORDER BY exerciseset.id DESC
2026-05-08 14:14:17,731 - sqlalchemy.engine.Engine - INFO - [cached since 1292s ago] (22,)
2026-05-08 14:14:17,732 - sqlalchemy.engine.Engine - INFO - SELECT exerciseset.id, exerciseset.exercise_id, exerciseset.weight, exerciseset.reps, exerciseset.peak_hr, exerciseset.rest_hr, exerciseset.score, exerciseset.created_at 
FROM exerciseset 
WHERE exerciseset.exercise_id = $1::INTEGER ORDER BY exerciseset.id DESC
2026-05-08 14:14:17,732 - sqlalchemy.engine.Engine - INFO - [cached since 1292s ago] (23,)
2026-05-08 14:14:17,733 - sqlalchemy.engine.Engine - INFO - SELECT planexercise.id, planexercise.plan_id, planexercise.exercise_base_id, planexercise.order_index, planexercise.created_at, base_exercise.name 
FROM planexercise JOIN base_exercise ON planexercise.exercise_base_id = base_exercise.id 
WHERE planexercise.plan_id = $1::INTEGER
2026-05-08 14:14:17,733 - sqlalchemy.engine.Engine - INFO - [cached since 1245s ago] (17,)
2026-05-08 14:14:17,733 - sqlalchemy.engine.Engine - INFO - SELECT exerciseset.id, exerciseset.exercise_id, exerciseset.weight, exerciseset.reps, exerciseset.peak_hr, exerciseset.rest_hr, exerciseset.score, exerciseset.created_at 
FROM exerciseset 
WHERE exerciseset.exercise_id = $1::INTEGER ORDER BY exerciseset.id DESC
2026-05-08 14:14:17,734 - sqlalchemy.engine.Engine - INFO - [cached since 1292s ago] (25,)
2026-05-08 14:14:17,734 - sqlalchemy.engine.Engine - INFO - SELECT exerciseset.id, exerciseset.exercise_id, exerciseset.weight, exerciseset.reps, exerciseset.peak_hr, exerciseset.rest_hr, exerciseset.score, exerciseset.created_at 
FROM exerciseset 
WHERE exerciseset.exercise_id = $1::INTEGER ORDER BY exerciseset.id DESC
2026-05-08 14:14:17,734 - sqlalchemy.engine.Engine - INFO - [cached since 1292s ago] (24,)
2026-05-08 14:14:17,735 - sqlalchemy.engine.Engine - INFO - SELECT planexercise.id, planexercise.plan_id, planexercise.exercise_base_id, planexercise.order_index, planexercise.created_at, base_exercise.name 
FROM planexercise JOIN base_exercise ON planexercise.exercise_base_id = base_exercise.id 
WHERE planexercise.plan_id = $1::INTEGER
2026-05-08 14:14:17,735 - sqlalchemy.engine.Engine - INFO - [cached since 1245s ago] (18,)
2026-05-08 14:14:17,735 - sqlalchemy.engine.Engine - INFO - SELECT exerciseset.id, exerciseset.exercise_id, exerciseset.weight, exerciseset.reps, exerciseset.peak_hr, exerciseset.rest_hr, exerciseset.score, exerciseset.created_at 
FROM exerciseset 
WHERE exerciseset.exercise_id = $1::INTEGER ORDER BY exerciseset.id DESC
2026-05-08 14:14:17,735 - sqlalchemy.engine.Engine - INFO - [cached since 1292s ago] (26,)
2026-05-08 14:14:17,736 - sqlalchemy.engine.Engine - INFO - SELECT exerciseset.id, exerciseset.exercise_id, exerciseset.weight, exerciseset.reps, exerciseset.peak_hr, exerciseset.rest_hr, exerciseset.score, exerciseset.created_at 
FROM exerciseset 
WHERE exerciseset.exercise_id = $1::INTEGER ORDER BY exerciseset.id DESC
2026-05-08 14:14:17,736 - sqlalchemy.engine.Engine - INFO - [cached since 1292s ago] (27,)
2026-05-08 14:14:17,737 - sqlalchemy.engine.Engine - INFO - SELECT planexercise.id, planexercise.plan_id, planexercise.exercise_base_id, planexercise.order_index, planexercise.created_at, base_exercise.name 
FROM planexercise JOIN base_exercise ON planexercise.exercise_base_id = base_exercise.id 
WHERE planexercise.plan_id = $1::INTEGER
2026-05-08 14:14:17,737 - sqlalchemy.engine.Engine - INFO - [cached since 1245s ago] (19,)
2026-05-08 14:14:17,737 - sqlalchemy.engine.Engine - INFO - SELECT exerciseset.id, exerciseset.exercise_id, exerciseset.weight, exerciseset.reps, exerciseset.peak_hr, exerciseset.rest_hr, exerciseset.score, exerciseset.created_at 
FROM exerciseset 
WHERE exerciseset.exercise_id = $1::INTEGER ORDER BY exerciseset.id DESC
2026-05-08 14:14:17,744 - sqlalchemy.engine.Engine - INFO - [cached since 1292s ago] (28,)
2026-05-08 14:14:17,746 - sqlalchemy.engine.Engine - INFO - SELECT planexercise.id, planexercise.plan_id, planexercise.exercise_base_id, planexercise.order_index, planexercise.created_at, base_exercise.name 
FROM planexercise JOIN base_exercise ON planexercise.exercise_base_id = base_exercise.id 
WHERE planexercise.plan_id = $1::INTEGER
2026-05-08 14:14:17,746 - sqlalchemy.engine.Engine - INFO - [cached since 1245s ago] (20,)
2026-05-08 14:14:17,747 - sqlalchemy.engine.Engine - INFO - SELECT exerciseset.id, exerciseset.exercise_id, exerciseset.weight, exerciseset.reps, exerciseset.peak_hr, exerciseset.rest_hr, exerciseset.score, exerciseset.created_at 
FROM exerciseset 
WHERE exerciseset.exercise_id = $1::INTEGER ORDER BY exerciseset.id DESC
2026-05-08 14:14:17,747 - sqlalchemy.engine.Engine - INFO - [cached since 1292s ago] (29,)
2026-05-08 14:14:17,747 - sqlalchemy.engine.Engine - INFO - SELECT planexercise.id, planexercise.plan_id, planexercise.exercise_base_id, planexercise.order_index, planexercise.created_at, base_exercise.name 
FROM planexercise JOIN base_exercise ON planexercise.exercise_base_id = base_exercise.id 
WHERE planexercise.plan_id = $1::INTEGER
2026-05-08 14:14:17,747 - sqlalchemy.engine.Engine - INFO - [cached since 1245s ago] (21,)
2026-05-08 14:14:17,748 - sqlalchemy.engine.Engine - INFO - SELECT exerciseset.id, exerciseset.exercise_id, exerciseset.weight, exerciseset.reps, exerciseset.peak_hr, exerciseset.rest_hr, exerciseset.score, exerciseset.created_at 
FROM exerciseset 
WHERE exerciseset.exercise_id = $1::INTEGER ORDER BY exerciseset.id DESC
2026-05-08 14:14:17,748 - sqlalchemy.engine.Engine - INFO - [cached since 1292s ago] (30,)
2026-05-08 14:14:17,749 - sqlalchemy.engine.Engine - INFO - SELECT planexercise.id, planexercise.plan_id, planexercise.exercise_base_id, planexercise.order_index, planexercise.created_at, base_exercise.name 
FROM planexercise JOIN base_exercise ON planexercise.exercise_base_id = base_exercise.id 
WHERE planexercise.plan_id = $1::INTEGER
2026-05-08 14:14:17,749 - sqlalchemy.engine.Engine - INFO - [cached since 1245s ago] (22,)
2026-05-08 14:14:17,749 - sqlalchemy.engine.Engine - INFO - SELECT exerciseset.id, exerciseset.exercise_id, exerciseset.weight, exerciseset.reps, exerciseset.peak_hr, exerciseset.rest_hr, exerciseset.score, exerciseset.created_at 
FROM exerciseset 
WHERE exerciseset.exercise_id = $1::INTEGER ORDER BY exerciseset.id DESC
2026-05-08 14:14:17,749 - sqlalchemy.engine.Engine - INFO - [cached since 1292s ago] (31,)
2026-05-08 14:14:17,750 - sqlalchemy.engine.Engine - INFO - SELECT planexercise.id, planexercise.plan_id, planexercise.exercise_base_id, planexercise.order_index, planexercise.created_at, base_exercise.name 
FROM planexercise JOIN base_exercise ON planexercise.exercise_base_id = base_exercise.id 
WHERE planexercise.plan_id = $1::INTEGER
2026-05-08 14:14:17,751 - sqlalchemy.engine.Engine - INFO - [cached since 1245s ago] (23,)
2026-05-08 14:14:17,751 - sqlalchemy.engine.Engine - INFO - SELECT exerciseset.id, exerciseset.exercise_id, exerciseset.weight, exerciseset.reps, exerciseset.peak_hr, exerciseset.rest_hr, exerciseset.score, exerciseset.created_at 
FROM exerciseset 
WHERE exerciseset.exercise_id = $1::INTEGER ORDER BY exerciseset.id DESC
2026-05-08 14:14:17,751 - sqlalchemy.engine.Engine - INFO - [cached since 1292s ago] (32,)
2026-05-08 14:14:17,752 - sqlalchemy.engine.Engine - INFO - SELECT exerciseset.id, exerciseset.exercise_id, exerciseset.weight, exerciseset.reps, exerciseset.peak_hr, exerciseset.rest_hr, exerciseset.score, exerciseset.created_at 
FROM exerciseset 
WHERE exerciseset.exercise_id = $1::INTEGER ORDER BY exerciseset.id DESC
2026-05-08 14:14:17,752 - sqlalchemy.engine.Engine - INFO - [cached since 1292s ago] (33,)
2026-05-08 14:14:17,753 - sqlalchemy.engine.Engine - INFO - SELECT planexercise.id, planexercise.plan_id, planexercise.exercise_base_id, planexercise.order_index, planexercise.created_at, base_exercise.name 
FROM planexercise JOIN base_exercise ON planexercise.exercise_base_id = base_exercise.id 
WHERE planexercise.plan_id = $1::INTEGER
2026-05-08 14:14:17,760 - sqlalchemy.engine.Engine - INFO - [cached since 1245s ago] (24,)
2026-05-08 14:14:17,762 - sqlalchemy.engine.Engine - INFO - SELECT exerciseset.id, exerciseset.exercise_id, exerciseset.weight, exerciseset.reps, exerciseset.peak_hr, exerciseset.rest_hr, exerciseset.score, exerciseset.created_at 
FROM exerciseset 
WHERE exerciseset.exercise_id = $1::INTEGER ORDER BY exerciseset.id DESC
2026-05-08 14:14:17,762 - sqlalchemy.engine.Engine - INFO - [cached since 1292s ago] (34,)
2026-05-08 14:14:17,763 - sqlalchemy.engine.Engine - INFO - SELECT planexercise.id, planexercise.plan_id, planexercise.exercise_base_id, planexercise.order_index, planexercise.created_at, base_exercise.name 
FROM planexercise JOIN base_exercise ON planexercise.exercise_base_id = base_exercise.id 
WHERE planexercise.plan_id = $1::INTEGER
2026-05-08 14:14:17,763 - sqlalchemy.engine.Engine - INFO - [cached since 1245s ago] (25,)
2026-05-08 14:14:17,764 - sqlalchemy.engine.Engine - INFO - SELECT exerciseset.id, exerciseset.exercise_id, exerciseset.weight, exerciseset.reps, exerciseset.peak_hr, exerciseset.rest_hr, exerciseset.score, exerciseset.created_at 
FROM exerciseset 
WHERE exerciseset.exercise_id = $1::INTEGER ORDER BY exerciseset.id DESC
2026-05-08 14:14:17,765 - sqlalchemy.engine.Engine - INFO - [cached since 1292s ago] (35,)
2026-05-08 14:14:17,766 - sqlalchemy.engine.Engine - INFO - SELECT planexercise.id, planexercise.plan_id, planexercise.exercise_base_id, planexercise.order_index, planexercise.created_at, base_exercise.name 
FROM planexercise JOIN base_exercise ON planexercise.exercise_base_id = base_exercise.id 
WHERE planexercise.plan_id = $1::INTEGER
2026-05-08 14:14:17,766 - sqlalchemy.engine.Engine - INFO - [cached since 1245s ago] (26,)
2026-05-08 14:14:17,766 - sqlalchemy.engine.Engine - INFO - SELECT exerciseset.id, exerciseset.exercise_id, exerciseset.weight, exerciseset.reps, exerciseset.peak_hr, exerciseset.rest_hr, exerciseset.score, exerciseset.created_at 
FROM exerciseset 
WHERE exerciseset.exercise_id = $1::INTEGER ORDER BY exerciseset.id DESC
2026-05-08 14:14:17,767 - sqlalchemy.engine.Engine - INFO - [cached since 1292s ago] (36,)
2026-05-08 14:14:17,767 - sqlalchemy.engine.Engine - INFO - SELECT planexercise.id, planexercise.plan_id, planexercise.exercise_base_id, planexercise.order_index, planexercise.created_at, base_exercise.name 
FROM planexercise JOIN base_exercise ON planexercise.exercise_base_id = base_exercise.id 
WHERE planexercise.plan_id = $1::INTEGER
2026-05-08 14:14:17,767 - sqlalchemy.engine.Engine - INFO - [cached since 1245s ago] (27,)
2026-05-08 14:14:17,769 - sqlalchemy.engine.Engine - INFO - SELECT exerciseset.id, exerciseset.exercise_id, exerciseset.weight, exerciseset.reps, exerciseset.peak_hr, exerciseset.rest_hr, exerciseset.score, exerciseset.created_at 
FROM exerciseset 
WHERE exerciseset.exercise_id = $1::INTEGER ORDER BY exerciseset.id DESC
2026-05-08 14:14:17,769 - sqlalchemy.engine.Engine - INFO - [cached since 1292s ago] (37,)
2026-05-08 14:14:17,769 - sqlalchemy.engine.Engine - INFO - SELECT planexercise.id, planexercise.plan_id, planexercise.exercise_base_id, planexercise.order_index, planexercise.created_at, base_exercise.name 
FROM planexercise JOIN base_exercise ON planexercise.exercise_base_id = base_exercise.id 
WHERE planexercise.plan_id = $1::INTEGER
2026-05-08 14:14:17,770 - sqlalchemy.engine.Engine - INFO - [cached since 1245s ago] (28,)
2026-05-08 14:14:17,770 - sqlalchemy.engine.Engine - INFO - SELECT exerciseset.id, exerciseset.exercise_id, exerciseset.weight, exerciseset.reps, exerciseset.peak_hr, exerciseset.rest_hr, exerciseset.score, exerciseset.created_at 
FROM exerciseset 
WHERE exerciseset.exercise_id = $1::INTEGER ORDER BY exerciseset.id DESC
2026-05-08 14:14:17,775 - sqlalchemy.engine.Engine - INFO - [cached since 1292s ago] (38,)
2026-05-08 14:14:17,777 - sqlalchemy.engine.Engine - INFO - SELECT planexercise.id, planexercise.plan_id, planexercise.exercise_base_id, planexercise.order_index, planexercise.created_at, base_exercise.name 
FROM planexercise JOIN base_exercise ON planexercise.exercise_base_id = base_exercise.id 
WHERE planexercise.plan_id = $1::INTEGER
2026-05-08 14:14:17,777 - sqlalchemy.engine.Engine - INFO - [cached since 1245s ago] (29,)
2026-05-08 14:14:17,778 - sqlalchemy.engine.Engine - INFO - SELECT exerciseset.id, exerciseset.exercise_id, exerciseset.weight, exerciseset.reps, exerciseset.peak_hr, exerciseset.rest_hr, exerciseset.score, exerciseset.created_at 
FROM exerciseset 
WHERE exerciseset.exercise_id = $1::INTEGER ORDER BY exerciseset.id DESC
2026-05-08 14:14:17,778 - sqlalchemy.engine.Engine - INFO - [cached since 1292s ago] (39,)
2026-05-08 14:14:17,778 - sqlalchemy.engine.Engine - INFO - SELECT planexercise.id, planexercise.plan_id, planexercise.exercise_base_id, planexercise.order_index, planexercise.created_at, base_exercise.name 
FROM planexercise JOIN base_exercise ON planexercise.exercise_base_id = base_exercise.id 
WHERE planexercise.plan_id = $1::INTEGER
2026-05-08 14:14:17,779 - sqlalchemy.engine.Engine - INFO - [cached since 1245s ago] (30,)
2026-05-08 14:14:17,779 - sqlalchemy.engine.Engine - INFO - SELECT exerciseset.id, exerciseset.exercise_id, exerciseset.weight, exerciseset.reps, exerciseset.peak_hr, exerciseset.rest_hr, exerciseset.score, exerciseset.created_at 
FROM exerciseset 
WHERE exerciseset.exercise_id = $1::INTEGER ORDER BY exerciseset.id DESC
2026-05-08 14:14:17,779 - sqlalchemy.engine.Engine - INFO - [cached since 1292s ago] (40,)
2026-05-08 14:14:17,780 - sqlalchemy.engine.Engine - INFO - SELECT exerciseset.id, exerciseset.exercise_id, exerciseset.weight, exerciseset.reps, exerciseset.peak_hr, exerciseset.rest_hr, exerciseset.score, exerciseset.created_at 
FROM exerciseset 
WHERE exerciseset.exercise_id = $1::INTEGER ORDER BY exerciseset.id DESC
2026-05-08 14:14:17,780 - sqlalchemy.engine.Engine - INFO - [cached since 1292s ago] (41,)
2026-05-08 14:14:17,781 - sqlalchemy.engine.Engine - INFO - SELECT planexercise.id, planexercise.plan_id, planexercise.exercise_base_id, planexercise.order_index, planexercise.created_at, base_exercise.name 
FROM planexercise JOIN base_exercise ON planexercise.exercise_base_id = base_exercise.id 
WHERE planexercise.plan_id = $1::INTEGER
2026-05-08 14:14:17,781 - sqlalchemy.engine.Engine - INFO - [cached since 1245s ago] (31,)
2026-05-08 14:14:17,781 - sqlalchemy.engine.Engine - INFO - SELECT exerciseset.id, exerciseset.exercise_id, exerciseset.weight, exerciseset.reps, exerciseset.peak_hr, exerciseset.rest_hr, exerciseset.score, exerciseset.created_at 
FROM exerciseset 
WHERE exerciseset.exercise_id = $1::INTEGER ORDER BY exerciseset.id DESC
2026-05-08 14:14:17,781 - sqlalchemy.engine.Engine - INFO - [cached since 1292s ago] (42,)
2026-05-08 14:14:17,782 - sqlalchemy.engine.Engine - INFO - ROLLBACK
2026-05-08 14:15:05,784 - sqlalchemy.engine.Engine - INFO - select pg_catalog.version()
2026-05-08 14:15:05,785 - sqlalchemy.engine.Engine - INFO - [raw sql] ()
2026-05-08 14:15:05,787 - sqlalchemy.engine.Engine - INFO - select current_schema()
2026-05-08 14:15:05,787 - sqlalchemy.engine.Engine - INFO - [raw sql] ()
2026-05-08 14:15:05,788 - sqlalchemy.engine.Engine - INFO - show standard_conforming_strings
2026-05-08 14:15:05,788 - sqlalchemy.engine.Engine - INFO - [raw sql] ()
2026-05-08 14:15:05,788 - sqlalchemy.engine.Engine - INFO - BEGIN (implicit)
2026-05-08 14:15:05,791 - sqlalchemy.engine.Engine - INFO - SELECT pg_catalog.pg_class.relname 
FROM pg_catalog.pg_class JOIN pg_catalog.pg_namespace ON pg_catalog.pg_namespace.oid = pg_catalog.pg_class.relnamespace 
WHERE pg_catalog.pg_class.relname = $1::VARCHAR AND pg_catalog.pg_class.relkind = ANY (ARRAY[$2::VARCHAR, $3::VARCHAR, $4::VARCHAR, $5::VARCHAR, $6::VARCHAR]) AND pg_catalog.pg_table_is_visible(pg_catalog.pg_class.oid) AND pg_catalog.pg_namespace.nspname != $7::VARCHAR
2026-05-08 14:15:05,791 - sqlalchemy.engine.Engine - INFO - [generated in 0.00023s] ('base_exercise', 'r', 'p', 'f', 'v', 'm', 'pg_catalog')
2026-05-08 14:15:05,798 - sqlalchemy.engine.Engine - INFO - SELECT pg_catalog.pg_class.relname 
FROM pg_catalog.pg_class JOIN pg_catalog.pg_namespace ON pg_catalog.pg_namespace.oid = pg_catalog.pg_class.relnamespace 
WHERE pg_catalog.pg_class.relname = $1::VARCHAR AND pg_catalog.pg_class.relkind = ANY (ARRAY[$2::VARCHAR, $3::VARCHAR, $4::VARCHAR, $5::VARCHAR, $6::VARCHAR]) AND pg_catalog.pg_table_is_visible(pg_catalog.pg_class.oid) AND pg_catalog.pg_namespace.nspname != $7::VARCHAR
2026-05-08 14:15:05,798 - sqlalchemy.engine.Engine - INFO - [cached since 0.00682s ago] ('workoutplan', 'r', 'p', 'f', 'v', 'm', 'pg_catalog')
2026-05-08 14:15:05,799 - sqlalchemy.engine.Engine - INFO - SELECT pg_catalog.pg_class.relname 
FROM pg_catalog.pg_class JOIN pg_catalog.pg_namespace ON pg_catalog.pg_namespace.oid = pg_catalog.pg_class.relnamespace 
WHERE pg_catalog.pg_class.relname = $1::VARCHAR AND pg_catalog.pg_class.relkind = ANY (ARRAY[$2::VARCHAR, $3::VARCHAR, $4::VARCHAR, $5::VARCHAR, $6::VARCHAR]) AND pg_catalog.pg_table_is_visible(pg_catalog.pg_class.oid) AND pg_catalog.pg_namespace.nspname != $7::VARCHAR
2026-05-08 14:15:05,799 - sqlalchemy.engine.Engine - INFO - [cached since 0.007492s ago] ('planexercise', 'r', 'p', 'f', 'v', 'm', 'pg_catalog')
2026-05-08 14:15:05,799 - sqlalchemy.engine.Engine - INFO - SELECT pg_catalog.pg_class.relname 
FROM pg_catalog.pg_class JOIN pg_catalog.pg_namespace ON pg_catalog.pg_namespace.oid = pg_catalog.pg_class.relnamespace 
WHERE pg_catalog.pg_class.relname = $1::VARCHAR AND pg_catalog.pg_class.relkind = ANY (ARRAY[$2::VARCHAR, $3::VARCHAR, $4::VARCHAR, $5::VARCHAR, $6::VARCHAR]) AND pg_catalog.pg_table_is_visible(pg_catalog.pg_class.oid) AND pg_catalog.pg_namespace.nspname != $7::VARCHAR
2026-05-08 14:15:05,800 - sqlalchemy.engine.Engine - INFO - [cached since 0.00809s ago] ('exerciseset', 'r', 'p', 'f', 'v', 'm', 'pg_catalog')
2026-05-08 14:15:05,800 - sqlalchemy.engine.Engine - INFO - SELECT pg_catalog.pg_class.relname 
FROM pg_catalog.pg_class JOIN pg_catalog.pg_namespace ON pg_catalog.pg_namespace.oid = pg_catalog.pg_class.relnamespace 
WHERE pg_catalog.pg_class.relname = $1::VARCHAR AND pg_catalog.pg_class.relkind = ANY (ARRAY[$2::VARCHAR, $3::VARCHAR, $4::VARCHAR, $5::VARCHAR, $6::VARCHAR]) AND pg_catalog.pg_table_is_visible(pg_catalog.pg_class.oid) AND pg_catalog.pg_namespace.nspname != $7::VARCHAR
2026-05-08 14:15:05,800 - sqlalchemy.engine.Engine - INFO - [cached since 0.008628s ago] ('user', 'r', 'p', 'f', 'v', 'm', 'pg_catalog')
2026-05-08 14:15:05,801 - sqlalchemy.engine.Engine - INFO - SELECT pg_catalog.pg_class.relname 
FROM pg_catalog.pg_class JOIN pg_catalog.pg_namespace ON pg_catalog.pg_namespace.oid = pg_catalog.pg_class.relnamespace 
WHERE pg_catalog.pg_class.relname = $1::VARCHAR AND pg_catalog.pg_class.relkind = ANY (ARRAY[$2::VARCHAR, $3::VARCHAR, $4::VARCHAR, $5::VARCHAR, $6::VARCHAR]) AND pg_catalog.pg_table_is_visible(pg_catalog.pg_class.oid) AND pg_catalog.pg_namespace.nspname != $7::VARCHAR
2026-05-08 14:15:05,801 - sqlalchemy.engine.Engine - INFO - [cached since 0.009153s ago] ('memory_summary', 'r', 'p', 'f', 'v', 'm', 'pg_catalog')
2026-05-08 14:15:05,801 - sqlalchemy.engine.Engine - INFO - COMMIT
2026-05-08 14:15:15,701 - sqlalchemy.engine.Engine - INFO - BEGIN (implicit)
2026-05-08 14:15:15,711 - sqlalchemy.engine.Engine - INFO - SELECT "user".session_id, "user".name, "user".age, "user".height, "user".weight 
FROM "user" 
WHERE "user".session_id = $1::VARCHAR
2026-05-08 14:15:15,712 - sqlalchemy.engine.Engine - INFO - [generated in 0.00027s] ('12A3C',)
2026-05-08 14:15:15,715 - sqlalchemy.engine.Engine - INFO - ROLLBACK
2026-05-08 14:15:18,575 - sqlalchemy.engine.Engine - INFO - BEGIN (implicit)
2026-05-08 14:15:18,576 - sqlalchemy.engine.Engine - INFO - SELECT workoutplan.id, workoutplan.session_id, workoutplan.plan_name, workoutplan.created_at 
FROM workoutplan 
WHERE workoutplan.session_id = $1::VARCHAR ORDER BY workoutplan.created_at DESC
2026-05-08 14:15:18,576 - sqlalchemy.engine.Engine - INFO - [generated in 0.00016s] ('12A3C',)
2026-05-08 14:15:18,583 - sqlalchemy.engine.Engine - INFO - SELECT planexercise.id, planexercise.plan_id, planexercise.exercise_base_id, planexercise.order_index, planexercise.created_at, base_exercise.name 
FROM planexercise JOIN base_exercise ON planexercise.exercise_base_id = base_exercise.id 
WHERE planexercise.plan_id = $1::INTEGER
2026-05-08 14:15:18,583 - sqlalchemy.engine.Engine - INFO - [generated in 0.00022s] (31,)
2026-05-08 14:15:18,587 - sqlalchemy.engine.Engine - INFO - SELECT exerciseset.id, exerciseset.exercise_id, exerciseset.weight, exerciseset.reps, exerciseset.peak_hr, exerciseset.rest_hr, exerciseset.score, exerciseset.created_at 
FROM exerciseset 
WHERE exerciseset.exercise_id = $1::INTEGER ORDER BY exerciseset.id DESC
2026-05-08 14:15:18,588 - sqlalchemy.engine.Engine - INFO - [generated in 0.00023s] (42,)
2026-05-08 14:15:18,590 - sqlalchemy.engine.Engine - INFO - SELECT memory_summary.id, memory_summary.session_id, memory_summary.thread_id, memory_summary.scope, memory_summary.source_message_count, memory_summary.summary_text, memory_summary.summary_json, memory_summary.created_at 
FROM memory_summary 
WHERE memory_summary.session_id = $1::VARCHAR ORDER BY memory_summary.created_at DESC 
 LIMIT $2::INTEGER
2026-05-08 14:15:18,591 - sqlalchemy.engine.Engine - INFO - [generated in 0.00016s] ('12A3C', 100)
2026-05-08 14:15:18,598 - sqlalchemy.engine.Engine - INFO - SELECT planexercise.id, planexercise.plan_id, planexercise.exercise_base_id, planexercise.order_index, planexercise.created_at, base_exercise.name 
FROM planexercise JOIN base_exercise ON planexercise.exercise_base_id = base_exercise.id 
WHERE planexercise.plan_id = $1::INTEGER
2026-05-08 14:15:18,598 - sqlalchemy.engine.Engine - INFO - [cached since 0.01507s ago] (30,)
2026-05-08 14:15:18,599 - sqlalchemy.engine.Engine - INFO - SELECT exerciseset.id, exerciseset.exercise_id, exerciseset.weight, exerciseset.reps, exerciseset.peak_hr, exerciseset.rest_hr, exerciseset.score, exerciseset.created_at 
FROM exerciseset 
WHERE exerciseset.exercise_id = $1::INTEGER ORDER BY exerciseset.id DESC
2026-05-08 14:15:18,599 - sqlalchemy.engine.Engine - INFO - [cached since 0.01175s ago] (40,)
2026-05-08 14:15:18,600 - sqlalchemy.engine.Engine - INFO - SELECT exerciseset.id, exerciseset.exercise_id, exerciseset.weight, exerciseset.reps, exerciseset.peak_hr, exerciseset.rest_hr, exerciseset.score, exerciseset.created_at 
FROM exerciseset 
WHERE exerciseset.exercise_id = $1::INTEGER ORDER BY exerciseset.id DESC
2026-05-08 14:15:18,600 - sqlalchemy.engine.Engine - INFO - [cached since 0.01256s ago] (41,)
2026-05-08 14:15:18,600 - sqlalchemy.engine.Engine - INFO - SELECT memory_summary.id, memory_summary.session_id, memory_summary.thread_id, memory_summary.scope, memory_summary.source_message_count, memory_summary.summary_text, memory_summary.summary_json, memory_summary.created_at 
FROM memory_summary 
WHERE memory_summary.session_id = $1::VARCHAR ORDER BY memory_summary.created_at DESC 
 LIMIT $2::INTEGER
2026-05-08 14:15:18,601 - sqlalchemy.engine.Engine - INFO - [cached since 0.0102s ago] ('12A3C', 100)
2026-05-08 14:15:18,602 - sqlalchemy.engine.Engine - INFO - SELECT planexercise.id, planexercise.plan_id, planexercise.exercise_base_id, planexercise.order_index, planexercise.created_at, base_exercise.name 
FROM planexercise JOIN base_exercise ON planexercise.exercise_base_id = base_exercise.id 
WHERE planexercise.plan_id = $1::INTEGER
2026-05-08 14:15:18,602 - sqlalchemy.engine.Engine - INFO - [cached since 0.01911s ago] (29,)
2026-05-08 14:15:18,602 - sqlalchemy.engine.Engine - INFO - SELECT exerciseset.id, exerciseset.exercise_id, exerciseset.weight, exerciseset.reps, exerciseset.peak_hr, exerciseset.rest_hr, exerciseset.score, exerciseset.created_at 
FROM exerciseset 
WHERE exerciseset.exercise_id = $1::INTEGER ORDER BY exerciseset.id DESC
2026-05-08 14:15:18,602 - sqlalchemy.engine.Engine - INFO - [cached since 0.01515s ago] (39,)
2026-05-08 14:15:18,603 - sqlalchemy.engine.Engine - INFO - SELECT memory_summary.id, memory_summary.session_id, memory_summary.thread_id, memory_summary.scope, memory_summary.source_message_count, memory_summary.summary_text, memory_summary.summary_json, memory_summary.created_at 
FROM memory_summary 
WHERE memory_summary.session_id = $1::VARCHAR ORDER BY memory_summary.created_at DESC 
 LIMIT $2::INTEGER
2026-05-08 14:15:18,603 - sqlalchemy.engine.Engine - INFO - [cached since 0.01276s ago] ('12A3C', 100)
2026-05-08 14:15:18,604 - sqlalchemy.engine.Engine - INFO - SELECT planexercise.id, planexercise.plan_id, planexercise.exercise_base_id, planexercise.order_index, planexercise.created_at, base_exercise.name 
FROM planexercise JOIN base_exercise ON planexercise.exercise_base_id = base_exercise.id 
WHERE planexercise.plan_id = $1::INTEGER
2026-05-08 14:15:18,604 - sqlalchemy.engine.Engine - INFO - [cached since 0.02148s ago] (28,)
2026-05-08 14:15:18,605 - sqlalchemy.engine.Engine - INFO - SELECT exerciseset.id, exerciseset.exercise_id, exerciseset.weight, exerciseset.reps, exerciseset.peak_hr, exerciseset.rest_hr, exerciseset.score, exerciseset.created_at 
FROM exerciseset 
WHERE exerciseset.exercise_id = $1::INTEGER ORDER BY exerciseset.id DESC
2026-05-08 14:15:18,605 - sqlalchemy.engine.Engine - INFO - [cached since 0.01753s ago] (38,)
2026-05-08 14:15:18,606 - sqlalchemy.engine.Engine - INFO - SELECT memory_summary.id, memory_summary.session_id, memory_summary.thread_id, memory_summary.scope, memory_summary.source_message_count, memory_summary.summary_text, memory_summary.summary_json, memory_summary.created_at 
FROM memory_summary 
WHERE memory_summary.session_id = $1::VARCHAR ORDER BY memory_summary.created_at DESC 
 LIMIT $2::INTEGER
2026-05-08 14:15:18,606 - sqlalchemy.engine.Engine - INFO - [cached since 0.01549s ago] ('12A3C', 100)
2026-05-08 14:15:18,607 - sqlalchemy.engine.Engine - INFO - SELECT planexercise.id, planexercise.plan_id, planexercise.exercise_base_id, planexercise.order_index, planexercise.created_at, base_exercise.name 
FROM planexercise JOIN base_exercise ON planexercise.exercise_base_id = base_exercise.id 
WHERE planexercise.plan_id = $1::INTEGER
2026-05-08 14:15:18,608 - sqlalchemy.engine.Engine - INFO - [cached since 0.02456s ago] (27,)
2026-05-08 14:15:18,608 - sqlalchemy.engine.Engine - INFO - SELECT exerciseset.id, exerciseset.exercise_id, exerciseset.weight, exerciseset.reps, exerciseset.peak_hr, exerciseset.rest_hr, exerciseset.score, exerciseset.created_at 
FROM exerciseset 
WHERE exerciseset.exercise_id = $1::INTEGER ORDER BY exerciseset.id DESC
2026-05-08 14:15:18,608 - sqlalchemy.engine.Engine - INFO - [cached since 0.02075s ago] (37,)
2026-05-08 14:15:18,609 - sqlalchemy.engine.Engine - INFO - SELECT memory_summary.id, memory_summary.session_id, memory_summary.thread_id, memory_summary.scope, memory_summary.source_message_count, memory_summary.summary_text, memory_summary.summary_json, memory_summary.created_at 
FROM memory_summary 
WHERE memory_summary.session_id = $1::VARCHAR ORDER BY memory_summary.created_at DESC 
 LIMIT $2::INTEGER
2026-05-08 14:15:18,609 - sqlalchemy.engine.Engine - INFO - [cached since 0.01851s ago] ('12A3C', 100)
2026-05-08 14:15:18,610 - sqlalchemy.engine.Engine - INFO - SELECT planexercise.id, planexercise.plan_id, planexercise.exercise_base_id, planexercise.order_index, planexercise.created_at, base_exercise.name 
FROM planexercise JOIN base_exercise ON planexercise.exercise_base_id = base_exercise.id 
WHERE planexercise.plan_id = $1::INTEGER
2026-05-08 14:15:18,610 - sqlalchemy.engine.Engine - INFO - [cached since 0.02741s ago] (26,)
2026-05-08 14:15:18,611 - sqlalchemy.engine.Engine - INFO - SELECT exerciseset.id, exerciseset.exercise_id, exerciseset.weight, exerciseset.reps, exerciseset.peak_hr, exerciseset.rest_hr, exerciseset.score, exerciseset.created_at 
FROM exerciseset 
WHERE exerciseset.exercise_id = $1::INTEGER ORDER BY exerciseset.id DESC
2026-05-08 14:15:18,611 - sqlalchemy.engine.Engine - INFO - [cached since 0.02375s ago] (36,)
2026-05-08 14:15:18,612 - sqlalchemy.engine.Engine - INFO - SELECT memory_summary.id, memory_summary.session_id, memory_summary.thread_id, memory_summary.scope, memory_summary.source_message_count, memory_summary.summary_text, memory_summary.summary_json, memory_summary.created_at 
FROM memory_summary 
WHERE memory_summary.session_id = $1::VARCHAR ORDER BY memory_summary.created_at DESC 
 LIMIT $2::INTEGER
2026-05-08 14:15:18,612 - sqlalchemy.engine.Engine - INFO - [cached since 0.02165s ago] ('12A3C', 100)
2026-05-08 14:15:18,614 - sqlalchemy.engine.Engine - INFO - SELECT planexercise.id, planexercise.plan_id, planexercise.exercise_base_id, planexercise.order_index, planexercise.created_at, base_exercise.name 
FROM planexercise JOIN base_exercise ON planexercise.exercise_base_id = base_exercise.id 
WHERE planexercise.plan_id = $1::INTEGER
2026-05-08 14:15:18,614 - sqlalchemy.engine.Engine - INFO - [cached since 0.0314s ago] (25,)
2026-05-08 14:15:18,615 - sqlalchemy.engine.Engine - INFO - SELECT exerciseset.id, exerciseset.exercise_id, exerciseset.weight, exerciseset.reps, exerciseset.peak_hr, exerciseset.rest_hr, exerciseset.score, exerciseset.created_at 
FROM exerciseset 
WHERE exerciseset.exercise_id = $1::INTEGER ORDER BY exerciseset.id DESC
2026-05-08 14:15:18,615 - sqlalchemy.engine.Engine - INFO - [cached since 0.0278s ago] (35,)
2026-05-08 14:15:18,616 - sqlalchemy.engine.Engine - INFO - SELECT memory_summary.id, memory_summary.session_id, memory_summary.thread_id, memory_summary.scope, memory_summary.source_message_count, memory_summary.summary_text, memory_summary.summary_json, memory_summary.created_at 
FROM memory_summary 
WHERE memory_summary.session_id = $1::VARCHAR ORDER BY memory_summary.created_at DESC 
 LIMIT $2::INTEGER
2026-05-08 14:15:18,616 - sqlalchemy.engine.Engine - INFO - [cached since 0.02574s ago] ('12A3C', 100)
2026-05-08 14:15:18,618 - sqlalchemy.engine.Engine - INFO - SELECT planexercise.id, planexercise.plan_id, planexercise.exercise_base_id, planexercise.order_index, planexercise.created_at, base_exercise.name 
FROM planexercise JOIN base_exercise ON planexercise.exercise_base_id = base_exercise.id 
WHERE planexercise.plan_id = $1::INTEGER
2026-05-08 14:15:18,618 - sqlalchemy.engine.Engine - INFO - [cached since 0.03486s ago] (24,)
2026-05-08 14:15:18,619 - sqlalchemy.engine.Engine - INFO - SELECT exerciseset.id, exerciseset.exercise_id, exerciseset.weight, exerciseset.reps, exerciseset.peak_hr, exerciseset.rest_hr, exerciseset.score, exerciseset.created_at 
FROM exerciseset 
WHERE exerciseset.exercise_id = $1::INTEGER ORDER BY exerciseset.id DESC
2026-05-08 14:15:18,619 - sqlalchemy.engine.Engine - INFO - [cached since 0.03163s ago] (34,)
2026-05-08 14:15:18,620 - sqlalchemy.engine.Engine - INFO - SELECT memory_summary.id, memory_summary.session_id, memory_summary.thread_id, memory_summary.scope, memory_summary.source_message_count, memory_summary.summary_text, memory_summary.summary_json, memory_summary.created_at 
FROM memory_summary 
WHERE memory_summary.session_id = $1::VARCHAR ORDER BY memory_summary.created_at DESC 
 LIMIT $2::INTEGER
2026-05-08 14:15:18,620 - sqlalchemy.engine.Engine - INFO - [cached since 0.03008s ago] ('12A3C', 100)
2026-05-08 14:15:18,622 - sqlalchemy.engine.Engine - INFO - SELECT planexercise.id, planexercise.plan_id, planexercise.exercise_base_id, planexercise.order_index, planexercise.created_at, base_exercise.name 
FROM planexercise JOIN base_exercise ON planexercise.exercise_base_id = base_exercise.id 
WHERE planexercise.plan_id = $1::INTEGER
2026-05-08 14:15:18,622 - sqlalchemy.engine.Engine - INFO - [cached since 0.03916s ago] (23,)
2026-05-08 14:15:18,622 - sqlalchemy.engine.Engine - INFO - SELECT exerciseset.id, exerciseset.exercise_id, exerciseset.weight, exerciseset.reps, exerciseset.peak_hr, exerciseset.rest_hr, exerciseset.score, exerciseset.created_at 
FROM exerciseset 
WHERE exerciseset.exercise_id = $1::INTEGER ORDER BY exerciseset.id DESC
2026-05-08 14:15:18,623 - sqlalchemy.engine.Engine - INFO - [cached since 0.03534s ago] (32,)
2026-05-08 14:15:18,623 - sqlalchemy.engine.Engine - INFO - SELECT exerciseset.id, exerciseset.exercise_id, exerciseset.weight, exerciseset.reps, exerciseset.peak_hr, exerciseset.rest_hr, exerciseset.score, exerciseset.created_at 
FROM exerciseset 
WHERE exerciseset.exercise_id = $1::INTEGER ORDER BY exerciseset.id DESC
2026-05-08 14:15:18,623 - sqlalchemy.engine.Engine - INFO - [cached since 0.03606s ago] (33,)
2026-05-08 14:15:18,624 - sqlalchemy.engine.Engine - INFO - SELECT memory_summary.id, memory_summary.session_id, memory_summary.thread_id, memory_summary.scope, memory_summary.source_message_count, memory_summary.summary_text, memory_summary.summary_json, memory_summary.created_at 
FROM memory_summary 
WHERE memory_summary.session_id = $1::VARCHAR ORDER BY memory_summary.created_at DESC 
 LIMIT $2::INTEGER
2026-05-08 14:15:18,624 - sqlalchemy.engine.Engine - INFO - [cached since 0.03364s ago] ('12A3C', 100)
2026-05-08 14:15:18,625 - sqlalchemy.engine.Engine - INFO - SELECT planexercise.id, planexercise.plan_id, planexercise.exercise_base_id, planexercise.order_index, planexercise.created_at, base_exercise.name 
FROM planexercise JOIN base_exercise ON planexercise.exercise_base_id = base_exercise.id 
WHERE planexercise.plan_id = $1::INTEGER
2026-05-08 14:15:18,625 - sqlalchemy.engine.Engine - INFO - [cached since 0.04239s ago] (22,)
2026-05-08 14:15:18,625 - sqlalchemy.engine.Engine - INFO - SELECT exerciseset.id, exerciseset.exercise_id, exerciseset.weight, exerciseset.reps, exerciseset.peak_hr, exerciseset.rest_hr, exerciseset.score, exerciseset.created_at 
FROM exerciseset 
WHERE exerciseset.exercise_id = $1::INTEGER ORDER BY exerciseset.id DESC
2026-05-08 14:15:18,626 - sqlalchemy.engine.Engine - INFO - [cached since 0.03838s ago] (31,)
2026-05-08 14:15:18,627 - sqlalchemy.engine.Engine - INFO - SELECT memory_summary.id, memory_summary.session_id, memory_summary.thread_id, memory_summary.scope, memory_summary.source_message_count, memory_summary.summary_text, memory_summary.summary_json, memory_summary.created_at 
FROM memory_summary 
WHERE memory_summary.session_id = $1::VARCHAR ORDER BY memory_summary.created_at DESC 
 LIMIT $2::INTEGER
2026-05-08 14:15:18,627 - sqlalchemy.engine.Engine - INFO - [cached since 0.03687s ago] ('12A3C', 100)
2026-05-08 14:15:18,630 - sqlalchemy.engine.Engine - INFO - SELECT planexercise.id, planexercise.plan_id, planexercise.exercise_base_id, planexercise.order_index, planexercise.created_at, base_exercise.name 
FROM planexercise JOIN base_exercise ON planexercise.exercise_base_id = base_exercise.id 
WHERE planexercise.plan_id = $1::INTEGER
2026-05-08 14:15:18,630 - sqlalchemy.engine.Engine - INFO - [cached since 0.0464s ago] (21,)
2026-05-08 14:15:18,631 - sqlalchemy.engine.Engine - INFO - SELECT exerciseset.id, exerciseset.exercise_id, exerciseset.weight, exerciseset.reps, exerciseset.peak_hr, exerciseset.rest_hr, exerciseset.score, exerciseset.created_at 
FROM exerciseset 
WHERE exerciseset.exercise_id = $1::INTEGER ORDER BY exerciseset.id DESC
2026-05-08 14:15:18,631 - sqlalchemy.engine.Engine - INFO - [cached since 0.04306s ago] (30,)
2026-05-08 14:15:18,632 - sqlalchemy.engine.Engine - INFO - SELECT memory_summary.id, memory_summary.session_id, memory_summary.thread_id, memory_summary.scope, memory_summary.source_message_count, memory_summary.summary_text, memory_summary.summary_json, memory_summary.created_at 
FROM memory_summary 
WHERE memory_summary.session_id = $1::VARCHAR ORDER BY memory_summary.created_at DESC 
 LIMIT $2::INTEGER
2026-05-08 14:15:18,632 - sqlalchemy.engine.Engine - INFO - [cached since 0.04109s ago] ('12A3C', 100)
2026-05-08 14:15:18,634 - sqlalchemy.engine.Engine - INFO - SELECT planexercise.id, planexercise.plan_id, planexercise.exercise_base_id, planexercise.order_index, planexercise.created_at, base_exercise.name 
FROM planexercise JOIN base_exercise ON planexercise.exercise_base_id = base_exercise.id 
WHERE planexercise.plan_id = $1::INTEGER
2026-05-08 14:15:18,634 - sqlalchemy.engine.Engine - INFO - [cached since 0.05084s ago] (20,)
2026-05-08 14:15:18,636 - sqlalchemy.engine.Engine - INFO - SELECT exerciseset.id, exerciseset.exercise_id, exerciseset.weight, exerciseset.reps, exerciseset.peak_hr, exerciseset.rest_hr, exerciseset.score, exerciseset.created_at 
FROM exerciseset 
WHERE exerciseset.exercise_id = $1::INTEGER ORDER BY exerciseset.id DESC
2026-05-08 14:15:18,636 - sqlalchemy.engine.Engine - INFO - [cached since 0.04818s ago] (29,)
2026-05-08 14:15:18,637 - sqlalchemy.engine.Engine - INFO - SELECT memory_summary.id, memory_summary.session_id, memory_summary.thread_id, memory_summary.scope, memory_summary.source_message_count, memory_summary.summary_text, memory_summary.summary_json, memory_summary.created_at 
FROM memory_summary 
WHERE memory_summary.session_id = $1::VARCHAR ORDER BY memory_summary.created_at DESC 
 LIMIT $2::INTEGER
2026-05-08 14:15:18,637 - sqlalchemy.engine.Engine - INFO - [cached since 0.04623s ago] ('12A3C', 100)
2026-05-08 14:15:18,638 - sqlalchemy.engine.Engine - INFO - SELECT planexercise.id, planexercise.plan_id, planexercise.exercise_base_id, planexercise.order_index, planexercise.created_at, base_exercise.name 
FROM planexercise JOIN base_exercise ON planexercise.exercise_base_id = base_exercise.id 
WHERE planexercise.plan_id = $1::INTEGER
2026-05-08 14:15:18,639 - sqlalchemy.engine.Engine - INFO - [cached since 0.05543s ago] (19,)
2026-05-08 14:15:18,639 - sqlalchemy.engine.Engine - INFO - SELECT exerciseset.id, exerciseset.exercise_id, exerciseset.weight, exerciseset.reps, exerciseset.peak_hr, exerciseset.rest_hr, exerciseset.score, exerciseset.created_at 
FROM exerciseset 
WHERE exerciseset.exercise_id = $1::INTEGER ORDER BY exerciseset.id DESC
2026-05-08 14:15:18,640 - sqlalchemy.engine.Engine - INFO - [cached since 0.05177s ago] (28,)
2026-05-08 14:15:18,641 - sqlalchemy.engine.Engine - INFO - SELECT memory_summary.id, memory_summary.session_id, memory_summary.thread_id, memory_summary.scope, memory_summary.source_message_count, memory_summary.summary_text, memory_summary.summary_json, memory_summary.created_at 
FROM memory_summary 
WHERE memory_summary.session_id = $1::VARCHAR ORDER BY memory_summary.created_at DESC 
 LIMIT $2::INTEGER
2026-05-08 14:15:18,641 - sqlalchemy.engine.Engine - INFO - [cached since 0.05032s ago] ('12A3C', 100)
2026-05-08 14:15:18,643 - sqlalchemy.engine.Engine - INFO - SELECT planexercise.id, planexercise.plan_id, planexercise.exercise_base_id, planexercise.order_index, planexercise.created_at, base_exercise.name 
FROM planexercise JOIN base_exercise ON planexercise.exercise_base_id = base_exercise.id 
WHERE planexercise.plan_id = $1::INTEGER
2026-05-08 14:15:18,643 - sqlalchemy.engine.Engine - INFO - [cached since 0.06027s ago] (18,)
2026-05-08 14:15:18,644 - sqlalchemy.engine.Engine - INFO - SELECT exerciseset.id, exerciseset.exercise_id, exerciseset.weight, exerciseset.reps, exerciseset.peak_hr, exerciseset.rest_hr, exerciseset.score, exerciseset.created_at 
FROM exerciseset 
WHERE exerciseset.exercise_id = $1::INTEGER ORDER BY exerciseset.id DESC
2026-05-08 14:15:18,644 - sqlalchemy.engine.Engine - INFO - [cached since 0.05664s ago] (26,)
2026-05-08 14:15:18,645 - sqlalchemy.engine.Engine - INFO - SELECT exerciseset.id, exerciseset.exercise_id, exerciseset.weight, exerciseset.reps, exerciseset.peak_hr, exerciseset.rest_hr, exerciseset.score, exerciseset.created_at 
FROM exerciseset 
WHERE exerciseset.exercise_id = $1::INTEGER ORDER BY exerciseset.id DESC
2026-05-08 14:15:18,645 - sqlalchemy.engine.Engine - INFO - [cached since 0.05753s ago] (27,)
2026-05-08 14:15:18,646 - sqlalchemy.engine.Engine - INFO - SELECT memory_summary.id, memory_summary.session_id, memory_summary.thread_id, memory_summary.scope, memory_summary.source_message_count, memory_summary.summary_text, memory_summary.summary_json, memory_summary.created_at 
FROM memory_summary 
WHERE memory_summary.session_id = $1::VARCHAR ORDER BY memory_summary.created_at DESC 
 LIMIT $2::INTEGER
2026-05-08 14:15:18,646 - sqlalchemy.engine.Engine - INFO - [cached since 0.05518s ago] ('12A3C', 100)
2026-05-08 14:15:18,647 - sqlalchemy.engine.Engine - INFO - SELECT planexercise.id, planexercise.plan_id, planexercise.exercise_base_id, planexercise.order_index, planexercise.created_at, base_exercise.name 
FROM planexercise JOIN base_exercise ON planexercise.exercise_base_id = base_exercise.id 
WHERE planexercise.plan_id = $1::INTEGER
2026-05-08 14:15:18,647 - sqlalchemy.engine.Engine - INFO - [cached since 0.06421s ago] (17,)
2026-05-08 14:15:18,648 - sqlalchemy.engine.Engine - INFO - SELECT exerciseset.id, exerciseset.exercise_id, exerciseset.weight, exerciseset.reps, exerciseset.peak_hr, exerciseset.rest_hr, exerciseset.score, exerciseset.created_at 
FROM exerciseset 
WHERE exerciseset.exercise_id = $1::INTEGER ORDER BY exerciseset.id DESC
2026-05-08 14:15:18,648 - sqlalchemy.engine.Engine - INFO - [cached since 0.06085s ago] (25,)
2026-05-08 14:15:18,649 - sqlalchemy.engine.Engine - INFO - SELECT exerciseset.id, exerciseset.exercise_id, exerciseset.weight, exerciseset.reps, exerciseset.peak_hr, exerciseset.rest_hr, exerciseset.score, exerciseset.created_at 
FROM exerciseset 
WHERE exerciseset.exercise_id = $1::INTEGER ORDER BY exerciseset.id DESC
2026-05-08 14:15:18,649 - sqlalchemy.engine.Engine - INFO - [cached since 0.06168s ago] (24,)
2026-05-08 14:15:18,650 - sqlalchemy.engine.Engine - INFO - SELECT memory_summary.id, memory_summary.session_id, memory_summary.thread_id, memory_summary.scope, memory_summary.source_message_count, memory_summary.summary_text, memory_summary.summary_json, memory_summary.created_at 
FROM memory_summary 
WHERE memory_summary.session_id = $1::VARCHAR ORDER BY memory_summary.created_at DESC 
 LIMIT $2::INTEGER
2026-05-08 14:15:18,650 - sqlalchemy.engine.Engine - INFO - [cached since 0.05939s ago] ('12A3C', 100)
2026-05-08 14:15:18,651 - sqlalchemy.engine.Engine - INFO - SELECT planexercise.id, planexercise.plan_id, planexercise.exercise_base_id, planexercise.order_index, planexercise.created_at, base_exercise.name 
FROM planexercise JOIN base_exercise ON planexercise.exercise_base_id = base_exercise.id 
WHERE planexercise.plan_id = $1::INTEGER
2026-05-08 14:15:18,651 - sqlalchemy.engine.Engine - INFO - [cached since 0.06818s ago] (16,)
2026-05-08 14:15:18,651 - sqlalchemy.engine.Engine - INFO - SELECT exerciseset.id, exerciseset.exercise_id, exerciseset.weight, exerciseset.reps, exerciseset.peak_hr, exerciseset.rest_hr, exerciseset.score, exerciseset.created_at 
FROM exerciseset 
WHERE exerciseset.exercise_id = $1::INTEGER ORDER BY exerciseset.id DESC
2026-05-08 14:15:18,651 - sqlalchemy.engine.Engine - INFO - [cached since 0.06417s ago] (22,)
2026-05-08 14:15:18,652 - sqlalchemy.engine.Engine - INFO - SELECT exerciseset.id, exerciseset.exercise_id, exerciseset.weight, exerciseset.reps, exerciseset.peak_hr, exerciseset.rest_hr, exerciseset.score, exerciseset.created_at 
FROM exerciseset 
WHERE exerciseset.exercise_id = $1::INTEGER ORDER BY exerciseset.id DESC
2026-05-08 14:15:18,652 - sqlalchemy.engine.Engine - INFO - [cached since 0.06478s ago] (23,)
2026-05-08 14:15:18,653 - sqlalchemy.engine.Engine - INFO - SELECT memory_summary.id, memory_summary.session_id, memory_summary.thread_id, memory_summary.scope, memory_summary.source_message_count, memory_summary.summary_text, memory_summary.summary_json, memory_summary.created_at 
FROM memory_summary 
WHERE memory_summary.session_id = $1::VARCHAR ORDER BY memory_summary.created_at DESC 
 LIMIT $2::INTEGER
2026-05-08 14:15:18,653 - sqlalchemy.engine.Engine - INFO - [cached since 0.06235s ago] ('12A3C', 100)
2026-05-08 14:15:18,654 - sqlalchemy.engine.Engine - INFO - SELECT planexercise.id, planexercise.plan_id, planexercise.exercise_base_id, planexercise.order_index, planexercise.created_at, base_exercise.name 
FROM planexercise JOIN base_exercise ON planexercise.exercise_base_id = base_exercise.id 
WHERE planexercise.plan_id = $1::INTEGER
2026-05-08 14:15:18,654 - sqlalchemy.engine.Engine - INFO - [cached since 0.07127s ago] (15,)
2026-05-08 14:15:18,655 - sqlalchemy.engine.Engine - INFO - SELECT exerciseset.id, exerciseset.exercise_id, exerciseset.weight, exerciseset.reps, exerciseset.peak_hr, exerciseset.rest_hr, exerciseset.score, exerciseset.created_at 
FROM exerciseset 
WHERE exerciseset.exercise_id = $1::INTEGER ORDER BY exerciseset.id DESC
2026-05-08 14:15:18,655 - sqlalchemy.engine.Engine - INFO - [cached since 0.06765s ago] (21,)
2026-05-08 14:15:18,655 - sqlalchemy.engine.Engine - INFO - SELECT exerciseset.id, exerciseset.exercise_id, exerciseset.weight, exerciseset.reps, exerciseset.peak_hr, exerciseset.rest_hr, exerciseset.score, exerciseset.created_at 
FROM exerciseset 
WHERE exerciseset.exercise_id = $1::INTEGER ORDER BY exerciseset.id DESC
2026-05-08 14:15:18,656 - sqlalchemy.engine.Engine - INFO - [cached since 0.06839s ago] (20,)
2026-05-08 14:15:18,656 - sqlalchemy.engine.Engine - INFO - SELECT memory_summary.id, memory_summary.session_id, memory_summary.thread_id, memory_summary.scope, memory_summary.source_message_count, memory_summary.summary_text, memory_summary.summary_json, memory_summary.created_at 
FROM memory_summary 
WHERE memory_summary.session_id = $1::VARCHAR ORDER BY memory_summary.created_at DESC 
 LIMIT $2::INTEGER
2026-05-08 14:15:18,656 - sqlalchemy.engine.Engine - INFO - [cached since 0.06605s ago] ('12A3C', 100)
2026-05-08 14:15:18,657 - sqlalchemy.engine.Engine - INFO - SELECT planexercise.id, planexercise.plan_id, planexercise.exercise_base_id, planexercise.order_index, planexercise.created_at, base_exercise.name 
FROM planexercise JOIN base_exercise ON planexercise.exercise_base_id = base_exercise.id 
WHERE planexercise.plan_id = $1::INTEGER
2026-05-08 14:15:18,659 - sqlalchemy.engine.Engine - INFO - [cached since 0.07523s ago] (14,)
2026-05-08 14:15:18,659 - sqlalchemy.engine.Engine - INFO - SELECT exerciseset.id, exerciseset.exercise_id, exerciseset.weight, exerciseset.reps, exerciseset.peak_hr, exerciseset.rest_hr, exerciseset.score, exerciseset.created_at 
FROM exerciseset 
WHERE exerciseset.exercise_id = $1::INTEGER ORDER BY exerciseset.id DESC
2026-05-08 14:15:18,659 - sqlalchemy.engine.Engine - INFO - [cached since 0.07138s ago] (18,)
2026-05-08 14:15:18,660 - sqlalchemy.engine.Engine - INFO - SELECT exerciseset.id, exerciseset.exercise_id, exerciseset.weight, exerciseset.reps, exerciseset.peak_hr, exerciseset.rest_hr, exerciseset.score, exerciseset.created_at 
FROM exerciseset 
WHERE exerciseset.exercise_id = $1::INTEGER ORDER BY exerciseset.id DESC
2026-05-08 14:15:18,660 - sqlalchemy.engine.Engine - INFO - [cached since 0.07205s ago] (19,)
2026-05-08 14:15:18,661 - sqlalchemy.engine.Engine - INFO - SELECT memory_summary.id, memory_summary.session_id, memory_summary.thread_id, memory_summary.scope, memory_summary.source_message_count, memory_summary.summary_text, memory_summary.summary_json, memory_summary.created_at 
FROM memory_summary 
WHERE memory_summary.session_id = $1::VARCHAR ORDER BY memory_summary.created_at DESC 
 LIMIT $2::INTEGER
2026-05-08 14:15:18,661 - sqlalchemy.engine.Engine - INFO - [cached since 0.06962s ago] ('12A3C', 100)
2026-05-08 14:15:18,662 - sqlalchemy.engine.Engine - INFO - SELECT planexercise.id, planexercise.plan_id, planexercise.exercise_base_id, planexercise.order_index, planexercise.created_at, base_exercise.name 
FROM planexercise JOIN base_exercise ON planexercise.exercise_base_id = base_exercise.id 
WHERE planexercise.plan_id = $1::INTEGER
2026-05-08 14:15:18,662 - sqlalchemy.engine.Engine - INFO - [cached since 0.07849s ago] (13,)
2026-05-08 14:15:18,663 - sqlalchemy.engine.Engine - INFO - SELECT exerciseset.id, exerciseset.exercise_id, exerciseset.weight, exerciseset.reps, exerciseset.peak_hr, exerciseset.rest_hr, exerciseset.score, exerciseset.created_at 
FROM exerciseset 
WHERE exerciseset.exercise_id = $1::INTEGER ORDER BY exerciseset.id DESC
2026-05-08 14:15:18,663 - sqlalchemy.engine.Engine - INFO - [cached since 0.0748s ago] (17,)
2026-05-08 14:15:18,663 - sqlalchemy.engine.Engine - INFO - SELECT exerciseset.id, exerciseset.exercise_id, exerciseset.weight, exerciseset.reps, exerciseset.peak_hr, exerciseset.rest_hr, exerciseset.score, exerciseset.created_at 
FROM exerciseset 
WHERE exerciseset.exercise_id = $1::INTEGER ORDER BY exerciseset.id DESC
2026-05-08 14:15:18,664 - sqlalchemy.engine.Engine - INFO - [cached since 0.07552s ago] (16,)
2026-05-08 14:15:18,664 - sqlalchemy.engine.Engine - INFO - SELECT memory_summary.id, memory_summary.session_id, memory_summary.thread_id, memory_summary.scope, memory_summary.source_message_count, memory_summary.summary_text, memory_summary.summary_json, memory_summary.created_at 
FROM memory_summary 
WHERE memory_summary.session_id = $1::VARCHAR ORDER BY memory_summary.created_at DESC 
 LIMIT $2::INTEGER
2026-05-08 14:15:18,664 - sqlalchemy.engine.Engine - INFO - [cached since 0.07319s ago] ('12A3C', 100)
2026-05-08 14:15:18,665 - sqlalchemy.engine.Engine - INFO - SELECT planexercise.id, planexercise.plan_id, planexercise.exercise_base_id, planexercise.order_index, planexercise.created_at, base_exercise.name 
FROM planexercise JOIN base_exercise ON planexercise.exercise_base_id = base_exercise.id 
WHERE planexercise.plan_id = $1::INTEGER
2026-05-08 14:15:18,665 - sqlalchemy.engine.Engine - INFO - [cached since 0.08202s ago] (12,)
2026-05-08 14:15:18,666 - sqlalchemy.engine.Engine - INFO - SELECT exerciseset.id, exerciseset.exercise_id, exerciseset.weight, exerciseset.reps, exerciseset.peak_hr, exerciseset.rest_hr, exerciseset.score, exerciseset.created_at 
FROM exerciseset 
WHERE exerciseset.exercise_id = $1::INTEGER ORDER BY exerciseset.id DESC
2026-05-08 14:15:18,666 - sqlalchemy.engine.Engine - INFO - [cached since 0.07803s ago] (14,)
2026-05-08 14:15:18,667 - sqlalchemy.engine.Engine - INFO - SELECT exerciseset.id, exerciseset.exercise_id, exerciseset.weight, exerciseset.reps, exerciseset.peak_hr, exerciseset.rest_hr, exerciseset.score, exerciseset.created_at 
FROM exerciseset 
WHERE exerciseset.exercise_id = $1::INTEGER ORDER BY exerciseset.id DESC
2026-05-08 14:15:18,667 - sqlalchemy.engine.Engine - INFO - [cached since 0.07866s ago] (15,)
2026-05-08 14:15:18,667 - sqlalchemy.engine.Engine - INFO - SELECT memory_summary.id, memory_summary.session_id, memory_summary.thread_id, memory_summary.scope, memory_summary.source_message_count, memory_summary.summary_text, memory_summary.summary_json, memory_summary.created_at 
FROM memory_summary 
WHERE memory_summary.session_id = $1::VARCHAR ORDER BY memory_summary.created_at DESC 
 LIMIT $2::INTEGER
2026-05-08 14:15:18,667 - sqlalchemy.engine.Engine - INFO - [cached since 0.07622s ago] ('12A3C', 100)
2026-05-08 14:15:18,668 - sqlalchemy.engine.Engine - INFO - SELECT planexercise.id, planexercise.plan_id, planexercise.exercise_base_id, planexercise.order_index, planexercise.created_at, base_exercise.name 
FROM planexercise JOIN base_exercise ON planexercise.exercise_base_id = base_exercise.id 
WHERE planexercise.plan_id = $1::INTEGER
2026-05-08 14:15:18,668 - sqlalchemy.engine.Engine - INFO - [cached since 0.08492s ago] (11,)
2026-05-08 14:15:18,668 - sqlalchemy.engine.Engine - INFO - SELECT exerciseset.id, exerciseset.exercise_id, exerciseset.weight, exerciseset.reps, exerciseset.peak_hr, exerciseset.rest_hr, exerciseset.score, exerciseset.created_at 
FROM exerciseset 
WHERE exerciseset.exercise_id = $1::INTEGER ORDER BY exerciseset.id DESC
2026-05-08 14:15:18,668 - sqlalchemy.engine.Engine - INFO - [cached since 0.08096s ago] (12,)
2026-05-08 14:15:18,669 - sqlalchemy.engine.Engine - INFO - SELECT exerciseset.id, exerciseset.exercise_id, exerciseset.weight, exerciseset.reps, exerciseset.peak_hr, exerciseset.rest_hr, exerciseset.score, exerciseset.created_at 
FROM exerciseset 
WHERE exerciseset.exercise_id = $1::INTEGER ORDER BY exerciseset.id DESC
2026-05-08 14:15:18,669 - sqlalchemy.engine.Engine - INFO - [cached since 0.08171s ago] (13,)
2026-05-08 14:15:18,670 - sqlalchemy.engine.Engine - INFO - SELECT memory_summary.id, memory_summary.session_id, memory_summary.thread_id, memory_summary.scope, memory_summary.source_message_count, memory_summary.summary_text, memory_summary.summary_json, memory_summary.created_at 
FROM memory_summary 
WHERE memory_summary.session_id = $1::VARCHAR ORDER BY memory_summary.created_at DESC 
 LIMIT $2::INTEGER
2026-05-08 14:15:18,670 - sqlalchemy.engine.Engine - INFO - [cached since 0.0793s ago] ('12A3C', 100)
2026-05-08 14:15:18,671 - sqlalchemy.engine.Engine - INFO - SELECT planexercise.id, planexercise.plan_id, planexercise.exercise_base_id, planexercise.order_index, planexercise.created_at, base_exercise.name 
FROM planexercise JOIN base_exercise ON planexercise.exercise_base_id = base_exercise.id 
WHERE planexercise.plan_id = $1::INTEGER
2026-05-08 14:15:18,671 - sqlalchemy.engine.Engine - INFO - [cached since 0.08804s ago] (10,)
2026-05-08 14:15:18,671 - sqlalchemy.engine.Engine - INFO - SELECT exerciseset.id, exerciseset.exercise_id, exerciseset.weight, exerciseset.reps, exerciseset.peak_hr, exerciseset.rest_hr, exerciseset.score, exerciseset.created_at 
FROM exerciseset 
WHERE exerciseset.exercise_id = $1::INTEGER ORDER BY exerciseset.id DESC
2026-05-08 14:15:18,672 - sqlalchemy.engine.Engine - INFO - [cached since 0.08401s ago] (10,)
2026-05-08 14:15:18,672 - sqlalchemy.engine.Engine - INFO - SELECT exerciseset.id, exerciseset.exercise_id, exerciseset.weight, exerciseset.reps, exerciseset.peak_hr, exerciseset.rest_hr, exerciseset.score, exerciseset.created_at 
FROM exerciseset 
WHERE exerciseset.exercise_id = $1::INTEGER ORDER BY exerciseset.id DESC
2026-05-08 14:15:18,672 - sqlalchemy.engine.Engine - INFO - [cached since 0.08465s ago] (11,)
2026-05-08 14:15:18,673 - sqlalchemy.engine.Engine - INFO - SELECT memory_summary.id, memory_summary.session_id, memory_summary.thread_id, memory_summary.scope, memory_summary.source_message_count, memory_summary.summary_text, memory_summary.summary_json, memory_summary.created_at 
FROM memory_summary 
WHERE memory_summary.session_id = $1::VARCHAR ORDER BY memory_summary.created_at DESC 
 LIMIT $2::INTEGER
2026-05-08 14:15:18,673 - sqlalchemy.engine.Engine - INFO - [cached since 0.08229s ago] ('12A3C', 100)
2026-05-08 14:15:18,674 - sqlalchemy.engine.Engine - INFO - SELECT planexercise.id, planexercise.plan_id, planexercise.exercise_base_id, planexercise.order_index, planexercise.created_at, base_exercise.name 
FROM planexercise JOIN base_exercise ON planexercise.exercise_base_id = base_exercise.id 
WHERE planexercise.plan_id = $1::INTEGER
2026-05-08 14:15:18,674 - sqlalchemy.engine.Engine - INFO - [cached since 0.09106s ago] (9,)
2026-05-08 14:15:18,674 - sqlalchemy.engine.Engine - INFO - SELECT exerciseset.id, exerciseset.exercise_id, exerciseset.weight, exerciseset.reps, exerciseset.peak_hr, exerciseset.rest_hr, exerciseset.score, exerciseset.created_at 
FROM exerciseset 
WHERE exerciseset.exercise_id = $1::INTEGER ORDER BY exerciseset.id DESC
2026-05-08 14:15:18,675 - sqlalchemy.engine.Engine - INFO - [cached since 0.08702s ago] (9,)
2026-05-08 14:15:18,675 - sqlalchemy.engine.Engine - INFO - SELECT memory_summary.id, memory_summary.session_id, memory_summary.thread_id, memory_summary.scope, memory_summary.source_message_count, memory_summary.summary_text, memory_summary.summary_json, memory_summary.created_at 
FROM memory_summary 
WHERE memory_summary.session_id = $1::VARCHAR ORDER BY memory_summary.created_at DESC 
 LIMIT $2::INTEGER
2026-05-08 14:15:18,675 - sqlalchemy.engine.Engine - INFO - [cached since 0.08469s ago] ('12A3C', 100)
2026-05-08 14:15:18,676 - sqlalchemy.engine.Engine - INFO - SELECT planexercise.id, planexercise.plan_id, planexercise.exercise_base_id, planexercise.order_index, planexercise.created_at, base_exercise.name 
FROM planexercise JOIN base_exercise ON planexercise.exercise_base_id = base_exercise.id 
WHERE planexercise.plan_id = $1::INTEGER
2026-05-08 14:15:18,676 - sqlalchemy.engine.Engine - INFO - [cached since 0.09385s ago] (8,)
2026-05-08 14:15:18,678 - sqlalchemy.engine.Engine - INFO - SELECT exerciseset.id, exerciseset.exercise_id, exerciseset.weight, exerciseset.reps, exerciseset.peak_hr, exerciseset.rest_hr, exerciseset.score, exerciseset.created_at 
FROM exerciseset 
WHERE exerciseset.exercise_id = $1::INTEGER ORDER BY exerciseset.id DESC
2026-05-08 14:15:18,678 - sqlalchemy.engine.Engine - INFO - [cached since 0.08996s ago] (8,)
2026-05-08 14:15:18,679 - sqlalchemy.engine.Engine - INFO - SELECT memory_summary.id, memory_summary.session_id, memory_summary.thread_id, memory_summary.scope, memory_summary.source_message_count, memory_summary.summary_text, memory_summary.summary_json, memory_summary.created_at 
FROM memory_summary 
WHERE memory_summary.session_id = $1::VARCHAR ORDER BY memory_summary.created_at DESC 
 LIMIT $2::INTEGER
2026-05-08 14:15:18,679 - sqlalchemy.engine.Engine - INFO - [cached since 0.0877s ago] ('12A3C', 100)
2026-05-08 14:15:18,679 - sqlalchemy.engine.Engine - INFO - SELECT planexercise.id, planexercise.plan_id, planexercise.exercise_base_id, planexercise.order_index, planexercise.created_at, base_exercise.name 
FROM planexercise JOIN base_exercise ON planexercise.exercise_base_id = base_exercise.id 
WHERE planexercise.plan_id = $1::INTEGER
2026-05-08 14:15:18,679 - sqlalchemy.engine.Engine - INFO - [cached since 0.09645s ago] (7,)
2026-05-08 14:15:18,680 - sqlalchemy.engine.Engine - INFO - SELECT exerciseset.id, exerciseset.exercise_id, exerciseset.weight, exerciseset.reps, exerciseset.peak_hr, exerciseset.rest_hr, exerciseset.score, exerciseset.created_at 
FROM exerciseset 
WHERE exerciseset.exercise_id = $1::INTEGER ORDER BY exerciseset.id DESC
2026-05-08 14:15:18,680 - sqlalchemy.engine.Engine - INFO - [cached since 0.09241s ago] (7,)
2026-05-08 14:15:18,681 - sqlalchemy.engine.Engine - INFO - SELECT memory_summary.id, memory_summary.session_id, memory_summary.thread_id, memory_summary.scope, memory_summary.source_message_count, memory_summary.summary_text, memory_summary.summary_json, memory_summary.created_at 
FROM memory_summary 
WHERE memory_summary.session_id = $1::VARCHAR ORDER BY memory_summary.created_at DESC 
 LIMIT $2::INTEGER
2026-05-08 14:15:18,681 - sqlalchemy.engine.Engine - INFO - [cached since 0.09003s ago] ('12A3C', 100)
2026-05-08 14:15:18,681 - sqlalchemy.engine.Engine - INFO - SELECT planexercise.id, planexercise.plan_id, planexercise.exercise_base_id, planexercise.order_index, planexercise.created_at, base_exercise.name 
FROM planexercise JOIN base_exercise ON planexercise.exercise_base_id = base_exercise.id 
WHERE planexercise.plan_id = $1::INTEGER
2026-05-08 14:15:18,681 - sqlalchemy.engine.Engine - INFO - [cached since 0.09872s ago] (6,)
2026-05-08 14:15:18,683 - sqlalchemy.engine.Engine - INFO - SELECT exerciseset.id, exerciseset.exercise_id, exerciseset.weight, exerciseset.reps, exerciseset.peak_hr, exerciseset.rest_hr, exerciseset.score, exerciseset.created_at 
FROM exerciseset 
WHERE exerciseset.exercise_id = $1::INTEGER ORDER BY exerciseset.id DESC
2026-05-08 14:15:18,683 - sqlalchemy.engine.Engine - INFO - [cached since 0.09473s ago] (6,)
2026-05-08 14:15:18,684 - sqlalchemy.engine.Engine - INFO - SELECT memory_summary.id, memory_summary.session_id, memory_summary.thread_id, memory_summary.scope, memory_summary.source_message_count, memory_summary.summary_text, memory_summary.summary_json, memory_summary.created_at 
FROM memory_summary 
WHERE memory_summary.session_id = $1::VARCHAR ORDER BY memory_summary.created_at DESC 
 LIMIT $2::INTEGER
2026-05-08 14:15:18,684 - sqlalchemy.engine.Engine - INFO - [cached since 0.0926s ago] ('12A3C', 100)
2026-05-08 14:15:18,685 - sqlalchemy.engine.Engine - INFO - SELECT planexercise.id, planexercise.plan_id, planexercise.exercise_base_id, planexercise.order_index, planexercise.created_at, base_exercise.name 
FROM planexercise JOIN base_exercise ON planexercise.exercise_base_id = base_exercise.id 
WHERE planexercise.plan_id = $1::INTEGER
2026-05-08 14:15:18,685 - sqlalchemy.engine.Engine - INFO - [cached since 0.1015s ago] (5,)
2026-05-08 14:15:18,685 - sqlalchemy.engine.Engine - INFO - SELECT exerciseset.id, exerciseset.exercise_id, exerciseset.weight, exerciseset.reps, exerciseset.peak_hr, exerciseset.rest_hr, exerciseset.score, exerciseset.created_at 
FROM exerciseset 
WHERE exerciseset.exercise_id = $1::INTEGER ORDER BY exerciseset.id DESC
2026-05-08 14:15:18,686 - sqlalchemy.engine.Engine - INFO - [cached since 0.09754s ago] (5,)
2026-05-08 14:15:18,686 - sqlalchemy.engine.Engine - INFO - SELECT memory_summary.id, memory_summary.session_id, memory_summary.thread_id, memory_summary.scope, memory_summary.source_message_count, memory_summary.summary_text, memory_summary.summary_json, memory_summary.created_at 
FROM memory_summary 
WHERE memory_summary.session_id = $1::VARCHAR ORDER BY memory_summary.created_at DESC 
 LIMIT $2::INTEGER
2026-05-08 14:15:18,686 - sqlalchemy.engine.Engine - INFO - [cached since 0.0952s ago] ('12A3C', 100)
2026-05-08 14:15:18,687 - sqlalchemy.engine.Engine - INFO - SELECT planexercise.id, planexercise.plan_id, planexercise.exercise_base_id, planexercise.order_index, planexercise.created_at, base_exercise.name 
FROM planexercise JOIN base_exercise ON planexercise.exercise_base_id = base_exercise.id 
WHERE planexercise.plan_id = $1::INTEGER
2026-05-08 14:15:18,687 - sqlalchemy.engine.Engine - INFO - [cached since 0.104s ago] (4,)
2026-05-08 14:15:18,688 - sqlalchemy.engine.Engine - INFO - SELECT exerciseset.id, exerciseset.exercise_id, exerciseset.weight, exerciseset.reps, exerciseset.peak_hr, exerciseset.rest_hr, exerciseset.score, exerciseset.created_at 
FROM exerciseset 
WHERE exerciseset.exercise_id = $1::INTEGER ORDER BY exerciseset.id DESC
2026-05-08 14:15:18,688 - sqlalchemy.engine.Engine - INFO - [cached since 0.09994s ago] (4,)
2026-05-08 14:15:18,688 - sqlalchemy.engine.Engine - INFO - SELECT memory_summary.id, memory_summary.session_id, memory_summary.thread_id, memory_summary.scope, memory_summary.source_message_count, memory_summary.summary_text, memory_summary.summary_json, memory_summary.created_at 
FROM memory_summary 
WHERE memory_summary.session_id = $1::VARCHAR ORDER BY memory_summary.created_at DESC 
 LIMIT $2::INTEGER
2026-05-08 14:15:18,688 - sqlalchemy.engine.Engine - INFO - [cached since 0.0976s ago] ('12A3C', 100)
2026-05-08 14:15:18,689 - sqlalchemy.engine.Engine - INFO - SELECT planexercise.id, planexercise.plan_id, planexercise.exercise_base_id, planexercise.order_index, planexercise.created_at, base_exercise.name 
FROM planexercise JOIN base_exercise ON planexercise.exercise_base_id = base_exercise.id 
WHERE planexercise.plan_id = $1::INTEGER
2026-05-08 14:15:18,690 - sqlalchemy.engine.Engine - INFO - [cached since 0.1069s ago] (3,)
2026-05-08 14:15:18,691 - sqlalchemy.engine.Engine - INFO - SELECT exerciseset.id, exerciseset.exercise_id, exerciseset.weight, exerciseset.reps, exerciseset.peak_hr, exerciseset.rest_hr, exerciseset.score, exerciseset.created_at 
FROM exerciseset 
WHERE exerciseset.exercise_id = $1::INTEGER ORDER BY exerciseset.id DESC
2026-05-08 14:15:18,691 - sqlalchemy.engine.Engine - INFO - [cached since 0.1031s ago] (3,)
2026-05-08 14:15:18,691 - sqlalchemy.engine.Engine - INFO - SELECT memory_summary.id, memory_summary.session_id, memory_summary.thread_id, memory_summary.scope, memory_summary.source_message_count, memory_summary.summary_text, memory_summary.summary_json, memory_summary.created_at 
FROM memory_summary 
WHERE memory_summary.session_id = $1::VARCHAR ORDER BY memory_summary.created_at DESC 
 LIMIT $2::INTEGER
2026-05-08 14:15:18,691 - sqlalchemy.engine.Engine - INFO - [cached since 0.1009s ago] ('12A3C', 100)
2026-05-08 14:15:18,692 - sqlalchemy.engine.Engine - INFO - SELECT planexercise.id, planexercise.plan_id, planexercise.exercise_base_id, planexercise.order_index, planexercise.created_at, base_exercise.name 
FROM planexercise JOIN base_exercise ON planexercise.exercise_base_id = base_exercise.id 
WHERE planexercise.plan_id = $1::INTEGER
2026-05-08 14:15:18,692 - sqlalchemy.engine.Engine - INFO - [cached since 0.1097s ago] (2,)
2026-05-08 14:15:18,693 - sqlalchemy.engine.Engine - INFO - SELECT exerciseset.id, exerciseset.exercise_id, exerciseset.weight, exerciseset.reps, exerciseset.peak_hr, exerciseset.rest_hr, exerciseset.score, exerciseset.created_at 
FROM exerciseset 
WHERE exerciseset.exercise_id = $1::INTEGER ORDER BY exerciseset.id DESC
2026-05-08 14:15:18,693 - sqlalchemy.engine.Engine - INFO - [cached since 0.1057s ago] (2,)
2026-05-08 14:15:18,694 - sqlalchemy.engine.Engine - INFO - SELECT memory_summary.id, memory_summary.session_id, memory_summary.thread_id, memory_summary.scope, memory_summary.source_message_count, memory_summary.summary_text, memory_summary.summary_json, memory_summary.created_at 
FROM memory_summary 
WHERE memory_summary.session_id = $1::VARCHAR ORDER BY memory_summary.created_at DESC 
 LIMIT $2::INTEGER
2026-05-08 14:15:18,694 - sqlalchemy.engine.Engine - INFO - [cached since 0.1033s ago] ('12A3C', 100)
2026-05-08 14:15:18,695 - sqlalchemy.engine.Engine - INFO - SELECT planexercise.id, planexercise.plan_id, planexercise.exercise_base_id, planexercise.order_index, planexercise.created_at, base_exercise.name 
FROM planexercise JOIN base_exercise ON planexercise.exercise_base_id = base_exercise.id 
WHERE planexercise.plan_id = $1::INTEGER
2026-05-08 14:15:18,695 - sqlalchemy.engine.Engine - INFO - [cached since 0.112s ago] (1,)
2026-05-08 14:15:18,695 - sqlalchemy.engine.Engine - INFO - SELECT exerciseset.id, exerciseset.exercise_id, exerciseset.weight, exerciseset.reps, exerciseset.peak_hr, exerciseset.rest_hr, exerciseset.score, exerciseset.created_at 
FROM exerciseset 
WHERE exerciseset.exercise_id = $1::INTEGER ORDER BY exerciseset.id DESC
2026-05-08 14:15:18,695 - sqlalchemy.engine.Engine - INFO - [cached since 0.1079s ago] (1,)
2026-05-08 14:15:18,696 - sqlalchemy.engine.Engine - INFO - SELECT memory_summary.id, memory_summary.session_id, memory_summary.thread_id, memory_summary.scope, memory_summary.source_message_count, memory_summary.summary_text, memory_summary.summary_json, memory_summary.created_at 
FROM memory_summary 
WHERE memory_summary.session_id = $1::VARCHAR ORDER BY memory_summary.created_at DESC 
 LIMIT $2::INTEGER
2026-05-08 14:15:18,696 - sqlalchemy.engine.Engine - INFO - [cached since 0.1057s ago] ('12A3C', 100)
2026-05-08 14:15:18,698 - sqlalchemy.engine.Engine - INFO - ROLLBACK
2026-05-12 23:00:35,728 - sqlalchemy.engine.Engine - INFO - select pg_catalog.version()
2026-05-12 23:00:35,729 - sqlalchemy.engine.Engine - INFO - [raw sql] ()
2026-05-12 23:00:35,739 - sqlalchemy.engine.Engine - INFO - select current_schema()
2026-05-12 23:00:35,739 - sqlalchemy.engine.Engine - INFO - [raw sql] ()
2026-05-12 23:00:35,741 - sqlalchemy.engine.Engine - INFO - show standard_conforming_strings
2026-05-12 23:00:35,741 - sqlalchemy.engine.Engine - INFO - [raw sql] ()
2026-05-12 23:00:35,742 - sqlalchemy.engine.Engine - INFO - BEGIN (implicit)
2026-05-12 23:00:35,745 - sqlalchemy.engine.Engine - INFO - SELECT pg_catalog.pg_class.relname 
FROM pg_catalog.pg_class JOIN pg_catalog.pg_namespace ON pg_catalog.pg_namespace.oid = pg_catalog.pg_class.relnamespace 
WHERE pg_catalog.pg_class.relname = $1::VARCHAR AND pg_catalog.pg_class.relkind = ANY (ARRAY[$2::VARCHAR, $3::VARCHAR, $4::VARCHAR, $5::VARCHAR, $6::VARCHAR]) AND pg_catalog.pg_table_is_visible(pg_catalog.pg_class.oid) AND pg_catalog.pg_namespace.nspname != $7::VARCHAR
2026-05-12 23:00:35,745 - sqlalchemy.engine.Engine - INFO - [generated in 0.00029s] ('base_exercise', 'r', 'p', 'f', 'v', 'm', 'pg_catalog')
2026-05-12 23:00:35,779 - sqlalchemy.engine.Engine - INFO - SELECT pg_catalog.pg_class.relname 
FROM pg_catalog.pg_class JOIN pg_catalog.pg_namespace ON pg_catalog.pg_namespace.oid = pg_catalog.pg_class.relnamespace 
WHERE pg_catalog.pg_class.relname = $1::VARCHAR AND pg_catalog.pg_class.relkind = ANY (ARRAY[$2::VARCHAR, $3::VARCHAR, $4::VARCHAR, $5::VARCHAR, $6::VARCHAR]) AND pg_catalog.pg_table_is_visible(pg_catalog.pg_class.oid) AND pg_catalog.pg_namespace.nspname != $7::VARCHAR
2026-05-12 23:00:35,779 - sqlalchemy.engine.Engine - INFO - [cached since 0.03407s ago] ('workoutplan', 'r', 'p', 'f', 'v', 'm', 'pg_catalog')
2026-05-12 23:00:35,780 - sqlalchemy.engine.Engine - INFO - SELECT pg_catalog.pg_class.relname 
FROM pg_catalog.pg_class JOIN pg_catalog.pg_namespace ON pg_catalog.pg_namespace.oid = pg_catalog.pg_class.relnamespace 
WHERE pg_catalog.pg_class.relname = $1::VARCHAR AND pg_catalog.pg_class.relkind = ANY (ARRAY[$2::VARCHAR, $3::VARCHAR, $4::VARCHAR, $5::VARCHAR, $6::VARCHAR]) AND pg_catalog.pg_table_is_visible(pg_catalog.pg_class.oid) AND pg_catalog.pg_namespace.nspname != $7::VARCHAR
2026-05-12 23:00:35,780 - sqlalchemy.engine.Engine - INFO - [cached since 0.03487s ago] ('planexercise', 'r', 'p', 'f', 'v', 'm', 'pg_catalog')
2026-05-12 23:00:35,780 - sqlalchemy.engine.Engine - INFO - SELECT pg_catalog.pg_class.relname 
FROM pg_catalog.pg_class JOIN pg_catalog.pg_namespace ON pg_catalog.pg_namespace.oid = pg_catalog.pg_class.relnamespace 
WHERE pg_catalog.pg_class.relname = $1::VARCHAR AND pg_catalog.pg_class.relkind = ANY (ARRAY[$2::VARCHAR, $3::VARCHAR, $4::VARCHAR, $5::VARCHAR, $6::VARCHAR]) AND pg_catalog.pg_table_is_visible(pg_catalog.pg_class.oid) AND pg_catalog.pg_namespace.nspname != $7::VARCHAR
2026-05-12 23:00:35,780 - sqlalchemy.engine.Engine - INFO - [cached since 0.03545s ago] ('exerciseset', 'r', 'p', 'f', 'v', 'm', 'pg_catalog')
2026-05-12 23:00:35,782 - sqlalchemy.engine.Engine - INFO - SELECT pg_catalog.pg_class.relname 
FROM pg_catalog.pg_class JOIN pg_catalog.pg_namespace ON pg_catalog.pg_namespace.oid = pg_catalog.pg_class.relnamespace 
WHERE pg_catalog.pg_class.relname = $1::VARCHAR AND pg_catalog.pg_class.relkind = ANY (ARRAY[$2::VARCHAR, $3::VARCHAR, $4::VARCHAR, $5::VARCHAR, $6::VARCHAR]) AND pg_catalog.pg_table_is_visible(pg_catalog.pg_class.oid) AND pg_catalog.pg_namespace.nspname != $7::VARCHAR
2026-05-12 23:00:35,782 - sqlalchemy.engine.Engine - INFO - [cached since 0.03608s ago] ('user', 'r', 'p', 'f', 'v', 'm', 'pg_catalog')
2026-05-12 23:00:35,782 - sqlalchemy.engine.Engine - INFO - SELECT pg_catalog.pg_class.relname 
FROM pg_catalog.pg_class JOIN pg_catalog.pg_namespace ON pg_catalog.pg_namespace.oid = pg_catalog.pg_class.relnamespace 
WHERE pg_catalog.pg_class.relname = $1::VARCHAR AND pg_catalog.pg_class.relkind = ANY (ARRAY[$2::VARCHAR, $3::VARCHAR, $4::VARCHAR, $5::VARCHAR, $6::VARCHAR]) AND pg_catalog.pg_table_is_visible(pg_catalog.pg_class.oid) AND pg_catalog.pg_namespace.nspname != $7::VARCHAR
2026-05-12 23:00:35,782 - sqlalchemy.engine.Engine - INFO - [cached since 0.03664s ago] ('memory_summary', 'r', 'p', 'f', 'v', 'm', 'pg_catalog')
2026-05-12 23:00:35,783 - sqlalchemy.engine.Engine - INFO - COMMIT
2026-05-12 23:01:04,033 - sqlalchemy.engine.Engine - INFO - BEGIN (implicit)
2026-05-12 23:01:04,044 - sqlalchemy.engine.Engine - INFO - SELECT "user".session_id, "user".name, "user".age, "user".height, "user".weight 
FROM "user" 
WHERE "user".session_id = $1::VARCHAR
2026-05-12 23:01:04,044 - sqlalchemy.engine.Engine - INFO - [generated in 0.00028s] ('12A3C',)
2026-05-12 23:01:04,053 - sqlalchemy.engine.Engine - INFO - ROLLBACK
2026-05-12 23:01:10,640 - sqlalchemy.engine.Engine - INFO - BEGIN (implicit)
2026-05-12 23:01:10,641 - sqlalchemy.engine.Engine - INFO - SELECT workoutplan.id, workoutplan.session_id, workoutplan.plan_name, workoutplan.created_at, workoutplan.plan_summary 
FROM workoutplan 
WHERE workoutplan.session_id = $1::VARCHAR ORDER BY workoutplan.created_at DESC
2026-05-12 23:01:10,641 - sqlalchemy.engine.Engine - INFO - [generated in 0.00016s] ('12A3C',)
2026-05-12 23:01:10,650 - sqlalchemy.engine.Engine - INFO - ROLLBACK
2026-05-12 23:01:40,459 - sqlalchemy.engine.Engine - INFO - BEGIN (implicit)
2026-05-12 23:01:40,459 - sqlalchemy.engine.Engine - INFO - SELECT "user".session_id, "user".name, "user".age, "user".height, "user".weight 
FROM "user" 
WHERE "user".session_id = $1::VARCHAR
2026-05-12 23:01:40,460 - sqlalchemy.engine.Engine - INFO - [cached since 36.42s ago] ('12a3c',)
2026-05-12 23:01:40,461 - sqlalchemy.engine.Engine - INFO - ROLLBACK
2026-05-12 23:01:43,283 - sqlalchemy.engine.Engine - INFO - BEGIN (implicit)
2026-05-12 23:01:43,284 - sqlalchemy.engine.Engine - INFO - SELECT "user".session_id, "user".name, "user".age, "user".height, "user".weight 
FROM "user" 
WHERE "user".session_id = $1::VARCHAR
2026-05-12 23:01:43,284 - sqlalchemy.engine.Engine - INFO - [cached since 39.24s ago] ('12A3C',)
2026-05-12 23:01:43,285 - sqlalchemy.engine.Engine - INFO - ROLLBACK
2026-05-12 23:01:53,310 - sqlalchemy.engine.Engine - INFO - BEGIN (implicit)
2026-05-12 23:01:53,310 - sqlalchemy.engine.Engine - INFO - SELECT "user".session_id, "user".name, "user".age, "user".height, "user".weight 
FROM "user" 
WHERE "user".session_id = $1::VARCHAR
2026-05-12 23:01:53,310 - sqlalchemy.engine.Engine - INFO - [cached since 49.27s ago] ('12A3C',)
2026-05-12 23:01:53,311 - sqlalchemy.engine.Engine - INFO - ROLLBACK
2026-05-12 23:01:59,588 - sqlalchemy.engine.Engine - INFO - BEGIN (implicit)
2026-05-12 23:01:59,589 - sqlalchemy.engine.Engine - INFO - INSERT INTO workoutplan (session_id, plan_name, created_at, plan_summary) VALUES ($1::VARCHAR, $2::VARCHAR, $3::TIMESTAMP WITHOUT TIME ZONE, $4::VARCHAR) RETURNING workoutplan.id
2026-05-12 23:01:59,589 - sqlalchemy.engine.Engine - INFO - [generated in 0.00047s] ('12A3C', '胸部训练', datetime.datetime(2026, 5, 12, 23, 1, 59, 587033), None)
2026-05-12 23:01:59,590 - sqlalchemy.engine.Engine - INFO - ROLLBACK
2026-05-12 23:02:33,545 - sqlalchemy.engine.Engine - INFO - select pg_catalog.version()
2026-05-12 23:02:33,546 - sqlalchemy.engine.Engine - INFO - [raw sql] ()
2026-05-12 23:02:33,548 - sqlalchemy.engine.Engine - INFO - select current_schema()
2026-05-12 23:02:33,548 - sqlalchemy.engine.Engine - INFO - [raw sql] ()
2026-05-12 23:02:33,548 - sqlalchemy.engine.Engine - INFO - show standard_conforming_strings
2026-05-12 23:02:33,548 - sqlalchemy.engine.Engine - INFO - [raw sql] ()
2026-05-12 23:02:33,549 - sqlalchemy.engine.Engine - INFO - BEGIN (implicit)
2026-05-12 23:02:33,552 - sqlalchemy.engine.Engine - INFO - SELECT pg_catalog.pg_class.relname 
FROM pg_catalog.pg_class JOIN pg_catalog.pg_namespace ON pg_catalog.pg_namespace.oid = pg_catalog.pg_class.relnamespace 
WHERE pg_catalog.pg_class.relname = $1::VARCHAR AND pg_catalog.pg_class.relkind = ANY (ARRAY[$2::VARCHAR, $3::VARCHAR, $4::VARCHAR, $5::VARCHAR, $6::VARCHAR]) AND pg_catalog.pg_table_is_visible(pg_catalog.pg_class.oid) AND pg_catalog.pg_namespace.nspname != $7::VARCHAR
2026-05-12 23:02:33,552 - sqlalchemy.engine.Engine - INFO - [generated in 0.00027s] ('base_exercise', 'r', 'p', 'f', 'v', 'm', 'pg_catalog')
2026-05-12 23:02:33,559 - sqlalchemy.engine.Engine - INFO - SELECT pg_catalog.pg_class.relname 
FROM pg_catalog.pg_class JOIN pg_catalog.pg_namespace ON pg_catalog.pg_namespace.oid = pg_catalog.pg_class.relnamespace 
WHERE pg_catalog.pg_class.relname = $1::VARCHAR AND pg_catalog.pg_class.relkind = ANY (ARRAY[$2::VARCHAR, $3::VARCHAR, $4::VARCHAR, $5::VARCHAR, $6::VARCHAR]) AND pg_catalog.pg_table_is_visible(pg_catalog.pg_class.oid) AND pg_catalog.pg_namespace.nspname != $7::VARCHAR
2026-05-12 23:02:33,559 - sqlalchemy.engine.Engine - INFO - [cached since 0.006439s ago] ('workoutplan', 'r', 'p', 'f', 'v', 'm', 'pg_catalog')
2026-05-12 23:02:33,559 - sqlalchemy.engine.Engine - INFO - SELECT pg_catalog.pg_class.relname 
FROM pg_catalog.pg_class JOIN pg_catalog.pg_namespace ON pg_catalog.pg_namespace.oid = pg_catalog.pg_class.relnamespace 
WHERE pg_catalog.pg_class.relname = $1::VARCHAR AND pg_catalog.pg_class.relkind = ANY (ARRAY[$2::VARCHAR, $3::VARCHAR, $4::VARCHAR, $5::VARCHAR, $6::VARCHAR]) AND pg_catalog.pg_table_is_visible(pg_catalog.pg_class.oid) AND pg_catalog.pg_namespace.nspname != $7::VARCHAR
2026-05-12 23:02:33,559 - sqlalchemy.engine.Engine - INFO - [cached since 0.007284s ago] ('planexercise', 'r', 'p', 'f', 'v', 'm', 'pg_catalog')
2026-05-12 23:02:33,560 - sqlalchemy.engine.Engine - INFO - SELECT pg_catalog.pg_class.relname 
FROM pg_catalog.pg_class JOIN pg_catalog.pg_namespace ON pg_catalog.pg_namespace.oid = pg_catalog.pg_class.relnamespace 
WHERE pg_catalog.pg_class.relname = $1::VARCHAR AND pg_catalog.pg_class.relkind = ANY (ARRAY[$2::VARCHAR, $3::VARCHAR, $4::VARCHAR, $5::VARCHAR, $6::VARCHAR]) AND pg_catalog.pg_table_is_visible(pg_catalog.pg_class.oid) AND pg_catalog.pg_namespace.nspname != $7::VARCHAR
2026-05-12 23:02:33,560 - sqlalchemy.engine.Engine - INFO - [cached since 0.007847s ago] ('exerciseset', 'r', 'p', 'f', 'v', 'm', 'pg_catalog')
2026-05-12 23:02:33,560 - sqlalchemy.engine.Engine - INFO - SELECT pg_catalog.pg_class.relname 
FROM pg_catalog.pg_class JOIN pg_catalog.pg_namespace ON pg_catalog.pg_namespace.oid = pg_catalog.pg_class.relnamespace 
WHERE pg_catalog.pg_class.relname = $1::VARCHAR AND pg_catalog.pg_class.relkind = ANY (ARRAY[$2::VARCHAR, $3::VARCHAR, $4::VARCHAR, $5::VARCHAR, $6::VARCHAR]) AND pg_catalog.pg_table_is_visible(pg_catalog.pg_class.oid) AND pg_catalog.pg_namespace.nspname != $7::VARCHAR
2026-05-12 23:02:33,560 - sqlalchemy.engine.Engine - INFO - [cached since 0.008395s ago] ('user', 'r', 'p', 'f', 'v', 'm', 'pg_catalog')
2026-05-12 23:02:33,561 - sqlalchemy.engine.Engine - INFO - SELECT pg_catalog.pg_class.relname 
FROM pg_catalog.pg_class JOIN pg_catalog.pg_namespace ON pg_catalog.pg_namespace.oid = pg_catalog.pg_class.relnamespace 
WHERE pg_catalog.pg_class.relname = $1::VARCHAR AND pg_catalog.pg_class.relkind = ANY (ARRAY[$2::VARCHAR, $3::VARCHAR, $4::VARCHAR, $5::VARCHAR, $6::VARCHAR]) AND pg_catalog.pg_table_is_visible(pg_catalog.pg_class.oid) AND pg_catalog.pg_namespace.nspname != $7::VARCHAR
2026-05-12 23:02:33,561 - sqlalchemy.engine.Engine - INFO - [cached since 0.009398s ago] ('memory_summary', 'r', 'p', 'f', 'v', 'm', 'pg_catalog')
2026-05-12 23:02:33,562 - sqlalchemy.engine.Engine - INFO - COMMIT
2026-05-12 23:02:50,643 - sqlalchemy.engine.Engine - INFO - BEGIN (implicit)
2026-05-12 23:02:50,653 - sqlalchemy.engine.Engine - INFO - SELECT "user".session_id, "user".name, "user".age, "user".height, "user".weight 
FROM "user" 
WHERE "user".session_id = $1::VARCHAR
2026-05-12 23:02:50,653 - sqlalchemy.engine.Engine - INFO - [generated in 0.00032s] ('12A3C',)
2026-05-12 23:02:50,657 - sqlalchemy.engine.Engine - INFO - ROLLBACK
2026-05-12 23:02:52,593 - sqlalchemy.engine.Engine - INFO - BEGIN (implicit)
2026-05-12 23:02:52,595 - sqlalchemy.engine.Engine - INFO - INSERT INTO workoutplan (session_id, plan_name, created_at, plan_summary) VALUES ($1::VARCHAR, $2::VARCHAR, $3::TIMESTAMP WITHOUT TIME ZONE, $4::VARCHAR) RETURNING workoutplan.id
2026-05-12 23:02:52,595 - sqlalchemy.engine.Engine - INFO - [generated in 0.00026s] ('12A3C', '胸部训练', datetime.datetime(2026, 5, 12, 23, 2, 52, 593501), None)
2026-05-12 23:02:52,598 - sqlalchemy.engine.Engine - INFO - ROLLBACK
2026-05-12 23:03:17,212 - sqlalchemy.engine.Engine - INFO - BEGIN (implicit)
2026-05-12 23:03:17,212 - sqlalchemy.engine.Engine - INFO - INSERT INTO workoutplan (session_id, plan_name, created_at, plan_summary) VALUES ($1::VARCHAR, $2::VARCHAR, $3::TIMESTAMP WITHOUT TIME ZONE, $4::VARCHAR) RETURNING workoutplan.id
2026-05-12 23:03:17,212 - sqlalchemy.engine.Engine - INFO - [cached since 24.62s ago] ('12A3C', '全身训练', datetime.datetime(2026, 5, 12, 23, 3, 17, 211466), None)
2026-05-12 23:03:17,213 - sqlalchemy.engine.Engine - INFO - ROLLBACK
2026-05-12 23:03:28,414 - sqlalchemy.engine.Engine - INFO - BEGIN (implicit)
2026-05-12 23:03:28,415 - sqlalchemy.engine.Engine - INFO - INSERT INTO workoutplan (session_id, plan_name, created_at, plan_summary) VALUES ($1::VARCHAR, $2::VARCHAR, $3::TIMESTAMP WITHOUT TIME ZONE, $4::VARCHAR) RETURNING workoutplan.id
2026-05-12 23:03:28,415 - sqlalchemy.engine.Engine - INFO - [cached since 35.82s ago] ('12A3C', '背部训练', datetime.datetime(2026, 5, 12, 23, 3, 28, 413773), None)
2026-05-12 23:03:28,416 - sqlalchemy.engine.Engine - INFO - ROLLBACK
2026-05-12 23:07:41,427 - sqlalchemy.engine.Engine - INFO - select pg_catalog.version()
2026-05-12 23:07:41,427 - sqlalchemy.engine.Engine - INFO - [raw sql] ()
2026-05-12 23:07:41,429 - sqlalchemy.engine.Engine - INFO - select current_schema()
2026-05-12 23:07:41,429 - sqlalchemy.engine.Engine - INFO - [raw sql] ()
2026-05-12 23:07:41,430 - sqlalchemy.engine.Engine - INFO - show standard_conforming_strings
2026-05-12 23:07:41,430 - sqlalchemy.engine.Engine - INFO - [raw sql] ()
2026-05-12 23:07:41,431 - sqlalchemy.engine.Engine - INFO - BEGIN (implicit)
2026-05-12 23:07:41,433 - sqlalchemy.engine.Engine - INFO - SELECT pg_catalog.pg_class.relname 
FROM pg_catalog.pg_class JOIN pg_catalog.pg_namespace ON pg_catalog.pg_namespace.oid = pg_catalog.pg_class.relnamespace 
WHERE pg_catalog.pg_class.relname = $1::VARCHAR AND pg_catalog.pg_class.relkind = ANY (ARRAY[$2::VARCHAR, $3::VARCHAR, $4::VARCHAR, $5::VARCHAR, $6::VARCHAR]) AND pg_catalog.pg_table_is_visible(pg_catalog.pg_class.oid) AND pg_catalog.pg_namespace.nspname != $7::VARCHAR
2026-05-12 23:07:41,433 - sqlalchemy.engine.Engine - INFO - [generated in 0.00034s] ('base_exercise', 'r', 'p', 'f', 'v', 'm', 'pg_catalog')
2026-05-12 23:07:41,439 - sqlalchemy.engine.Engine - INFO - SELECT pg_catalog.pg_class.relname 
FROM pg_catalog.pg_class JOIN pg_catalog.pg_namespace ON pg_catalog.pg_namespace.oid = pg_catalog.pg_class.relnamespace 
WHERE pg_catalog.pg_class.relname = $1::VARCHAR AND pg_catalog.pg_class.relkind = ANY (ARRAY[$2::VARCHAR, $3::VARCHAR, $4::VARCHAR, $5::VARCHAR, $6::VARCHAR]) AND pg_catalog.pg_table_is_visible(pg_catalog.pg_class.oid) AND pg_catalog.pg_namespace.nspname != $7::VARCHAR
2026-05-12 23:07:41,439 - sqlalchemy.engine.Engine - INFO - [cached since 0.005984s ago] ('workoutplan', 'r', 'p', 'f', 'v', 'm', 'pg_catalog')
2026-05-12 23:07:41,440 - sqlalchemy.engine.Engine - INFO - SELECT pg_catalog.pg_class.relname 
FROM pg_catalog.pg_class JOIN pg_catalog.pg_namespace ON pg_catalog.pg_namespace.oid = pg_catalog.pg_class.relnamespace 
WHERE pg_catalog.pg_class.relname = $1::VARCHAR AND pg_catalog.pg_class.relkind = ANY (ARRAY[$2::VARCHAR, $3::VARCHAR, $4::VARCHAR, $5::VARCHAR, $6::VARCHAR]) AND pg_catalog.pg_table_is_visible(pg_catalog.pg_class.oid) AND pg_catalog.pg_namespace.nspname != $7::VARCHAR
2026-05-12 23:07:41,440 - sqlalchemy.engine.Engine - INFO - [cached since 0.006732s ago] ('planexercise', 'r', 'p', 'f', 'v', 'm', 'pg_catalog')
2026-05-12 23:07:41,441 - sqlalchemy.engine.Engine - INFO - SELECT pg_catalog.pg_class.relname 
FROM pg_catalog.pg_class JOIN pg_catalog.pg_namespace ON pg_catalog.pg_namespace.oid = pg_catalog.pg_class.relnamespace 
WHERE pg_catalog.pg_class.relname = $1::VARCHAR AND pg_catalog.pg_class.relkind = ANY (ARRAY[$2::VARCHAR, $3::VARCHAR, $4::VARCHAR, $5::VARCHAR, $6::VARCHAR]) AND pg_catalog.pg_table_is_visible(pg_catalog.pg_class.oid) AND pg_catalog.pg_namespace.nspname != $7::VARCHAR
2026-05-12 23:07:41,441 - sqlalchemy.engine.Engine - INFO - [cached since 0.007385s ago] ('exerciseset', 'r', 'p', 'f', 'v', 'm', 'pg_catalog')
2026-05-12 23:07:41,441 - sqlalchemy.engine.Engine - INFO - SELECT pg_catalog.pg_class.relname 
FROM pg_catalog.pg_class JOIN pg_catalog.pg_namespace ON pg_catalog.pg_namespace.oid = pg_catalog.pg_class.relnamespace 
WHERE pg_catalog.pg_class.relname = $1::VARCHAR AND pg_catalog.pg_class.relkind = ANY (ARRAY[$2::VARCHAR, $3::VARCHAR, $4::VARCHAR, $5::VARCHAR, $6::VARCHAR]) AND pg_catalog.pg_table_is_visible(pg_catalog.pg_class.oid) AND pg_catalog.pg_namespace.nspname != $7::VARCHAR
2026-05-12 23:07:41,442 - sqlalchemy.engine.Engine - INFO - [cached since 0.008293s ago] ('user', 'r', 'p', 'f', 'v', 'm', 'pg_catalog')
2026-05-12 23:07:41,442 - sqlalchemy.engine.Engine - INFO - SELECT pg_catalog.pg_class.relname 
FROM pg_catalog.pg_class JOIN pg_catalog.pg_namespace ON pg_catalog.pg_namespace.oid = pg_catalog.pg_class.relnamespace 
WHERE pg_catalog.pg_class.relname = $1::VARCHAR AND pg_catalog.pg_class.relkind = ANY (ARRAY[$2::VARCHAR, $3::VARCHAR, $4::VARCHAR, $5::VARCHAR, $6::VARCHAR]) AND pg_catalog.pg_table_is_visible(pg_catalog.pg_class.oid) AND pg_catalog.pg_namespace.nspname != $7::VARCHAR
2026-05-12 23:07:41,442 - sqlalchemy.engine.Engine - INFO - [cached since 0.008977s ago] ('memory_summary', 'r', 'p', 'f', 'v', 'm', 'pg_catalog')
2026-05-12 23:07:41,444 - sqlalchemy.engine.Engine - INFO - 
CREATE TABLE workoutplan (
	id SERIAL NOT NULL, 
	session_id VARCHAR NOT NULL, 
	plan_name VARCHAR NOT NULL, 
	created_at TIMESTAMP WITHOUT TIME ZONE NOT NULL, 
	plan_summary VARCHAR, 
	PRIMARY KEY (id)
)


2026-05-12 23:07:41,444 - sqlalchemy.engine.Engine - INFO - [no key 0.00012s] ()
2026-05-12 23:07:41,518 - sqlalchemy.engine.Engine - INFO - CREATE INDEX ix_workoutplan_session_id ON workoutplan (session_id)
2026-05-12 23:07:41,519 - sqlalchemy.engine.Engine - INFO - [no key 0.00027s] ()
2026-05-12 23:07:41,521 - sqlalchemy.engine.Engine - INFO - 
CREATE TABLE planexercise (
	id SERIAL NOT NULL, 
	plan_id INTEGER NOT NULL, 
	exercise_base_id VARCHAR NOT NULL, 
	order_index INTEGER, 
	created_at TIMESTAMP WITHOUT TIME ZONE NOT NULL, 
	PRIMARY KEY (id), 
	FOREIGN KEY(plan_id) REFERENCES workoutplan (id), 
	FOREIGN KEY(exercise_base_id) REFERENCES base_exercise (id)
)


2026-05-12 23:07:41,521 - sqlalchemy.engine.Engine - INFO - [no key 0.00016s] ()
2026-05-12 23:07:41,529 - sqlalchemy.engine.Engine - INFO - 
CREATE TABLE exerciseset (
	id SERIAL NOT NULL, 
	exercise_id INTEGER NOT NULL, 
	weight FLOAT NOT NULL, 
	reps INTEGER NOT NULL, 
	peak_hr INTEGER NOT NULL, 
	rest_hr INTEGER NOT NULL, 
	score INTEGER NOT NULL, 
	created_at TIMESTAMP WITHOUT TIME ZONE NOT NULL, 
	PRIMARY KEY (id), 
	FOREIGN KEY(exercise_id) REFERENCES planexercise (id)
)


2026-05-12 23:07:41,529 - sqlalchemy.engine.Engine - INFO - [no key 0.00026s] ()
2026-05-12 23:07:41,534 - sqlalchemy.engine.Engine - INFO - COMMIT
2026-05-12 23:08:06,522 - sqlalchemy.engine.Engine - INFO - BEGIN (implicit)
2026-05-12 23:08:06,534 - sqlalchemy.engine.Engine - INFO - SELECT "user".session_id, "user".name, "user".age, "user".height, "user".weight 
FROM "user" 
WHERE "user".session_id = $1::VARCHAR
2026-05-12 23:08:06,535 - sqlalchemy.engine.Engine - INFO - [generated in 0.00036s] ('12A3C',)
2026-05-12 23:08:06,540 - sqlalchemy.engine.Engine - INFO - ROLLBACK
2026-05-12 23:08:07,639 - sqlalchemy.engine.Engine - INFO - BEGIN (implicit)
2026-05-12 23:08:07,640 - sqlalchemy.engine.Engine - INFO - SELECT workoutplan.id, workoutplan.session_id, workoutplan.plan_name, workoutplan.created_at, workoutplan.plan_summary 
FROM workoutplan 
WHERE workoutplan.session_id = $1::VARCHAR ORDER BY workoutplan.created_at DESC
2026-05-12 23:08:07,640 - sqlalchemy.engine.Engine - INFO - [generated in 0.00017s] ('12A3C',)
2026-05-12 23:08:07,645 - sqlalchemy.engine.Engine - INFO - ROLLBACK
2026-05-12 23:08:12,310 - sqlalchemy.engine.Engine - INFO - BEGIN (implicit)
2026-05-12 23:08:12,311 - sqlalchemy.engine.Engine - INFO - INSERT INTO workoutplan (session_id, plan_name, created_at, plan_summary) VALUES ($1::VARCHAR, $2::VARCHAR, $3::TIMESTAMP WITHOUT TIME ZONE, $4::VARCHAR) RETURNING workoutplan.id
2026-05-12 23:08:12,311 - sqlalchemy.engine.Engine - INFO - [generated in 0.00021s] ('12A3C', '胸部训练', datetime.datetime(2026, 5, 12, 23, 8, 12, 309598), None)
2026-05-12 23:08:12,314 - sqlalchemy.engine.Engine - INFO - COMMIT
2026-05-12 23:08:12,315 - sqlalchemy.engine.Engine - INFO - BEGIN (implicit)
2026-05-12 23:08:12,316 - sqlalchemy.engine.Engine - INFO - SELECT workoutplan.id, workoutplan.session_id, workoutplan.plan_name, workoutplan.created_at, workoutplan.plan_summary 
FROM workoutplan 
WHERE workoutplan.id = $1::INTEGER
2026-05-12 23:08:12,316 - sqlalchemy.engine.Engine - INFO - [generated in 0.00038s] (1,)
2026-05-12 23:08:12,320 - sqlalchemy.engine.Engine - INFO - ROLLBACK
2026-05-12 23:08:12,339 - sqlalchemy.engine.Engine - INFO - BEGIN (implicit)
2026-05-12 23:08:12,339 - sqlalchemy.engine.Engine - INFO - 
                SELECT DISTINCT muscle 
                FROM (
                    SELECT jsonb_array_elements_text(primary_muscles) as muscle FROM base_exercise
                    UNION
                    SELECT jsonb_array_elements_text(secondary_muscles) as muscle FROM base_exercise
                ) as combined_muscles
                WHERE muscle IS NOT NULL
                ORDER BY muscle;
            
2026-05-12 23:08:12,339 - sqlalchemy.engine.Engine - INFO - [generated in 0.00015s] ()
2026-05-12 23:08:12,346 - sqlalchemy.engine.Engine - INFO - ROLLBACK
2026-05-12 23:08:12,353 - sqlalchemy.engine.Engine - INFO - BEGIN (implicit)
2026-05-12 23:08:12,353 - sqlalchemy.engine.Engine - INFO - 
                SELECT DISTINCT muscle 
                FROM (
                    SELECT jsonb_array_elements_text(primary_muscles) as muscle FROM base_exercise
                    UNION
                    SELECT jsonb_array_elements_text(secondary_muscles) as muscle FROM base_exercise
                ) as combined_muscles
                WHERE muscle IS NOT NULL
                ORDER BY muscle;
            
2026-05-12 23:08:12,353 - sqlalchemy.engine.Engine - INFO - [cached since 0.0134s ago] ()
2026-05-12 23:08:12,354 - sqlalchemy.engine.Engine - INFO - ROLLBACK
2026-05-12 23:08:37,895 - sqlalchemy.engine.Engine - INFO - BEGIN (implicit)
2026-05-12 23:08:37,896 - sqlalchemy.engine.Engine - INFO - INSERT INTO workoutplan (session_id, plan_name, created_at, plan_summary) VALUES ($1::VARCHAR, $2::VARCHAR, $3::TIMESTAMP WITHOUT TIME ZONE, $4::VARCHAR) RETURNING workoutplan.id
2026-05-12 23:08:37,896 - sqlalchemy.engine.Engine - INFO - [cached since 25.59s ago] ('12A3C', '胸部训练', datetime.datetime(2026, 5, 12, 23, 8, 37, 894884), None)
2026-05-12 23:08:37,897 - sqlalchemy.engine.Engine - INFO - COMMIT
2026-05-12 23:08:37,898 - sqlalchemy.engine.Engine - INFO - BEGIN (implicit)
2026-05-12 23:08:37,898 - sqlalchemy.engine.Engine - INFO - SELECT workoutplan.id, workoutplan.session_id, workoutplan.plan_name, workoutplan.created_at, workoutplan.plan_summary 
FROM workoutplan 
WHERE workoutplan.id = $1::INTEGER
2026-05-12 23:08:37,898 - sqlalchemy.engine.Engine - INFO - [cached since 25.58s ago] (2,)
2026-05-12 23:08:37,899 - sqlalchemy.engine.Engine - INFO - ROLLBACK
2026-05-12 23:08:37,914 - sqlalchemy.engine.Engine - INFO - BEGIN (implicit)
2026-05-12 23:08:37,915 - sqlalchemy.engine.Engine - INFO - 
                SELECT DISTINCT muscle 
                FROM (
                    SELECT jsonb_array_elements_text(primary_muscles) as muscle FROM base_exercise
                    UNION
                    SELECT jsonb_array_elements_text(secondary_muscles) as muscle FROM base_exercise
                ) as combined_muscles
                WHERE muscle IS NOT NULL
                ORDER BY muscle;
            
2026-05-12 23:08:37,915 - sqlalchemy.engine.Engine - INFO - [cached since 25.58s ago] ()
2026-05-12 23:08:37,917 - sqlalchemy.engine.Engine - INFO - ROLLBACK
2026-05-12 23:08:37,923 - sqlalchemy.engine.Engine - INFO - BEGIN (implicit)
2026-05-12 23:08:37,924 - sqlalchemy.engine.Engine - INFO - 
                SELECT DISTINCT muscle 
                FROM (
                    SELECT jsonb_array_elements_text(primary_muscles) as muscle FROM base_exercise
                    UNION
                    SELECT jsonb_array_elements_text(secondary_muscles) as muscle FROM base_exercise
                ) as combined_muscles
                WHERE muscle IS NOT NULL
                ORDER BY muscle;
            
2026-05-12 23:08:37,924 - sqlalchemy.engine.Engine - INFO - [cached since 25.58s ago] ()
2026-05-12 23:08:37,925 - sqlalchemy.engine.Engine - INFO - ROLLBACK
2026-05-12 23:08:49,491 - sqlalchemy.engine.Engine - INFO - BEGIN (implicit)
2026-05-12 23:08:49,492 - sqlalchemy.engine.Engine - INFO - SELECT base_exercise.id, base_exercise.name, base_exercise.force, base_exercise.level, base_exercise.mechanic, base_exercise.equipment, base_exercise.category, base_exercise.primary_muscles, base_exercise.secondary_muscles, base_exercise.instructions, base_exercise.images 
FROM base_exercise 
WHERE (base_exercise.primary_muscles @> $1::JSONB) OR (base_exercise.secondary_muscles @> $2::JSONB)
2026-05-12 23:08:49,492 - sqlalchemy.engine.Engine - INFO - [generated in 0.00024s] ('["\\u80f8\\u808c"]', '["\\u80f8\\u808c"]')
2026-05-12 23:08:49,499 - sqlalchemy.engine.Engine - INFO - ROLLBACK
2026-05-12 23:08:49,505 - sqlalchemy.engine.Engine - INFO - BEGIN (implicit)
2026-05-12 23:08:49,506 - sqlalchemy.engine.Engine - INFO - SELECT base_exercise.id, base_exercise.name, base_exercise.force, base_exercise.level, base_exercise.mechanic, base_exercise.equipment, base_exercise.category, base_exercise.primary_muscles, base_exercise.secondary_muscles, base_exercise.instructions, base_exercise.images 
FROM base_exercise 
WHERE (base_exercise.primary_muscles @> $1::JSONB) OR (base_exercise.secondary_muscles @> $2::JSONB)
2026-05-12 23:08:49,506 - sqlalchemy.engine.Engine - INFO - [cached since 0.01343s ago] ('["\\u80f8\\u808c"]', '["\\u80f8\\u808c"]')
2026-05-12 23:08:49,507 - sqlalchemy.engine.Engine - INFO - ROLLBACK
2026-05-12 23:09:04,335 - sqlalchemy.engine.Engine - INFO - BEGIN (implicit)
2026-05-12 23:09:04,336 - sqlalchemy.engine.Engine - INFO - INSERT INTO planexercise (plan_id, exercise_base_id, order_index, created_at) VALUES ($1::INTEGER, $2::VARCHAR, $3::INTEGER, $4::TIMESTAMP WITHOUT TIME ZONE) RETURNING planexercise.id
2026-05-12 23:09:04,336 - sqlalchemy.engine.Engine - INFO - [generated in 0.00021s] (2, 'Barbell_Bench_Press_-_Medium_Grip', None, datetime.datetime(2026, 5, 12, 23, 9, 4, 334546))
2026-05-12 23:09:04,339 - sqlalchemy.engine.Engine - INFO - COMMIT
2026-05-12 23:09:04,339 - sqlalchemy.engine.Engine - INFO - BEGIN (implicit)
2026-05-12 23:09:04,340 - sqlalchemy.engine.Engine - INFO - SELECT planexercise.id, planexercise.plan_id, planexercise.exercise_base_id, planexercise.order_index, planexercise.created_at 
FROM planexercise 
WHERE planexercise.id = $1::INTEGER
2026-05-12 23:09:04,340 - sqlalchemy.engine.Engine - INFO - [generated in 0.00015s] (1,)
2026-05-12 23:09:04,342 - sqlalchemy.engine.Engine - INFO - ROLLBACK
2026-05-12 23:09:04,352 - sqlalchemy.engine.Engine - INFO - BEGIN (implicit)
2026-05-12 23:09:04,352 - sqlalchemy.engine.Engine - INFO - INSERT INTO planexercise (plan_id, exercise_base_id, order_index, created_at) VALUES ($1::INTEGER, $2::VARCHAR, $3::INTEGER, $4::TIMESTAMP WITHOUT TIME ZONE) RETURNING planexercise.id
2026-05-12 23:09:04,352 - sqlalchemy.engine.Engine - INFO - [cached since 0.01694s ago] (2, 'Butterfly', None, datetime.datetime(2026, 5, 12, 23, 9, 4, 351589))
2026-05-12 23:09:04,354 - sqlalchemy.engine.Engine - INFO - COMMIT
2026-05-12 23:09:04,354 - sqlalchemy.engine.Engine - INFO - BEGIN (implicit)
2026-05-12 23:09:04,354 - sqlalchemy.engine.Engine - INFO - SELECT planexercise.id, planexercise.plan_id, planexercise.exercise_base_id, planexercise.order_index, planexercise.created_at 
FROM planexercise 
WHERE planexercise.id = $1::INTEGER
2026-05-12 23:09:04,354 - sqlalchemy.engine.Engine - INFO - [cached since 0.01437s ago] (2,)
2026-05-12 23:09:04,356 - sqlalchemy.engine.Engine - INFO - ROLLBACK
2026-05-12 23:09:10,592 - httpx - INFO - HTTP Request: GET https://rest.hyperate.io/12A3C "HTTP/1.1 200 OK"
2026-05-12 23:09:12,804 - httpx - INFO - HTTP Request: GET https://rest.hyperate.io/12A3C "HTTP/1.1 200 OK"
2026-05-12 23:09:15,035 - httpx - INFO - HTTP Request: GET https://rest.hyperate.io/12A3C "HTTP/1.1 200 OK"
2026-05-12 23:09:17,234 - httpx - INFO - HTTP Request: GET https://rest.hyperate.io/12A3C "HTTP/1.1 200 OK"
2026-05-12 23:09:19,461 - httpx - INFO - HTTP Request: GET https://rest.hyperate.io/12A3C "HTTP/1.1 200 OK"
2026-05-12 23:09:21,681 - httpx - INFO - HTTP Request: GET https://rest.hyperate.io/12A3C "HTTP/1.1 200 OK"
2026-05-12 23:09:23,898 - httpx - INFO - HTTP Request: GET https://rest.hyperate.io/12A3C "HTTP/1.1 200 OK"
2026-05-12 23:09:26,120 - httpx - INFO - HTTP Request: GET https://rest.hyperate.io/12A3C "HTTP/1.1 200 OK"
2026-05-12 23:09:28,327 - httpx - INFO - HTTP Request: GET https://rest.hyperate.io/12A3C "HTTP/1.1 200 OK"
2026-05-12 23:09:30,545 - httpx - INFO - HTTP Request: GET https://rest.hyperate.io/12A3C "HTTP/1.1 200 OK"
2026-05-12 23:09:32,778 - httpx - INFO - HTTP Request: GET https://rest.hyperate.io/12A3C "HTTP/1.1 200 OK"
2026-05-12 23:09:34,979 - httpx - INFO - HTTP Request: GET https://rest.hyperate.io/12A3C "HTTP/1.1 200 OK"
2026-05-12 23:09:37,198 - httpx - INFO - HTTP Request: GET https://rest.hyperate.io/12A3C "HTTP/1.1 200 OK"
2026-05-12 23:09:39,426 - httpx - INFO - HTTP Request: GET https://rest.hyperate.io/12A3C "HTTP/1.1 200 OK"
2026-05-12 23:09:41,652 - httpx - INFO - HTTP Request: GET https://rest.hyperate.io/12A3C "HTTP/1.1 200 OK"
2026-05-12 23:09:43,878 - httpx - INFO - HTTP Request: GET https://rest.hyperate.io/12A3C "HTTP/1.1 200 OK"
2026-05-12 23:09:46,111 - httpx - INFO - HTTP Request: GET https://rest.hyperate.io/12A3C "HTTP/1.1 200 OK"
2026-05-12 23:09:48,438 - httpx - INFO - HTTP Request: GET https://rest.hyperate.io/12A3C "HTTP/1.1 200 OK"
2026-05-12 23:09:50,655 - httpx - INFO - HTTP Request: GET https://rest.hyperate.io/12A3C "HTTP/1.1 200 OK"
2026-05-12 23:09:52,867 - httpx - INFO - HTTP Request: GET https://rest.hyperate.io/12A3C "HTTP/1.1 200 OK"
2026-05-12 23:09:55,082 - httpx - INFO - HTTP Request: GET https://rest.hyperate.io/12A3C "HTTP/1.1 200 OK"
2026-05-12 23:09:57,313 - httpx - INFO - HTTP Request: GET https://rest.hyperate.io/12A3C "HTTP/1.1 200 OK"
2026-05-12 23:09:59,523 - httpx - INFO - HTTP Request: GET https://rest.hyperate.io/12A3C "HTTP/1.1 200 OK"
2026-05-12 23:10:01,759 - httpx - INFO - HTTP Request: GET https://rest.hyperate.io/12A3C "HTTP/1.1 200 OK"
2026-05-12 23:10:03,991 - httpx - INFO - HTTP Request: GET https://rest.hyperate.io/12A3C "HTTP/1.1 200 OK"
2026-05-12 23:10:06,220 - httpx - INFO - HTTP Request: GET https://rest.hyperate.io/12A3C "HTTP/1.1 200 OK"
2026-05-12 23:10:08,451 - httpx - INFO - HTTP Request: GET https://rest.hyperate.io/12A3C "HTTP/1.1 200 OK"
2026-05-12 23:10:10,673 - httpx - INFO - HTTP Request: GET https://rest.hyperate.io/12A3C "HTTP/1.1 200 OK"
2026-05-12 23:10:12,855 - httpx - INFO - HTTP Request: GET https://rest.hyperate.io/12A3C "HTTP/1.1 200 OK"
2026-05-12 23:10:15,077 - httpx - INFO - HTTP Request: GET https://rest.hyperate.io/12A3C "HTTP/1.1 200 OK"
2026-05-12 23:10:17,277 - httpx - INFO - HTTP Request: GET https://rest.hyperate.io/12A3C "HTTP/1.1 200 OK"
2026-05-12 23:10:19,500 - httpx - INFO - HTTP Request: GET https://rest.hyperate.io/12A3C "HTTP/1.1 200 OK"
2026-05-12 23:10:21,702 - httpx - INFO - HTTP Request: GET https://rest.hyperate.io/12A3C "HTTP/1.1 200 OK"
2026-05-12 23:10:23,925 - httpx - INFO - HTTP Request: GET https://rest.hyperate.io/12A3C "HTTP/1.1 200 OK"
2026-05-12 23:10:26,151 - httpx - INFO - HTTP Request: GET https://rest.hyperate.io/12A3C "HTTP/1.1 200 OK"
2026-05-12 23:10:28,380 - httpx - INFO - HTTP Request: GET https://rest.hyperate.io/12A3C "HTTP/1.1 200 OK"
2026-05-12 23:10:30,613 - httpx - INFO - HTTP Request: GET https://rest.hyperate.io/12A3C "HTTP/1.1 200 OK"
2026-05-12 23:10:32,862 - httpx - INFO - HTTP Request: GET https://rest.hyperate.io/12A3C "HTTP/1.1 200 OK"
2026-05-12 23:10:35,094 - httpx - INFO - HTTP Request: GET https://rest.hyperate.io/12A3C "HTTP/1.1 200 OK"
2026-05-12 23:10:37,305 - httpx - INFO - HTTP Request: GET https://rest.hyperate.io/12A3C "HTTP/1.1 200 OK"
2026-05-12 23:10:39,530 - httpx - INFO - HTTP Request: GET https://rest.hyperate.io/12A3C "HTTP/1.1 200 OK"
2026-05-12 23:10:41,744 - httpx - INFO - HTTP Request: GET https://rest.hyperate.io/12A3C "HTTP/1.1 200 OK"
2026-05-12 23:10:43,978 - httpx - INFO - HTTP Request: GET https://rest.hyperate.io/12A3C "HTTP/1.1 200 OK"
2026-05-12 23:10:46,191 - httpx - INFO - HTTP Request: GET https://rest.hyperate.io/12A3C "HTTP/1.1 200 OK"
2026-05-12 23:10:48,425 - httpx - INFO - HTTP Request: GET https://rest.hyperate.io/12A3C "HTTP/1.1 200 OK"
2026-05-12 23:10:50,659 - httpx - INFO - HTTP Request: GET https://rest.hyperate.io/12A3C "HTTP/1.1 200 OK"
2026-05-12 23:10:52,893 - httpx - INFO - HTTP Request: GET https://rest.hyperate.io/12A3C "HTTP/1.1 200 OK"
2026-05-12 23:10:55,123 - httpx - INFO - HTTP Request: GET https://rest.hyperate.io/12A3C "HTTP/1.1 200 OK"
2026-05-12 23:10:57,337 - httpx - INFO - HTTP Request: GET https://rest.hyperate.io/12A3C "HTTP/1.1 200 OK"
2026-05-12 23:10:59,569 - httpx - INFO - HTTP Request: GET https://rest.hyperate.io/12A3C "HTTP/1.1 200 OK"
2026-05-12 23:11:00,676 - sqlalchemy.engine.Engine - INFO - BEGIN (implicit)
2026-05-12 23:11:00,678 - sqlalchemy.engine.Engine - INFO - SELECT workoutplan.session_id, planexercise.exercise_base_id 
FROM planexercise JOIN workoutplan ON planexercise.plan_id = workoutplan.id 
WHERE planexercise.id = $1::INTEGER
2026-05-12 23:11:00,678 - sqlalchemy.engine.Engine - INFO - [generated in 0.00032s] (1,)
2026-05-12 23:11:00,682 - sqlalchemy.engine.Engine - INFO - SELECT exerciseset.id, exerciseset.exercise_id, exerciseset.weight, exerciseset.reps, exerciseset.peak_hr, exerciseset.rest_hr, exerciseset.score, exerciseset.created_at 
FROM exerciseset JOIN planexercise ON exerciseset.exercise_id = planexercise.id JOIN workoutplan ON planexercise.plan_id = workoutplan.id JOIN base_exercise ON planexercise.exercise_base_id = base_exercise.id 
WHERE workoutplan.session_id = $1::VARCHAR AND planexercise.exercise_base_id = $2::VARCHAR ORDER BY exerciseset.id DESC
 LIMIT ALL OFFSET $3::INTEGER
2026-05-12 23:11:00,682 - sqlalchemy.engine.Engine - INFO - [generated in 0.00025s] ('12A3C', 'Barbell_Bench_Press_-_Medium_Grip', 1)
2026-05-12 23:11:00,687 - sqlalchemy.engine.Engine - INFO - INSERT INTO exerciseset (exercise_id, weight, reps, peak_hr, rest_hr, score, created_at) VALUES ($1::INTEGER, $2::FLOAT, $3::INTEGER, $4::INTEGER, $5::INTEGER, $6::INTEGER, $7::TIMESTAMP WITHOUT TIME ZONE) RETURNING exerciseset.id
2026-05-12 23:11:00,687 - sqlalchemy.engine.Engine - INFO - [generated in 0.00027s] (1, 60.0, 3, 86, 85, 70, datetime.datetime(2026, 5, 12, 23, 11, 0, 685957))
2026-05-12 23:11:00,688 - sqlalchemy.engine.Engine - INFO - COMMIT
2026-05-12 23:11:00,689 - sqlalchemy.engine.Engine - INFO - BEGIN (implicit)
2026-05-12 23:11:00,690 - sqlalchemy.engine.Engine - INFO - SELECT exerciseset.id, exerciseset.exercise_id, exerciseset.weight, exerciseset.reps, exerciseset.peak_hr, exerciseset.rest_hr, exerciseset.score, exerciseset.created_at 
FROM exerciseset 
WHERE exerciseset.id = $1::INTEGER
2026-05-12 23:11:00,690 - sqlalchemy.engine.Engine - INFO - [generated in 0.00015s] (1,)
2026-05-12 23:11:00,691 - sqlalchemy.engine.Engine - INFO - SELECT planexercise.plan_id 
FROM planexercise 
WHERE planexercise.id = $1::INTEGER
2026-05-12 23:11:00,691 - sqlalchemy.engine.Engine - INFO - [generated in 0.00018s] (1,)
2026-05-12 23:11:00,704 - sqlalchemy.engine.Engine - INFO - SELECT "user".session_id, "user".name, "user".age, "user".height, "user".weight 
FROM "user" 
WHERE "user".session_id = $1::VARCHAR
2026-05-12 23:11:00,705 - sqlalchemy.engine.Engine - INFO - [cached since 174.2s ago] ('12A3C',)
2026-05-12 23:11:01,315 - httpx - INFO - HTTP Request: POST https://api.deepseek.com/v1/chat/completions "HTTP/1.1 200 OK"
2026-05-12 23:11:02,271 - sqlalchemy.engine.Engine - INFO - SELECT exerciseset.id, exerciseset.exercise_id, exerciseset.weight, exerciseset.reps, exerciseset.peak_hr, exerciseset.rest_hr, exerciseset.score, exerciseset.created_at 
FROM exerciseset 
WHERE exerciseset.exercise_id = $1::INTEGER ORDER BY exerciseset.id DESC
2026-05-12 23:11:02,271 - sqlalchemy.engine.Engine - INFO - [generated in 0.00022s] (1,)
2026-05-12 23:11:02,273 - sqlalchemy.engine.Engine - INFO - SELECT workoutplan.session_id, planexercise.exercise_base_id 
FROM planexercise JOIN workoutplan ON planexercise.plan_id = workoutplan.id 
WHERE planexercise.id = $1::INTEGER
2026-05-12 23:11:02,274 - sqlalchemy.engine.Engine - INFO - [cached since 1.595s ago] (1,)
2026-05-12 23:11:02,275 - sqlalchemy.engine.Engine - INFO - SELECT exerciseset.id, exerciseset.exercise_id, exerciseset.weight, exerciseset.reps, exerciseset.peak_hr, exerciseset.rest_hr, exerciseset.score, exerciseset.created_at 
FROM exerciseset JOIN planexercise ON exerciseset.exercise_id = planexercise.id JOIN workoutplan ON planexercise.plan_id = workoutplan.id JOIN base_exercise ON planexercise.exercise_base_id = base_exercise.id 
WHERE workoutplan.session_id = $1::VARCHAR AND planexercise.exercise_base_id = $2::VARCHAR ORDER BY exerciseset.id DESC
 LIMIT ALL OFFSET $3::INTEGER
2026-05-12 23:11:02,275 - sqlalchemy.engine.Engine - INFO - [cached since 1.593s ago] ('12A3C', 'Barbell_Bench_Press_-_Medium_Grip', 1)
2026-05-12 23:11:02,588 - httpx - INFO - HTTP Request: POST https://api.deepseek.com/v1/chat/completions "HTTP/1.1 200 OK"
2026-05-12 23:11:11,927 - sqlalchemy.engine.Engine - INFO - ROLLBACK
2026-05-12 23:12:23,099 - FitnessAgent - INFO - 📊 [Training Summary] Plan 2 开始生成总结，消息数: 4
2026-05-12 23:12:23,417 - httpx - INFO - HTTP Request: POST https://api.deepseek.com/v1/chat/completions "HTTP/1.1 200 OK"
2026-05-12 23:12:30,404 - sqlalchemy.engine.Engine - INFO - BEGIN (implicit)
2026-05-12 23:12:30,405 - sqlalchemy.engine.Engine - INFO - INSERT INTO memory_summary (session_id, thread_id, scope, source_message_count, summary_text, summary_json, created_at) VALUES ($1::VARCHAR, $2::VARCHAR, $3::VARCHAR, $4::INTEGER, $5::VARCHAR, $6::JSONB, $7::TIMESTAMP WITHOUT TIME ZONE) RETURNING memory_summary.id
2026-05-12 23:12:30,405 - sqlalchemy.engine.Engine - INFO - [generated in 0.00021s] ('12A3C', '2', 'training', 4, "标题：训练总结 - Plan 2\n摘要：['子豪，今天练得怎么样？咱们来聊聊这次训练的情况吧 😊\\n\\n首先，这次是你第一次记录这个动作，60kg 做 3 次，整体来说强度偏低了。你的峰值心率只有 86 BPM，才达到你最大心率的 44.8%，属于恢复区，心肺几乎没怎么被调动起来。以你 28 ... (212 characters truncated) ... -135 BPM 的有氧区，这样训练效果会明显好很多。组间休息也建议延长到 2 分钟以上，等心率降下来再开始下一组，安全又高效。\\n\\n整体来说，今天是个不错的开始，至少你迈出了记录的第一步！💪 下次稍微加点重量、控制好休息节奏，你会感受到完全不同的训练体验。加油，子豪，期待你下次的表现！']", '{"title": "\\u8bad\\u7ec3\\u603b\\u7ed3 - Plan 2", "summary": ["\\u5b50\\u8c6a\\uff0c\\u4eca\\u5929\\u7ec3\\u5f97\\u600e\\u4e48\\u6837\\uff1f\\u54b1\ ... (2698 characters truncated) ... 5\\u4f60\\u4e0b\\u6b21\\u7684\\u8868\\u73b0\\uff01"], "key_facts": [], "injuries": [], "preferences": [], "goals": [], "risks": [], "next_focus": []}', datetime.datetime(2026, 5, 12, 23, 12, 30, 404577))
2026-05-12 23:12:30,429 - sqlalchemy.engine.Engine - INFO - COMMIT
2026-05-12 23:12:30,430 - sqlalchemy.engine.Engine - INFO - BEGIN (implicit)
2026-05-12 23:12:30,432 - sqlalchemy.engine.Engine - INFO - SELECT memory_summary.id, memory_summary.session_id, memory_summary.thread_id, memory_summary.scope, memory_summary.source_message_count, memory_summary.summary_text, memory_summary.summary_json, memory_summary.created_at 
FROM memory_summary 
WHERE memory_summary.id = $1::INTEGER
2026-05-12 23:12:30,432 - sqlalchemy.engine.Engine - INFO - [generated in 0.00016s] (15,)
2026-05-12 23:12:30,800 - sqlalchemy.engine.Engine - INFO - SELECT workoutplan.id AS workoutplan_id, workoutplan.session_id AS workoutplan_session_id, workoutplan.plan_name AS workoutplan_plan_name, workoutplan.created_at AS workoutplan_created_at, workoutplan.plan_summary AS workoutplan_plan_summary 
FROM workoutplan 
WHERE workoutplan.id = $1::INTEGER
2026-05-12 23:12:30,800 - sqlalchemy.engine.Engine - INFO - [generated in 0.00025s] (2,)
2026-05-12 23:12:30,802 - sqlalchemy.engine.Engine - INFO - UPDATE workoutplan SET plan_summary=$1::VARCHAR WHERE workoutplan.id = $2::INTEGER
2026-05-12 23:12:30,802 - sqlalchemy.engine.Engine - INFO - [generated in 0.00016s] ('子豪，今天练得怎么样？咱们来聊聊这次训练的情况吧 😊\n\n首先，这次是你第一次记录这个动作，60kg 做 3 次，整体来说强度偏低了。你的峰值心率只有 86 BPM，才达到你最大心率的 44.8%，属于恢复区，心肺几乎没怎么被调动起来。以你 28 岁、80kg 的体格来看，这个重量对你来说太轻松 ... (179 characters truncated) ...  115-135 BPM 的有氧区，这样训练效果会明显好很多。组间休息也建议延长到 2 分钟以上，等心率降下来再开始下一组，安全又高效。\n\n整体来说，今天是个不错的开始，至少你迈出了记录的第一步！💪 下次稍微加点重量、控制好休息节奏，你会感受到完全不同的训练体验。加油，子豪，期待你下次的表现！', 2)
2026-05-12 23:12:30,803 - sqlalchemy.engine.Engine - INFO - COMMIT
2026-05-12 23:12:30,804 - sqlalchemy.engine.Engine - INFO - BEGIN (implicit)
2026-05-12 23:12:30,804 - sqlalchemy.engine.Engine - INFO - SELECT workoutplan.id, workoutplan.session_id, workoutplan.plan_name, workoutplan.created_at, workoutplan.plan_summary 
FROM workoutplan 
WHERE workoutplan.id = $1::INTEGER
2026-05-12 23:12:30,804 - sqlalchemy.engine.Engine - INFO - [cached since 258.5s ago] (2,)
2026-05-12 23:12:30,806 - FitnessAgent - INFO - ✅ [Training Summary] Plan 2 总结完成，ID: 15
2026-05-12 23:12:30,807 - sqlalchemy.engine.Engine - INFO - ROLLBACK
2026-05-12 23:12:57,844 - sqlalchemy.engine.Engine - INFO - BEGIN (implicit)
2026-05-12 23:12:57,844 - sqlalchemy.engine.Engine - INFO - SELECT workoutplan.id, workoutplan.session_id, workoutplan.plan_name, workoutplan.created_at, workoutplan.plan_summary 
FROM workoutplan 
WHERE workoutplan.session_id = $1::VARCHAR ORDER BY workoutplan.created_at DESC
2026-05-12 23:12:57,844 - sqlalchemy.engine.Engine - INFO - [cached since 290.2s ago] ('12A3C',)
2026-05-12 23:12:57,846 - sqlalchemy.engine.Engine - INFO - SELECT planexercise.id, planexercise.plan_id, planexercise.exercise_base_id, planexercise.order_index, planexercise.created_at, base_exercise.name 
FROM planexercise JOIN base_exercise ON planexercise.exercise_base_id = base_exercise.id 
WHERE planexercise.plan_id = $1::INTEGER
2026-05-12 23:12:57,847 - sqlalchemy.engine.Engine - INFO - [generated in 0.00032s] (2,)
2026-05-12 23:12:57,848 - sqlalchemy.engine.Engine - INFO - SELECT exerciseset.id, exerciseset.exercise_id, exerciseset.weight, exerciseset.reps, exerciseset.peak_hr, exerciseset.rest_hr, exerciseset.score, exerciseset.created_at 
FROM exerciseset 
WHERE exerciseset.exercise_id = $1::INTEGER ORDER BY exerciseset.id DESC
2026-05-12 23:12:57,849 - sqlalchemy.engine.Engine - INFO - [cached since 115.6s ago] (1,)
2026-05-12 23:12:57,849 - sqlalchemy.engine.Engine - INFO - SELECT exerciseset.id, exerciseset.exercise_id, exerciseset.weight, exerciseset.reps, exerciseset.peak_hr, exerciseset.rest_hr, exerciseset.score, exerciseset.created_at 
FROM exerciseset 
WHERE exerciseset.exercise_id = $1::INTEGER ORDER BY exerciseset.id DESC
2026-05-12 23:12:57,849 - sqlalchemy.engine.Engine - INFO - [cached since 115.6s ago] (2,)
2026-05-12 23:12:57,850 - sqlalchemy.engine.Engine - INFO - SELECT planexercise.id, planexercise.plan_id, planexercise.exercise_base_id, planexercise.order_index, planexercise.created_at, base_exercise.name 
FROM planexercise JOIN base_exercise ON planexercise.exercise_base_id = base_exercise.id 
WHERE planexercise.plan_id = $1::INTEGER
2026-05-12 23:12:57,850 - sqlalchemy.engine.Engine - INFO - [cached since 0.003962s ago] (1,)
2026-05-12 23:12:57,851 - sqlalchemy.engine.Engine - INFO - ROLLBACK
2026-05-12 23:13:58,326 - sqlalchemy.engine.Engine - INFO - BEGIN (implicit)
2026-05-12 23:13:58,327 - sqlalchemy.engine.Engine - INFO - SELECT memory_summary.id, memory_summary.session_id, memory_summary.thread_id, memory_summary.scope, memory_summary.source_message_count, memory_summary.summary_text, memory_summary.summary_json, memory_summary.created_at 
FROM memory_summary 
WHERE memory_summary.session_id = $1::VARCHAR AND memory_summary.scope = $2::VARCHAR ORDER BY memory_summary.created_at DESC 
 LIMIT $3::INTEGER
2026-05-12 23:13:58,327 - sqlalchemy.engine.Engine - INFO - [generated in 0.00020s] ('12A3C', 'training', 3)
2026-05-12 23:13:58,905 - httpx - INFO - HTTP Request: POST https://api.deepseek.com/v1/chat/completions "HTTP/1.1 200 OK"
2026-05-12 23:14:10,892 - sqlalchemy.engine.Engine - INFO - ROLLBACK
2026-05-12 23:14:48,082 - sqlalchemy.engine.Engine - INFO - BEGIN (implicit)
2026-05-12 23:14:48,083 - sqlalchemy.engine.Engine - INFO - SELECT memory_summary.id, memory_summary.session_id, memory_summary.thread_id, memory_summary.scope, memory_summary.source_message_count, memory_summary.summary_text, memory_summary.summary_json, memory_summary.created_at 
FROM memory_summary 
WHERE memory_summary.session_id = $1::VARCHAR AND memory_summary.scope = $2::VARCHAR ORDER BY memory_summary.created_at DESC 
 LIMIT $3::INTEGER
2026-05-12 23:14:48,083 - sqlalchemy.engine.Engine - INFO - [cached since 49.76s ago] ('12A3C', 'training', 3)
2026-05-12 23:14:48,613 - httpx - INFO - HTTP Request: POST https://api.deepseek.com/v1/chat/completions "HTTP/1.1 200 OK"
2026-05-12 23:14:51,501 - sqlalchemy.engine.Engine - INFO - ROLLBACK
2026-05-12 23:15:10,600 - sqlalchemy.engine.Engine - INFO - BEGIN (implicit)
2026-05-12 23:15:10,600 - sqlalchemy.engine.Engine - INFO - SELECT memory_summary.id, memory_summary.session_id, memory_summary.thread_id, memory_summary.scope, memory_summary.source_message_count, memory_summary.summary_text, memory_summary.summary_json, memory_summary.created_at 
FROM memory_summary 
WHERE memory_summary.session_id = $1::VARCHAR AND memory_summary.scope = $2::VARCHAR ORDER BY memory_summary.created_at DESC 
 LIMIT $3::INTEGER
2026-05-12 23:15:10,600 - sqlalchemy.engine.Engine - INFO - [cached since 72.27s ago] ('12A3C', 'training', 3)
2026-05-12 23:15:11,226 - httpx - INFO - HTTP Request: POST https://api.deepseek.com/v1/chat/completions "HTTP/1.1 200 OK"
2026-05-12 23:15:12,776 - sqlalchemy.engine.Engine - INFO - SELECT exerciseset.id, exerciseset.exercise_id, exerciseset.weight, exerciseset.reps, exerciseset.peak_hr, exerciseset.rest_hr, exerciseset.score, exerciseset.created_at 
FROM exerciseset 
WHERE exerciseset.exercise_id = $1::INTEGER ORDER BY exerciseset.id DESC
2026-05-12 23:15:12,776 - sqlalchemy.engine.Engine - INFO - [cached since 250.5s ago] (42,)
2026-05-12 23:15:12,777 - sqlalchemy.engine.Engine - INFO - SELECT workoutplan.session_id, planexercise.exercise_base_id 
FROM planexercise JOIN workoutplan ON planexercise.plan_id = workoutplan.id 
WHERE planexercise.id = $1::INTEGER
2026-05-12 23:15:12,777 - sqlalchemy.engine.Engine - INFO - [cached since 252.1s ago] (42,)
2026-05-12 23:15:13,139 - httpx - INFO - HTTP Request: POST https://api.deepseek.com/v1/chat/completions "HTTP/1.1 200 OK"
2026-05-12 23:15:13,964 - sqlalchemy.engine.Engine - INFO - SELECT exerciseset.id, exerciseset.weight, exerciseset.reps, exerciseset.peak_hr, exerciseset.rest_hr, exerciseset.score, exerciseset.created_at, base_exercise.name AS exercise_name, base_exercise.primary_muscles, base_exercise.equipment 
FROM exerciseset JOIN planexercise ON exerciseset.exercise_id = planexercise.id JOIN workoutplan ON planexercise.plan_id = workoutplan.id JOIN base_exercise ON planexercise.exercise_base_id = base_exercise.id 
WHERE workoutplan.id = $1::INTEGER ORDER BY exerciseset.id
2026-05-12 23:15:13,964 - sqlalchemy.engine.Engine - INFO - [generated in 0.00028s] (10,)
2026-05-12 23:15:14,325 - httpx - INFO - HTTP Request: POST https://api.deepseek.com/v1/chat/completions "HTTP/1.1 200 OK"
2026-05-12 23:15:17,240 - sqlalchemy.engine.Engine - INFO - SELECT exerciseset.id, exerciseset.weight, exerciseset.reps, exerciseset.peak_hr, exerciseset.rest_hr, exerciseset.score, exerciseset.created_at, base_exercise.name AS exercise_name, base_exercise.primary_muscles, base_exercise.equipment 
FROM exerciseset JOIN planexercise ON exerciseset.exercise_id = planexercise.id JOIN workoutplan ON planexercise.plan_id = workoutplan.id JOIN base_exercise ON planexercise.exercise_base_id = base_exercise.id 
WHERE workoutplan.id = $1::INTEGER ORDER BY exerciseset.id
2026-05-12 23:15:17,240 - sqlalchemy.engine.Engine - INFO - [cached since 3.276s ago] (1,)
2026-05-12 23:15:17,241 - sqlalchemy.engine.Engine - INFO - SELECT exerciseset.id, exerciseset.weight, exerciseset.reps, exerciseset.peak_hr, exerciseset.rest_hr, exerciseset.score, exerciseset.created_at, base_exercise.name AS exercise_name, base_exercise.primary_muscles, base_exercise.equipment 
FROM exerciseset JOIN planexercise ON exerciseset.exercise_id = planexercise.id JOIN workoutplan ON planexercise.plan_id = workoutplan.id JOIN base_exercise ON planexercise.exercise_base_id = base_exercise.id 
WHERE workoutplan.id = $1::INTEGER ORDER BY exerciseset.id
2026-05-12 23:15:17,241 - sqlalchemy.engine.Engine - INFO - [cached since 3.277s ago] (2,)
2026-05-12 23:15:17,242 - sqlalchemy.engine.Engine - INFO - SELECT exerciseset.id, exerciseset.weight, exerciseset.reps, exerciseset.peak_hr, exerciseset.rest_hr, exerciseset.score, exerciseset.created_at, base_exercise.name AS exercise_name, base_exercise.primary_muscles, base_exercise.equipment 
FROM exerciseset JOIN planexercise ON exerciseset.exercise_id = planexercise.id JOIN workoutplan ON planexercise.plan_id = workoutplan.id JOIN base_exercise ON planexercise.exercise_base_id = base_exercise.id 
WHERE workoutplan.id = $1::INTEGER ORDER BY exerciseset.id
2026-05-12 23:15:17,242 - sqlalchemy.engine.Engine - INFO - [cached since 3.278s ago] (3,)
2026-05-12 23:15:17,242 - sqlalchemy.engine.Engine - INFO - SELECT exerciseset.id, exerciseset.weight, exerciseset.reps, exerciseset.peak_hr, exerciseset.rest_hr, exerciseset.score, exerciseset.created_at, base_exercise.name AS exercise_name, base_exercise.primary_muscles, base_exercise.equipment 
FROM exerciseset JOIN planexercise ON exerciseset.exercise_id = planexercise.id JOIN workoutplan ON planexercise.plan_id = workoutplan.id JOIN base_exercise ON planexercise.exercise_base_id = base_exercise.id 
WHERE workoutplan.id = $1::INTEGER ORDER BY exerciseset.id
2026-05-12 23:15:17,242 - sqlalchemy.engine.Engine - INFO - [cached since 3.278s ago] (4,)
2026-05-12 23:15:17,242 - sqlalchemy.engine.Engine - INFO - SELECT exerciseset.id, exerciseset.weight, exerciseset.reps, exerciseset.peak_hr, exerciseset.rest_hr, exerciseset.score, exerciseset.created_at, base_exercise.name AS exercise_name, base_exercise.primary_muscles, base_exercise.equipment 
FROM exerciseset JOIN planexercise ON exerciseset.exercise_id = planexercise.id JOIN workoutplan ON planexercise.plan_id = workoutplan.id JOIN base_exercise ON planexercise.exercise_base_id = base_exercise.id 
WHERE workoutplan.id = $1::INTEGER ORDER BY exerciseset.id
2026-05-12 23:15:17,244 - sqlalchemy.engine.Engine - INFO - [cached since 3.279s ago] (5,)
2026-05-12 23:15:17,246 - sqlalchemy.engine.Engine - INFO - SELECT exerciseset.id, exerciseset.weight, exerciseset.reps, exerciseset.peak_hr, exerciseset.rest_hr, exerciseset.score, exerciseset.created_at, base_exercise.name AS exercise_name, base_exercise.primary_muscles, base_exercise.equipment 
FROM exerciseset JOIN planexercise ON exerciseset.exercise_id = planexercise.id JOIN workoutplan ON planexercise.plan_id = workoutplan.id JOIN base_exercise ON planexercise.exercise_base_id = base_exercise.id 
WHERE workoutplan.id = $1::INTEGER ORDER BY exerciseset.id
2026-05-12 23:15:17,246 - sqlalchemy.engine.Engine - INFO - [cached since 3.282s ago] (6,)
2026-05-12 23:15:17,246 - sqlalchemy.engine.Engine - INFO - SELECT exerciseset.id, exerciseset.weight, exerciseset.reps, exerciseset.peak_hr, exerciseset.rest_hr, exerciseset.score, exerciseset.created_at, base_exercise.name AS exercise_name, base_exercise.primary_muscles, base_exercise.equipment 
FROM exerciseset JOIN planexercise ON exerciseset.exercise_id = planexercise.id JOIN workoutplan ON planexercise.plan_id = workoutplan.id JOIN base_exercise ON planexercise.exercise_base_id = base_exercise.id 
WHERE workoutplan.id = $1::INTEGER ORDER BY exerciseset.id
2026-05-12 23:15:17,246 - sqlalchemy.engine.Engine - INFO - [cached since 3.282s ago] (7,)
2026-05-12 23:15:17,247 - sqlalchemy.engine.Engine - INFO - SELECT exerciseset.id, exerciseset.weight, exerciseset.reps, exerciseset.peak_hr, exerciseset.rest_hr, exerciseset.score, exerciseset.created_at, base_exercise.name AS exercise_name, base_exercise.primary_muscles, base_exercise.equipment 
FROM exerciseset JOIN planexercise ON exerciseset.exercise_id = planexercise.id JOIN workoutplan ON planexercise.plan_id = workoutplan.id JOIN base_exercise ON planexercise.exercise_base_id = base_exercise.id 
WHERE workoutplan.id = $1::INTEGER ORDER BY exerciseset.id
2026-05-12 23:15:17,247 - sqlalchemy.engine.Engine - INFO - [cached since 3.283s ago] (8,)
2026-05-12 23:15:17,247 - sqlalchemy.engine.Engine - INFO - SELECT exerciseset.id, exerciseset.weight, exerciseset.reps, exerciseset.peak_hr, exerciseset.rest_hr, exerciseset.score, exerciseset.created_at, base_exercise.name AS exercise_name, base_exercise.primary_muscles, base_exercise.equipment 
FROM exerciseset JOIN planexercise ON exerciseset.exercise_id = planexercise.id JOIN workoutplan ON planexercise.plan_id = workoutplan.id JOIN base_exercise ON planexercise.exercise_base_id = base_exercise.id 
WHERE workoutplan.id = $1::INTEGER ORDER BY exerciseset.id
2026-05-12 23:15:17,247 - sqlalchemy.engine.Engine - INFO - [cached since 3.283s ago] (9,)
2026-05-12 23:15:17,601 - httpx - INFO - HTTP Request: POST https://api.deepseek.com/v1/chat/completions "HTTP/1.1 200 OK"
2026-05-12 23:15:21,517 - sqlalchemy.engine.Engine - INFO - ROLLBACK
2026-05-12 23:16:19,344 - sqlalchemy.engine.Engine - INFO - BEGIN (implicit)
2026-05-12 23:16:19,344 - sqlalchemy.engine.Engine - INFO - SELECT memory_summary.id, memory_summary.session_id, memory_summary.thread_id, memory_summary.scope, memory_summary.source_message_count, memory_summary.summary_text, memory_summary.summary_json, memory_summary.created_at 
FROM memory_summary 
WHERE memory_summary.session_id = $1::VARCHAR AND memory_summary.scope = $2::VARCHAR ORDER BY memory_summary.created_at DESC 
 LIMIT $3::INTEGER
2026-05-12 23:16:19,345 - sqlalchemy.engine.Engine - INFO - [cached since 141s ago] ('12A3C', 'training', 3)
2026-05-12 23:16:19,870 - httpx - INFO - HTTP Request: POST https://api.deepseek.com/v1/chat/completions "HTTP/1.1 200 OK"
2026-05-12 23:16:24,564 - FitnessAgent - INFO - 🔄 [Memory] 找到 6 条新滑出消息，开始滚动融合总结...
2026-05-12 23:16:24,566 - sqlalchemy.engine.Engine - INFO - ROLLBACK
2026-05-12 23:16:24,803 - httpx - INFO - HTTP Request: POST https://api.deepseek.com/v1/chat/completions "HTTP/1.1 200 OK"
2026-05-12 23:16:30,119 - sqlalchemy.engine.Engine - INFO - BEGIN (implicit)
2026-05-12 23:16:30,120 - sqlalchemy.engine.Engine - INFO - INSERT INTO memory_summary (session_id, thread_id, scope, source_message_count, summary_text, summary_json, created_at) VALUES ($1::VARCHAR, $2::VARCHAR, $3::VARCHAR, $4::INTEGER, $5::VARCHAR, $6::JSONB, $7::TIMESTAMP WITHOUT TIME ZONE) RETURNING memory_summary.id
2026-05-12 23:16:30,120 - sqlalchemy.engine.Engine - INFO - [cached since 239.7s ago] ('12A3C', 'chat_12A3C', 'chat', 58, "标题：右斜方肌痛点分析与训练调整\n摘要：['用户右斜方肌出现小点疼痛，可能与卧推时肩胛骨不稳定、手臂训练时耸肩、日常姿势问题或高频率训练恢复不足有关。', '建议暂停上半身训练1-2天，进行温和拉伸和热敷，避免加重疼痛。', '用户坚持当天练背，因此提供了低肩部压力的背部训练方案，包括高位下拉、 ... (145 characters truncated) ... 次，评分40分；3天11练，训练频率高；右斜方肌有一个明确的痛点\n伤痛/不适：右斜方肌小点疼痛\n风险：训练频率过高导致疲劳积累；卧推时肩胛骨不稳定可能加重肩部问题；用户坚持训练可能忽视身体恢复信号\n后续关注：斜方肌疼痛缓解与恢复；低肩压力背部训练执行与反馈；后续训练中注意肩胛骨稳定和动作质量", '{"summary": ["\\u7528\\u6237\\u53f3\\u659c\\u65b9\\u808c\\u51fa\\u73b0\\u5c0f\\u70b9\\u75bc\\u75db\\uff0c\\u53ef\\u80fd\\u4e0e\\u5367\\u63a8\\u65f6\\ ... (2391 characters truncated) ... 4c\\u4e0e\\u53cd\\u9988", "\\u540e\\u7eed\\u8bad\\u7ec3\\u4e2d\\u6ce8\\u610f\\u80a9\\u80db\\u9aa8\\u7a33\\u5b9a\\u548c\\u52a8\\u4f5c\\u8d28\\u91cf"]}', datetime.datetime(2026, 5, 12, 23, 16, 30, 119659))
2026-05-12 23:16:30,121 - sqlalchemy.engine.Engine - INFO - COMMIT
2026-05-12 23:16:30,121 - sqlalchemy.engine.Engine - INFO - BEGIN (implicit)
2026-05-12 23:16:30,122 - sqlalchemy.engine.Engine - INFO - SELECT memory_summary.id, memory_summary.session_id, memory_summary.thread_id, memory_summary.scope, memory_summary.source_message_count, memory_summary.summary_text, memory_summary.summary_json, memory_summary.created_at 
FROM memory_summary 
WHERE memory_summary.id = $1::INTEGER
2026-05-12 23:16:30,122 - sqlalchemy.engine.Engine - INFO - [cached since 239.7s ago] (16,)
2026-05-12 23:16:30,122 - sqlalchemy.engine.Engine - INFO - ROLLBACK
2026-05-12 23:16:30,286 - FitnessAgent - INFO - ✅ [Memory] Checkpoint 状态更新完毕，最新游标已停留在 ID: lc_run--019ddd76-8475-7402-8f43-b0a84e91d479-0
2026-05-12 23:19:53,492 - sqlalchemy.engine.Engine - INFO - BEGIN (implicit)
2026-05-12 23:19:53,492 - sqlalchemy.engine.Engine - INFO - INSERT INTO workoutplan (session_id, plan_name, created_at, plan_summary) VALUES ($1::VARCHAR, $2::VARCHAR, $3::TIMESTAMP WITHOUT TIME ZONE, $4::VARCHAR) RETURNING workoutplan.id
2026-05-12 23:19:53,492 - sqlalchemy.engine.Engine - INFO - [cached since 701.2s ago] ('12A3C', '胸部训练', datetime.datetime(2026, 5, 12, 23, 19, 53, 491506), None)
2026-05-12 23:19:53,494 - sqlalchemy.engine.Engine - INFO - COMMIT
2026-05-12 23:19:53,494 - sqlalchemy.engine.Engine - INFO - BEGIN (implicit)
2026-05-12 23:19:53,494 - sqlalchemy.engine.Engine - INFO - SELECT workoutplan.id, workoutplan.session_id, workoutplan.plan_name, workoutplan.created_at, workoutplan.plan_summary 
FROM workoutplan 
WHERE workoutplan.id = $1::INTEGER
2026-05-12 23:19:53,494 - sqlalchemy.engine.Engine - INFO - [cached since 701.2s ago] (3,)
2026-05-12 23:19:53,495 - sqlalchemy.engine.Engine - INFO - ROLLBACK
2026-05-12 23:19:53,514 - sqlalchemy.engine.Engine - INFO - BEGIN (implicit)
2026-05-12 23:19:53,514 - sqlalchemy.engine.Engine - INFO - 
                SELECT DISTINCT muscle 
                FROM (
                    SELECT jsonb_array_elements_text(primary_muscles) as muscle FROM base_exercise
                    UNION
                    SELECT jsonb_array_elements_text(secondary_muscles) as muscle FROM base_exercise
                ) as combined_muscles
                WHERE muscle IS NOT NULL
                ORDER BY muscle;
            
2026-05-12 23:19:53,514 - sqlalchemy.engine.Engine - INFO - [cached since 701.2s ago] ()
2026-05-12 23:19:53,516 - sqlalchemy.engine.Engine - INFO - ROLLBACK
2026-05-12 23:19:53,522 - sqlalchemy.engine.Engine - INFO - BEGIN (implicit)
2026-05-12 23:19:53,522 - sqlalchemy.engine.Engine - INFO - 
                SELECT DISTINCT muscle 
                FROM (
                    SELECT jsonb_array_elements_text(primary_muscles) as muscle FROM base_exercise
                    UNION
                    SELECT jsonb_array_elements_text(secondary_muscles) as muscle FROM base_exercise
                ) as combined_muscles
                WHERE muscle IS NOT NULL
                ORDER BY muscle;
            
2026-05-12 23:19:53,522 - sqlalchemy.engine.Engine - INFO - [cached since 701.2s ago] ()
2026-05-12 23:19:53,524 - sqlalchemy.engine.Engine - INFO - ROLLBACK
2026-05-12 23:19:56,609 - sqlalchemy.engine.Engine - INFO - BEGIN (implicit)
2026-05-12 23:19:56,610 - sqlalchemy.engine.Engine - INFO - SELECT base_exercise.id, base_exercise.name, base_exercise.force, base_exercise.level, base_exercise.mechanic, base_exercise.equipment, base_exercise.category, base_exercise.primary_muscles, base_exercise.secondary_muscles, base_exercise.instructions, base_exercise.images 
FROM base_exercise 
WHERE (base_exercise.primary_muscles @> $1::JSONB) OR (base_exercise.secondary_muscles @> $2::JSONB)
2026-05-12 23:19:56,610 - sqlalchemy.engine.Engine - INFO - [cached since 667.1s ago] ('["\\u80f8\\u808c"]', '["\\u80f8\\u808c"]')
2026-05-12 23:19:56,612 - sqlalchemy.engine.Engine - INFO - ROLLBACK
2026-05-12 23:19:56,621 - sqlalchemy.engine.Engine - INFO - BEGIN (implicit)
2026-05-12 23:19:56,621 - sqlalchemy.engine.Engine - INFO - SELECT base_exercise.id, base_exercise.name, base_exercise.force, base_exercise.level, base_exercise.mechanic, base_exercise.equipment, base_exercise.category, base_exercise.primary_muscles, base_exercise.secondary_muscles, base_exercise.instructions, base_exercise.images 
FROM base_exercise 
WHERE (base_exercise.primary_muscles @> $1::JSONB) OR (base_exercise.secondary_muscles @> $2::JSONB)
2026-05-12 23:19:56,621 - sqlalchemy.engine.Engine - INFO - [cached since 667.1s ago] ('["\\u80f8\\u808c"]', '["\\u80f8\\u808c"]')
2026-05-12 23:19:56,624 - sqlalchemy.engine.Engine - INFO - ROLLBACK
2026-05-12 23:19:59,819 - sqlalchemy.engine.Engine - INFO - BEGIN (implicit)
2026-05-12 23:19:59,819 - sqlalchemy.engine.Engine - INFO - INSERT INTO planexercise (plan_id, exercise_base_id, order_index, created_at) VALUES ($1::INTEGER, $2::VARCHAR, $3::INTEGER, $4::TIMESTAMP WITHOUT TIME ZONE) RETURNING planexercise.id
2026-05-12 23:19:59,820 - sqlalchemy.engine.Engine - INFO - [cached since 655.5s ago] (3, 'Barbell_Bench_Press_-_Medium_Grip', None, datetime.datetime(2026, 5, 12, 23, 19, 59, 818547))
2026-05-12 23:19:59,821 - sqlalchemy.engine.Engine - INFO - COMMIT
2026-05-12 23:19:59,822 - sqlalchemy.engine.Engine - INFO - BEGIN (implicit)
2026-05-12 23:19:59,824 - sqlalchemy.engine.Engine - INFO - SELECT planexercise.id, planexercise.plan_id, planexercise.exercise_base_id, planexercise.order_index, planexercise.created_at 
FROM planexercise 
WHERE planexercise.id = $1::INTEGER
2026-05-12 23:19:59,824 - sqlalchemy.engine.Engine - INFO - [cached since 655.5s ago] (3,)
2026-05-12 23:19:59,825 - sqlalchemy.engine.Engine - INFO - ROLLBACK
2026-05-12 23:20:02,198 - httpx - INFO - HTTP Request: GET https://rest.hyperate.io/12A3C "HTTP/1.1 200 OK"
2026-05-12 23:20:04,423 - httpx - INFO - HTTP Request: GET https://rest.hyperate.io/12A3C "HTTP/1.1 200 OK"
2026-05-12 23:20:06,652 - httpx - INFO - HTTP Request: GET https://rest.hyperate.io/12A3C "HTTP/1.1 200 OK"
2026-05-12 23:20:08,872 - httpx - INFO - HTTP Request: GET https://rest.hyperate.io/12A3C "HTTP/1.1 200 OK"
2026-05-12 23:20:11,095 - httpx - INFO - HTTP Request: GET https://rest.hyperate.io/12A3C "HTTP/1.1 200 OK"
2026-05-12 23:20:13,335 - httpx - INFO - HTTP Request: GET https://rest.hyperate.io/12A3C "HTTP/1.1 200 OK"
2026-05-12 23:20:15,554 - httpx - INFO - HTTP Request: GET https://rest.hyperate.io/12A3C "HTTP/1.1 200 OK"
2026-05-12 23:20:17,767 - httpx - INFO - HTTP Request: GET https://rest.hyperate.io/12A3C "HTTP/1.1 200 OK"
2026-05-12 23:20:19,966 - httpx - INFO - HTTP Request: GET https://rest.hyperate.io/12A3C "HTTP/1.1 200 OK"
2026-05-12 23:20:22,190 - httpx - INFO - HTTP Request: GET https://rest.hyperate.io/12A3C "HTTP/1.1 200 OK"
2026-05-12 23:20:24,401 - httpx - INFO - HTTP Request: GET https://rest.hyperate.io/12A3C "HTTP/1.1 200 OK"
2026-05-12 23:20:26,619 - httpx - INFO - HTTP Request: GET https://rest.hyperate.io/12A3C "HTTP/1.1 200 OK"
2026-05-12 23:20:28,824 - httpx - INFO - HTTP Request: GET https://rest.hyperate.io/12A3C "HTTP/1.1 200 OK"
2026-05-12 23:20:31,035 - httpx - INFO - HTTP Request: GET https://rest.hyperate.io/12A3C "HTTP/1.1 200 OK"
2026-05-12 23:20:33,273 - httpx - INFO - HTTP Request: GET https://rest.hyperate.io/12A3C "HTTP/1.1 200 OK"
2026-05-12 23:20:35,501 - httpx - INFO - HTTP Request: GET https://rest.hyperate.io/12A3C "HTTP/1.1 200 OK"
2026-05-12 23:20:37,719 - httpx - INFO - HTTP Request: GET https://rest.hyperate.io/12A3C "HTTP/1.1 200 OK"
2026-05-12 23:20:39,937 - httpx - INFO - HTTP Request: GET https://rest.hyperate.io/12A3C "HTTP/1.1 200 OK"
2026-05-12 23:20:42,158 - httpx - INFO - HTTP Request: GET https://rest.hyperate.io/12A3C "HTTP/1.1 200 OK"
2026-05-12 23:20:44,383 - httpx - INFO - HTTP Request: GET https://rest.hyperate.io/12A3C "HTTP/1.1 200 OK"
2026-05-12 23:20:46,612 - httpx - INFO - HTTP Request: GET https://rest.hyperate.io/12A3C "HTTP/1.1 200 OK"
2026-05-12 23:20:48,834 - httpx - INFO - HTTP Request: GET https://rest.hyperate.io/12A3C "HTTP/1.1 200 OK"
2026-05-12 23:20:51,034 - httpx - INFO - HTTP Request: GET https://rest.hyperate.io/12A3C "HTTP/1.1 200 OK"
2026-05-12 23:20:53,271 - httpx - INFO - HTTP Request: GET https://rest.hyperate.io/12A3C "HTTP/1.1 200 OK"
2026-05-12 23:20:55,502 - httpx - INFO - HTTP Request: GET https://rest.hyperate.io/12A3C "HTTP/1.1 200 OK"
2026-05-12 23:20:57,734 - httpx - INFO - HTTP Request: GET https://rest.hyperate.io/12A3C "HTTP/1.1 200 OK"
2026-05-12 23:20:59,956 - httpx - INFO - HTTP Request: GET https://rest.hyperate.io/12A3C "HTTP/1.1 200 OK"
2026-05-12 23:21:02,178 - httpx - INFO - HTTP Request: GET https://rest.hyperate.io/12A3C "HTTP/1.1 200 OK"
2026-05-12 23:21:04,401 - httpx - INFO - HTTP Request: GET https://rest.hyperate.io/12A3C "HTTP/1.1 200 OK"
2026-05-12 23:21:06,623 - httpx - INFO - HTTP Request: GET https://rest.hyperate.io/12A3C "HTTP/1.1 200 OK"
2026-05-12 23:21:08,822 - httpx - INFO - HTTP Request: GET https://rest.hyperate.io/12A3C "HTTP/1.1 200 OK"
2026-05-12 23:21:11,030 - httpx - INFO - HTTP Request: GET https://rest.hyperate.io/12A3C "HTTP/1.1 200 OK"
2026-05-12 23:21:13,252 - httpx - INFO - HTTP Request: GET https://rest.hyperate.io/12A3C "HTTP/1.1 200 OK"
2026-05-12 23:21:15,467 - httpx - INFO - HTTP Request: GET https://rest.hyperate.io/12A3C "HTTP/1.1 200 OK"
2026-05-12 23:21:17,693 - httpx - INFO - HTTP Request: GET https://rest.hyperate.io/12A3C "HTTP/1.1 200 OK"
2026-05-12 23:21:19,915 - httpx - INFO - HTTP Request: GET https://rest.hyperate.io/12A3C "HTTP/1.1 200 OK"
2026-05-12 23:21:22,123 - httpx - INFO - HTTP Request: GET https://rest.hyperate.io/12A3C "HTTP/1.1 200 OK"
2026-05-12 23:21:24,345 - httpx - INFO - HTTP Request: GET https://rest.hyperate.io/12A3C "HTTP/1.1 200 OK"
2026-05-12 23:21:26,569 - httpx - INFO - HTTP Request: GET https://rest.hyperate.io/12A3C "HTTP/1.1 200 OK"
2026-05-12 23:21:28,805 - httpx - INFO - HTTP Request: GET https://rest.hyperate.io/12A3C "HTTP/1.1 200 OK"
2026-05-12 23:21:31,038 - httpx - INFO - HTTP Request: GET https://rest.hyperate.io/12A3C "HTTP/1.1 200 OK"
2026-05-12 23:21:33,248 - httpx - INFO - HTTP Request: GET https://rest.hyperate.io/12A3C "HTTP/1.1 200 OK"
2026-05-12 23:21:35,473 - httpx - INFO - HTTP Request: GET https://rest.hyperate.io/12A3C "HTTP/1.1 200 OK"
2026-05-12 23:21:37,697 - httpx - INFO - HTTP Request: GET https://rest.hyperate.io/12A3C "HTTP/1.1 200 OK"
2026-05-12 23:21:39,914 - httpx - INFO - HTTP Request: GET https://rest.hyperate.io/12A3C "HTTP/1.1 200 OK"
2026-05-12 23:21:42,126 - httpx - INFO - HTTP Request: GET https://rest.hyperate.io/12A3C "HTTP/1.1 200 OK"
2026-05-12 23:21:44,336 - httpx - INFO - HTTP Request: GET https://rest.hyperate.io/12A3C "HTTP/1.1 200 OK"
2026-05-12 23:21:46,569 - httpx - INFO - HTTP Request: GET https://rest.hyperate.io/12A3C "HTTP/1.1 200 OK"
2026-05-12 23:21:48,792 - httpx - INFO - HTTP Request: GET https://rest.hyperate.io/12A3C "HTTP/1.1 200 OK"
2026-05-12 23:21:51,013 - httpx - INFO - HTTP Request: GET https://rest.hyperate.io/12A3C "HTTP/1.1 200 OK"
2026-05-12 23:21:53,236 - httpx - INFO - HTTP Request: GET https://rest.hyperate.io/12A3C "HTTP/1.1 200 OK"
2026-05-12 23:21:55,471 - httpx - INFO - HTTP Request: GET https://rest.hyperate.io/12A3C "HTTP/1.1 200 OK"
2026-05-12 23:21:57,709 - httpx - INFO - HTTP Request: GET https://rest.hyperate.io/12A3C "HTTP/1.1 200 OK"
2026-05-12 23:21:59,936 - httpx - INFO - HTTP Request: GET https://rest.hyperate.io/12A3C "HTTP/1.1 200 OK"
2026-05-12 23:22:02,142 - httpx - INFO - HTTP Request: GET https://rest.hyperate.io/12A3C "HTTP/1.1 200 OK"
2026-05-12 23:22:04,363 - httpx - INFO - HTTP Request: GET https://rest.hyperate.io/12A3C "HTTP/1.1 200 OK"
2026-05-12 23:22:06,599 - httpx - INFO - HTTP Request: GET https://rest.hyperate.io/12A3C "HTTP/1.1 200 OK"
2026-05-12 23:22:08,837 - httpx - INFO - HTTP Request: GET https://rest.hyperate.io/12A3C "HTTP/1.1 200 OK"
2026-05-12 23:22:11,051 - httpx - INFO - HTTP Request: GET https://rest.hyperate.io/12A3C "HTTP/1.1 200 OK"
2026-05-12 23:22:13,277 - httpx - INFO - HTTP Request: GET https://rest.hyperate.io/12A3C "HTTP/1.1 200 OK"
2026-05-12 23:22:15,497 - httpx - INFO - HTTP Request: GET https://rest.hyperate.io/12A3C "HTTP/1.1 200 OK"
2026-05-12 23:22:17,689 - httpx - INFO - HTTP Request: GET https://rest.hyperate.io/12A3C "HTTP/1.1 200 OK"
2026-05-12 23:22:19,912 - httpx - INFO - HTTP Request: GET https://rest.hyperate.io/12A3C "HTTP/1.1 200 OK"
2026-05-12 23:22:21,649 - sqlalchemy.engine.Engine - INFO - BEGIN (implicit)
2026-05-12 23:22:21,649 - sqlalchemy.engine.Engine - INFO - SELECT workoutplan.session_id, planexercise.exercise_base_id 
FROM planexercise JOIN workoutplan ON planexercise.plan_id = workoutplan.id 
WHERE planexercise.id = $1::INTEGER
2026-05-12 23:22:21,649 - sqlalchemy.engine.Engine - INFO - [cached since 681s ago] (3,)
2026-05-12 23:22:21,650 - sqlalchemy.engine.Engine - INFO - SELECT exerciseset.id, exerciseset.exercise_id, exerciseset.weight, exerciseset.reps, exerciseset.peak_hr, exerciseset.rest_hr, exerciseset.score, exerciseset.created_at 
FROM exerciseset JOIN planexercise ON exerciseset.exercise_id = planexercise.id JOIN workoutplan ON planexercise.plan_id = workoutplan.id JOIN base_exercise ON planexercise.exercise_base_id = base_exercise.id 
WHERE workoutplan.session_id = $1::VARCHAR AND planexercise.exercise_base_id = $2::VARCHAR ORDER BY exerciseset.id DESC
 LIMIT ALL OFFSET $3::INTEGER
2026-05-12 23:22:21,651 - sqlalchemy.engine.Engine - INFO - [cached since 681s ago] ('12A3C', 'Barbell_Bench_Press_-_Medium_Grip', 1)
2026-05-12 23:22:21,652 - sqlalchemy.engine.Engine - INFO - INSERT INTO exerciseset (exercise_id, weight, reps, peak_hr, rest_hr, score, created_at) VALUES ($1::INTEGER, $2::FLOAT, $3::INTEGER, $4::INTEGER, $5::INTEGER, $6::INTEGER, $7::TIMESTAMP WITHOUT TIME ZONE) RETURNING exerciseset.id
2026-05-12 23:22:21,652 - sqlalchemy.engine.Engine - INFO - [cached since 681s ago] (3, 60.0, 3, 93, 74, 10, datetime.datetime(2026, 5, 12, 23, 22, 21, 652589))
2026-05-12 23:22:21,652 - sqlalchemy.engine.Engine - INFO - COMMIT
2026-05-12 23:22:21,655 - sqlalchemy.engine.Engine - INFO - BEGIN (implicit)
2026-05-12 23:22:21,655 - sqlalchemy.engine.Engine - INFO - SELECT exerciseset.id, exerciseset.exercise_id, exerciseset.weight, exerciseset.reps, exerciseset.peak_hr, exerciseset.rest_hr, exerciseset.score, exerciseset.created_at 
FROM exerciseset 
WHERE exerciseset.id = $1::INTEGER
2026-05-12 23:22:21,655 - sqlalchemy.engine.Engine - INFO - [cached since 681s ago] (2,)
2026-05-12 23:22:21,656 - sqlalchemy.engine.Engine - INFO - SELECT planexercise.plan_id 
FROM planexercise 
WHERE planexercise.id = $1::INTEGER
2026-05-12 23:22:21,656 - sqlalchemy.engine.Engine - INFO - [cached since 681s ago] (3,)
2026-05-12 23:22:21,667 - sqlalchemy.engine.Engine - INFO - SELECT "user".session_id, "user".name, "user".age, "user".height, "user".weight 
FROM "user" 
WHERE "user".session_id = $1::VARCHAR
2026-05-12 23:22:21,667 - sqlalchemy.engine.Engine - INFO - [cached since 855.1s ago] ('12A3C',)
2026-05-12 23:22:22,182 - httpx - INFO - HTTP Request: POST https://api.deepseek.com/v1/chat/completions "HTTP/1.1 200 OK"
2026-05-12 23:22:24,244 - sqlalchemy.engine.Engine - INFO - SELECT exerciseset.id, exerciseset.exercise_id, exerciseset.weight, exerciseset.reps, exerciseset.peak_hr, exerciseset.rest_hr, exerciseset.score, exerciseset.created_at 
FROM exerciseset 
WHERE exerciseset.exercise_id = $1::INTEGER ORDER BY exerciseset.id DESC
2026-05-12 23:22:24,244 - sqlalchemy.engine.Engine - INFO - [cached since 682s ago] (3,)
2026-05-12 23:22:24,246 - sqlalchemy.engine.Engine - INFO - SELECT workoutplan.session_id, planexercise.exercise_base_id 
FROM planexercise JOIN workoutplan ON planexercise.plan_id = workoutplan.id 
WHERE planexercise.id = $1::INTEGER
2026-05-12 23:22:24,246 - sqlalchemy.engine.Engine - INFO - [cached since 683.6s ago] (3,)
2026-05-12 23:22:24,247 - sqlalchemy.engine.Engine - INFO - SELECT exerciseset.id, exerciseset.exercise_id, exerciseset.weight, exerciseset.reps, exerciseset.peak_hr, exerciseset.rest_hr, exerciseset.score, exerciseset.created_at 
FROM exerciseset JOIN planexercise ON exerciseset.exercise_id = planexercise.id JOIN workoutplan ON planexercise.plan_id = workoutplan.id JOIN base_exercise ON planexercise.exercise_base_id = base_exercise.id 
WHERE workoutplan.session_id = $1::VARCHAR AND planexercise.exercise_base_id = $2::VARCHAR ORDER BY exerciseset.id DESC
 LIMIT ALL OFFSET $3::INTEGER
2026-05-12 23:22:24,247 - sqlalchemy.engine.Engine - INFO - [cached since 683.6s ago] ('12A3C', 'Barbell_Bench_Press_-_Medium_Grip', 1)
2026-05-12 23:22:24,457 - httpx - INFO - HTTP Request: POST https://api.deepseek.com/v1/chat/completions "HTTP/1.1 200 OK"
2026-05-12 23:22:31,394 - sqlalchemy.engine.Engine - INFO - ROLLBACK
2026-05-12 23:23:20,204 - FitnessAgent - INFO - 📊 [Training Summary] Plan 3 开始生成总结，消息数: 4
2026-05-12 23:23:20,558 - httpx - INFO - HTTP Request: POST https://api.deepseek.com/v1/chat/completions "HTTP/1.1 200 OK"
2026-05-12 23:23:26,479 - sqlalchemy.engine.Engine - INFO - BEGIN (implicit)
2026-05-12 23:23:26,480 - sqlalchemy.engine.Engine - INFO - INSERT INTO memory_summary (session_id, thread_id, scope, source_message_count, summary_text, summary_json, created_at) VALUES ($1::VARCHAR, $2::VARCHAR, $3::VARCHAR, $4::INTEGER, $5::VARCHAR, $6::JSONB, $7::TIMESTAMP WITHOUT TIME ZONE) RETURNING memory_summary.id
2026-05-12 23:23:26,480 - sqlalchemy.engine.Engine - INFO - [cached since 656.1s ago] ('12A3C', '3', 'training', 4, "标题：训练总结 - Plan 3\n摘要：['子豪，今天这组训练整体来看完成得挺轻松的 💪 60kg做3次对你来说基本没什么压力，峰值心率才93，连燃脂区都没进，说明这个重量对你现在的体能水平来说确实偏低了。\\n\\n不过有个小细节想跟你聊聊——对比上次同样60kg×3次的数据，你这次的心率从8 ... (136 characters truncated) ... 全有能力上更大的强度。\\n\\n下次训练建议你直接加到70-75kg试试，或者保持60kg但把次数提到8-10次，让心率真正燃起来。组间休息也可以缩短到60秒，保持训练的紧凑感。你现在的身体底子不错，稍微加点量效果会更明显。\\n\\n继续加油，子豪！下次咱们争取让心率飙一飙，练得更过瘾 🔥']", '{"title": "\\u8bad\\u7ec3\\u603b\\u7ed3 - Plan 3", "summary": ["\\u5b50\\u8c6a\\uff0c\\u4eca\\u5929\\u8fd9\\u7ec4\\u8bad\\u7ec3\\u6574\\u4f53\\u6765\ ... (2359 characters truncated) ... \\u7ec3\\u5f97\\u66f4\\u8fc7\\u763e \\ud83d\\udd25"], "key_facts": [], "injuries": [], "preferences": [], "goals": [], "risks": [], "next_focus": []}', datetime.datetime(2026, 5, 12, 23, 23, 26, 479265))
2026-05-12 23:23:26,481 - sqlalchemy.engine.Engine - INFO - COMMIT
2026-05-12 23:23:26,482 - sqlalchemy.engine.Engine - INFO - BEGIN (implicit)
2026-05-12 23:23:26,482 - sqlalchemy.engine.Engine - INFO - SELECT memory_summary.id, memory_summary.session_id, memory_summary.thread_id, memory_summary.scope, memory_summary.source_message_count, memory_summary.summary_text, memory_summary.summary_json, memory_summary.created_at 
FROM memory_summary 
WHERE memory_summary.id = $1::INTEGER
2026-05-12 23:23:26,482 - sqlalchemy.engine.Engine - INFO - [cached since 656.1s ago] (17,)
2026-05-12 23:23:26,562 - sqlalchemy.engine.Engine - INFO - SELECT workoutplan.id AS workoutplan_id, workoutplan.session_id AS workoutplan_session_id, workoutplan.plan_name AS workoutplan_plan_name, workoutplan.created_at AS workoutplan_created_at, workoutplan.plan_summary AS workoutplan_plan_summary 
FROM workoutplan 
WHERE workoutplan.id = $1::INTEGER
2026-05-12 23:23:26,562 - sqlalchemy.engine.Engine - INFO - [cached since 655.8s ago] (3,)
2026-05-12 23:23:26,563 - sqlalchemy.engine.Engine - INFO - UPDATE workoutplan SET plan_summary=$1::VARCHAR WHERE workoutplan.id = $2::INTEGER
2026-05-12 23:23:26,563 - sqlalchemy.engine.Engine - INFO - [cached since 655.8s ago] ('子豪，今天这组训练整体来看完成得挺轻松的 💪 60kg做3次对你来说基本没什么压力，峰值心率才93，连燃脂区都没进，说明这个重量对你现在的体能水平来说确实偏低了。\n\n不过有个小细节想跟你聊聊——对比上次同样60kg×3次的数据，你这次的心率从86升到了93，虽然幅度不大，但同等负荷下心率往上走 ... (103 characters truncated) ... 这也说明你完全有能力上更大的强度。\n\n下次训练建议你直接加到70-75kg试试，或者保持60kg但把次数提到8-10次，让心率真正燃起来。组间休息也可以缩短到60秒，保持训练的紧凑感。你现在的身体底子不错，稍微加点量效果会更明显。\n\n继续加油，子豪！下次咱们争取让心率飙一飙，练得更过瘾 🔥', 3)
2026-05-12 23:23:26,564 - sqlalchemy.engine.Engine - INFO - COMMIT
2026-05-12 23:23:26,564 - sqlalchemy.engine.Engine - INFO - BEGIN (implicit)
2026-05-12 23:23:26,564 - sqlalchemy.engine.Engine - INFO - SELECT workoutplan.id, workoutplan.session_id, workoutplan.plan_name, workoutplan.created_at, workoutplan.plan_summary 
FROM workoutplan 
WHERE workoutplan.id = $1::INTEGER
2026-05-12 23:23:26,564 - sqlalchemy.engine.Engine - INFO - [cached since 914.2s ago] (3,)
2026-05-12 23:23:26,565 - FitnessAgent - INFO - ✅ [Training Summary] Plan 3 总结完成，ID: 17
2026-05-12 23:23:26,566 - sqlalchemy.engine.Engine - INFO - ROLLBACK
2026-05-12 23:33:15,423 - sqlalchemy.engine.Engine - INFO - BEGIN (implicit)
2026-05-12 23:33:15,424 - sqlalchemy.engine.Engine - INFO - SELECT memory_summary.id, memory_summary.session_id, memory_summary.thread_id, memory_summary.scope, memory_summary.source_message_count, memory_summary.summary_text, memory_summary.summary_json, memory_summary.created_at 
FROM memory_summary 
WHERE memory_summary.session_id = $1::VARCHAR AND memory_summary.scope = $2::VARCHAR ORDER BY memory_summary.created_at DESC 
 LIMIT $3::INTEGER
2026-05-12 23:33:15,424 - sqlalchemy.engine.Engine - INFO - [cached since 1157s ago] ('12A3C', 'training', 3)
2026-05-12 23:33:15,989 - httpx - INFO - HTTP Request: POST https://api.deepseek.com/v1/chat/completions "HTTP/1.1 200 OK"
2026-05-12 23:33:18,691 - sqlalchemy.engine.Engine - INFO - ROLLBACK
